2025-06-10 14:33:43,155 - INFO - bot.services.ipfs_factory - Using Pinata storage
2025-06-10 14:33:43,164 - INFO - bot.services.pinata - Кэш загружен, 10 записей
2025-06-10 14:33:43,164 - INFO - __main__ - 🔧 Инициализирован загрузчик: SecurePinataUploader
2025-06-10 14:33:43,164 - INFO - __main__ - 📊 Найдено файлов для обработки: 30
2025-06-10 14:33:43,171 - INFO - __main__ - 🚀 Загружаем Lions Main — Powder.jpeg (размер: 229.2KB, тип: image/jpeg)
2025-06-10 14:33:43,171 - INFO - bot.services.pinata - Начинаем загрузку в IPFS: bot/catalog/Lions Main — Powder.jpeg
2025-06-10 14:33:43,174 - DEBUG - bot.services.pinata - SHA-256 хеш файла: 25f70cfefbd4c9da21d5442b30743d1a2daddfb66ed250c7f1f7f7e3268680b5
2025-06-10 14:33:43,174 - INFO - bot.services.pinata - Загружаем файл: Lions Main — Powder.jpeg
2025-06-10 14:33:43,244 - DEBUG - urllib3.connectionpool - Starting new HTTPS connection (1): api.pinata.cloud:443
2025-06-10 14:33:44,733 - DEBUG - urllib3.connectionpool - https://api.pinata.cloud:443 "POST /pinning/pinFileToIPFS HTTP/1.1" 200 290
2025-06-10 14:33:44,735 - INFO - bot.services.pinata - Метрики сохранены в metrics/pinata_metrics_20250610_143344.json
2025-06-10 14:33:44,735 - INFO - bot.services.pinata - Успешно получен CID: QmTU5LpEp2qDBpCiWnZHEDuUK7BES3gm8wNWihn7ShqjAv
2025-06-10 14:33:44,736 - DEBUG - bot.services.pinata - Кэш сохранен
2025-06-10 14:33:44,736 - INFO - __main__ - ✅ Загружен Lions Main — Powder.jpeg -> QmTU5LpEp2qDBpCiWnZHEDuUK7BES3gm8wNWihn7ShqjAv за 1.6с
2025-06-10 14:33:44,736 - WARNING - __main__ - ⚠️ Пропуск upload_log.csv: Недопустимый тип файла: text/csv
2025-06-10 14:33:44,737 - WARNING - __main__ - ⚠️ Пропуск organic_descriptions.json: Недопустимый тип файла: application/json
2025-06-10 14:33:44,737 - INFO - __main__ - 🚀 Загружаем Amanita — Closed hats.jpeg (размер: 333.8KB, тип: image/jpeg)
2025-06-10 14:33:44,737 - INFO - bot.services.pinata - Начинаем загрузку в IPFS: bot/catalog/Amanita — Closed hats.jpeg
2025-06-10 14:33:44,739 - DEBUG - bot.services.pinata - SHA-256 хеш файла: d59699ba4c1ee0d608111826d9de0ef10be56c89c5dd163c5e053c9021283d3c
2025-06-10 14:33:44,739 - INFO - bot.services.pinata - Загружаем файл: Amanita — Closed hats.jpeg
2025-06-10 14:33:44,739 - DEBUG - bot.services.pinata - Rate limiting: sleeping for 0.43 seconds
2025-06-10 14:33:45,179 - DEBUG - urllib3.connectionpool - Starting new HTTPS connection (1): api.pinata.cloud:443
2025-06-10 14:33:46,189 - DEBUG - urllib3.connectionpool - https://api.pinata.cloud:443 "POST /pinning/pinFileToIPFS HTTP/1.1" 200 292
2025-06-10 14:33:46,189 - INFO - bot.services.pinata - Успешно получен CID: QmbTBHeByJwUP9JyTo2GcHzj1YwzVww6zXrEDFt3zgdwQ1
2025-06-10 14:33:46,190 - DEBUG - bot.services.pinata - Кэш сохранен
2025-06-10 14:33:46,190 - INFO - __main__ - ✅ Загружен Amanita — Closed hats.jpeg -> QmbTBHeByJwUP9JyTo2GcHzj1YwzVww6zXrEDFt3zgdwQ1 за 1.5с
2025-06-10 14:33:46,190 - WARNING - __main__ - ⚠️ Пропуск upload_catalog.log: Недопустимый тип файла: text/plain
2025-06-10 14:33:46,190 - WARNING - __main__ - ⚠️ Пропуск product_registry_upload_data.json: Недопустимый тип файла: application/json
2025-06-10 14:33:46,190 - WARNING - __main__ - ⚠️ Пропуск catalog2.json: Недопустимый тип файла: application/json
2025-06-10 14:33:46,190 - WARNING - __main__ - ⚠️ Пропуск catalog_images.json: Недопустимый тип файла: application/json
2025-06-10 14:33:46,190 - INFO - __main__ - 🚀 Загружаем Blue Lotus.jpeg (размер: 317.3KB, тип: image/jpeg)
2025-06-10 14:33:46,190 - INFO - bot.services.pinata - Начинаем загрузку в IPFS: bot/catalog/Blue Lotus.jpeg
2025-06-10 14:33:46,192 - DEBUG - bot.services.pinata - SHA-256 хеш файла: ba7c12a6ce8c200e2b634a51406fdca97fc522332a107ff965d37ef88faf0178
2025-06-10 14:33:46,192 - INFO - bot.services.pinata - Загружаем файл: Blue Lotus.jpeg
2025-06-10 14:33:46,192 - DEBUG - bot.services.pinata - Rate limiting: sleeping for 0.99 seconds
2025-06-10 14:33:47,180 - DEBUG - urllib3.connectionpool - Starting new HTTPS connection (1): api.pinata.cloud:443
2025-06-10 14:33:48,215 - DEBUG - urllib3.connectionpool - https://api.pinata.cloud:443 "POST /pinning/pinFileToIPFS HTTP/1.1" 200 279
2025-06-10 14:33:48,215 - INFO - bot.services.pinata - Успешно получен CID: QmT5RC6Q6MRRF3YoDcXmKamKntXT6oSvxk3G2aLDkPc17T
2025-06-10 14:33:48,216 - DEBUG - bot.services.pinata - Кэш сохранен
2025-06-10 14:33:48,216 - INFO - __main__ - ✅ Загружен Blue Lotus.jpeg -> QmT5RC6Q6MRRF3YoDcXmKamKntXT6oSvxk3G2aLDkPc17T за 2.0с
2025-06-10 14:33:48,216 - INFO - __main__ - 🚀 Загружаем Amanita — Powder.jpeg (размер: 287.9KB, тип: image/jpeg)
2025-06-10 14:33:48,216 - INFO - bot.services.pinata - Начинаем загрузку в IPFS: bot/catalog/Amanita — Powder.jpeg
2025-06-10 14:33:48,217 - DEBUG - bot.services.pinata - SHA-256 хеш файла: 9b08c086bc850abd9a14c81de3bea18561dcc1d289b9a6e4260751daf0fb3ffe
2025-06-10 14:33:48,217 - INFO - bot.services.pinata - Загружаем файл: Amanita — Powder.jpeg
2025-06-10 14:33:48,217 - DEBUG - bot.services.pinata - Rate limiting: sleeping for 0.96 seconds
2025-06-10 14:33:49,186 - DEBUG - urllib3.connectionpool - Starting new HTTPS connection (1): api.pinata.cloud:443
2025-06-10 14:33:50,184 - DEBUG - urllib3.connectionpool - https://api.pinata.cloud:443 "POST /pinning/pinFileToIPFS HTTP/1.1" 200 287
2025-06-10 14:33:50,185 - INFO - bot.services.pinata - Успешно получен CID: QmWwjNvD8HX6WB2TLsxiEhciMJCHRfiZBw9G2wgfqKyPbd
2025-06-10 14:33:50,187 - DEBUG - bot.services.pinata - Кэш сохранен
2025-06-10 14:33:50,187 - INFO - __main__ - ✅ Загружен Amanita — Powder.jpeg -> QmWwjNvD8HX6WB2TLsxiEhciMJCHRfiZBw9G2wgfqKyPbd за 2.0с
2025-06-10 14:33:50,187 - INFO - __main__ - 🚀 Загружаем Amanita — Tinctura.jpeg (размер: 220.1KB, тип: image/jpeg)
2025-06-10 14:33:50,187 - INFO - bot.services.pinata - Начинаем загрузку в IPFS: bot/catalog/Amanita — Tinctura.jpeg
2025-06-10 14:33:50,188 - DEBUG - bot.services.pinata - SHA-256 хеш файла: e2051e155da0732ec02c44bd944f70ad0ceb253896e575fd50e97bfc439b7be6
2025-06-10 14:33:50,188 - INFO - bot.services.pinata - Загружаем файл: Amanita — Tinctura.jpeg
2025-06-10 14:33:50,188 - DEBUG - bot.services.pinata - Rate limiting: sleeping for 0.99 seconds
2025-06-10 14:33:51,191 - DEBUG - urllib3.connectionpool - Starting new HTTPS connection (1): api.pinata.cloud:443
2025-06-10 14:33:52,153 - DEBUG - urllib3.connectionpool - https://api.pinata.cloud:443 "POST /pinning/pinFileToIPFS HTTP/1.1" 200 289
2025-06-10 14:33:52,153 - INFO - bot.services.pinata - Успешно получен CID: QmbGrAqeugUxZZxWojavu4rbHdk5XNmSsSv92UV8FKjyHa
2025-06-10 14:33:52,154 - DEBUG - bot.services.pinata - Кэш сохранен
2025-06-10 14:33:52,154 - INFO - __main__ - ✅ Загружен Amanita — Tinctura.jpeg -> QmbGrAqeugUxZZxWojavu4rbHdk5XNmSsSv92UV8FKjyHa за 2.0с
2025-06-10 14:33:52,154 - INFO - __main__ - 🚀 Загружаем Foxes.jpeg (размер: 271.4KB, тип: image/jpeg)
2025-06-10 14:33:52,154 - INFO - bot.services.pinata - Начинаем загрузку в IPFS: bot/catalog/Foxes.jpeg
2025-06-10 14:33:52,155 - DEBUG - bot.services.pinata - SHA-256 хеш файла: 2e028b389d8a8d09e3878e2ff4282581efefb8586a48cc62981a5b66108027dc
2025-06-10 14:33:52,155 - INFO - bot.services.pinata - Загружаем файл: Foxes.jpeg
2025-06-10 14:33:52,155 - DEBUG - bot.services.pinata - Rate limiting: sleeping for 1.03 seconds
2025-06-10 14:33:53,194 - DEBUG - urllib3.connectionpool - Starting new HTTPS connection (1): api.pinata.cloud:443
2025-06-10 14:33:54,099 - DEBUG - urllib3.connectionpool - https://api.pinata.cloud:443 "POST /pinning/pinFileToIPFS HTTP/1.1" 200 274
2025-06-10 14:33:54,099 - INFO - bot.services.pinata - Успешно получен CID: QmNULQzUp3TGVR6mbSEH9WBjbrGGgN3dy6wZF8KYAKNvGa
2025-06-10 14:33:54,100 - DEBUG - bot.services.pinata - Кэш сохранен
2025-06-10 14:33:54,100 - INFO - __main__ - ✅ Загружен Foxes.jpeg -> QmNULQzUp3TGVR6mbSEH9WBjbrGGgN3dy6wZF8KYAKNvGa за 1.9с
2025-06-10 14:33:54,101 - WARNING - __main__ - ⚠️ Пропуск organic_cid_mapping.json: Недопустимый тип файла: application/json
2025-06-10 14:33:54,101 - INFO - __main__ - 🚀 Загружаем Passion Flower.jpeg (размер: 245.6KB, тип: image/jpeg)
2025-06-10 14:33:54,101 - INFO - bot.services.pinata - Начинаем загрузку в IPFS: bot/catalog/Passion Flower.jpeg
2025-06-10 14:33:54,102 - DEBUG - bot.services.pinata - SHA-256 хеш файла: 624c02f4e37646b09d55c03d70a40a6f8ae5861cd07ea6ac2eafd1cdb2157bbd
2025-06-10 14:33:54,102 - INFO - bot.services.pinata - Загружаем файл: Passion Flower.jpeg
2025-06-10 14:33:54,102 - DEBUG - bot.services.pinata - Rate limiting: sleeping for 1.09 seconds
2025-06-10 14:33:55,196 - DEBUG - urllib3.connectionpool - Starting new HTTPS connection (1): api.pinata.cloud:443
2025-06-10 14:33:56,113 - DEBUG - urllib3.connectionpool - https://api.pinata.cloud:443 "POST /pinning/pinFileToIPFS HTTP/1.1" 200 283
2025-06-10 14:33:56,114 - INFO - bot.services.pinata - Успешно получен CID: QmbtaSzChNvcjXEZZc3PpMXpcwVjpgQ5v1qfktbNGwuZZa
2025-06-10 14:33:56,114 - DEBUG - bot.services.pinata - Кэш сохранен
2025-06-10 14:33:56,114 - INFO - __main__ - ✅ Загружен Passion Flower.jpeg -> QmbtaSzChNvcjXEZZc3PpMXpcwVjpgQ5v1qfktbNGwuZZa за 2.0с
2025-06-10 14:33:56,115 - INFO - __main__ - 🚀 Загружаем Amanita — LUX.jpeg (размер: 331.3KB, тип: image/jpeg)
2025-06-10 14:33:56,115 - INFO - bot.services.pinata - Начинаем загрузку в IPFS: bot/catalog/Amanita — LUX.jpeg
2025-06-10 14:33:56,116 - DEBUG - bot.services.pinata - SHA-256 хеш файла: 6e8019587e6e29d45aa9b0f3427ec611f1c00e6892bad4b32873d43384e1c492
2025-06-10 14:33:56,116 - INFO - bot.services.pinata - Загружаем файл: Amanita — LUX.jpeg
2025-06-10 14:33:56,116 - DEBUG - bot.services.pinata - Rate limiting: sleeping for 1.08 seconds
2025-06-10 14:33:57,201 - DEBUG - urllib3.connectionpool - Starting new HTTPS connection (1): api.pinata.cloud:443
2025-06-10 14:33:58,184 - DEBUG - urllib3.connectionpool - https://api.pinata.cloud:443 "POST /pinning/pinFileToIPFS HTTP/1.1" 200 284
2025-06-10 14:33:58,185 - INFO - bot.services.pinata - Успешно получен CID: Qmat1agJkdYK5uX8YZoJvQnQ3zzqSaavmzUEhpEfQHD4gz
2025-06-10 14:33:58,185 - DEBUG - bot.services.pinata - Кэш сохранен
2025-06-10 14:33:58,186 - INFO - __main__ - ✅ Загружен Amanita — LUX.jpeg -> Qmat1agJkdYK5uX8YZoJvQnQ3zzqSaavmzUEhpEfQHD4gz за 2.1с
2025-06-10 14:33:58,186 - INFO - __main__ - 🚀 Загружаем Cordyseps Militaris.jpeg (размер: 274.0KB, тип: image/jpeg)
2025-06-10 14:33:58,186 - INFO - bot.services.pinata - Начинаем загрузку в IPFS: bot/catalog/Cordyseps Militaris.jpeg
2025-06-10 14:33:58,187 - DEBUG - bot.services.pinata - SHA-256 хеш файла: 4de3f0cddf6f4f3bf9a9175e25789c2fe835d68599637381b2709a3e2078bb91
2025-06-10 14:33:58,187 - INFO - bot.services.pinata - Загружаем файл: Cordyseps Militaris.jpeg
2025-06-10 14:33:58,187 - DEBUG - bot.services.pinata - Rate limiting: sleeping for 1.01 seconds
2025-06-10 14:33:59,203 - DEBUG - urllib3.connectionpool - Starting new HTTPS connection (1): api.pinata.cloud:443
2025-06-10 14:34:00,077 - DEBUG - urllib3.connectionpool - https://api.pinata.cloud:443 "POST /pinning/pinFileToIPFS HTTP/1.1" 200 288
2025-06-10 14:34:00,077 - INFO - bot.services.pinata - Успешно получен CID: QmfYLGvSUq2FEszpyLoyu28PLmeTMXk6zikT3c5W43kshP
2025-06-10 14:34:00,078 - DEBUG - bot.services.pinata - Кэш сохранен
2025-06-10 14:34:00,078 - INFO - __main__ - ✅ Загружен Cordyseps Militaris.jpeg -> QmfYLGvSUq2FEszpyLoyu28PLmeTMXk6zikT3c5W43kshP за 1.9с
2025-06-10 14:34:00,078 - INFO - __main__ - 🚀 Загружаем Cordyseps Militaris — Powder.jpeg (размер: 249.8KB, тип: image/jpeg)
2025-06-10 14:34:00,078 - INFO - bot.services.pinata - Начинаем загрузку в IPFS: bot/catalog/Cordyseps Militaris — Powder.jpeg
2025-06-10 14:34:00,079 - DEBUG - bot.services.pinata - SHA-256 хеш файла: 0305cce050a6606ecd874754687c9b79f4d7fe0137431f9b1b63773c7857e2ca
2025-06-10 14:34:00,079 - INFO - bot.services.pinata - Загружаем файл: Cordyseps Militaris — Powder.jpeg
2025-06-10 14:34:00,079 - DEBUG - bot.services.pinata - Rate limiting: sleeping for 1.12 seconds
2025-06-10 14:34:01,209 - DEBUG - urllib3.connectionpool - Starting new HTTPS connection (1): api.pinata.cloud:443
2025-06-10 14:34:02,110 - DEBUG - urllib3.connectionpool - https://api.pinata.cloud:443 "POST /pinning/pinFileToIPFS HTTP/1.1" 200 299
2025-06-10 14:34:02,111 - INFO - bot.services.pinata - Успешно получен CID: QmW25vHA9WA78VENPus3A8Zrn45YeFMjVKWLJwfA5CEfSQ
2025-06-10 14:34:02,111 - DEBUG - bot.services.pinata - Кэш сохранен
2025-06-10 14:34:02,112 - INFO - __main__ - ✅ Загружен Cordyseps Militaris — Powder.jpeg -> QmW25vHA9WA78VENPus3A8Zrn45YeFMjVKWLJwfA5CEfSQ за 2.0с
2025-06-10 14:34:02,112 - INFO - __main__ - 🚀 Загружаем Kora Osiny.jpeg (размер: 287.8KB, тип: image/jpeg)
2025-06-10 14:34:02,112 - INFO - bot.services.pinata - Начинаем загрузку в IPFS: bot/catalog/Kora Osiny.jpeg
2025-06-10 14:34:02,113 - DEBUG - bot.services.pinata - SHA-256 хеш файла: bfe3190434904552c5f6074d4c56c5cd0cc8b51ff247caf2bf94882434e6c27e
2025-06-10 14:34:02,113 - INFO - bot.services.pinata - Загружаем файл: Kora Osiny.jpeg
2025-06-10 14:34:02,113 - DEBUG - bot.services.pinata - Rate limiting: sleeping for 1.09 seconds
2025-06-10 14:34:03,212 - DEBUG - urllib3.connectionpool - Starting new HTTPS connection (1): api.pinata.cloud:443
2025-06-10 14:34:04,169 - DEBUG - urllib3.connectionpool - https://api.pinata.cloud:443 "POST /pinning/pinFileToIPFS HTTP/1.1" 200 279
2025-06-10 14:34:04,169 - INFO - bot.services.pinata - Успешно получен CID: QmZGLPHZxDJP4VRbZbR8CRBY2widf5wMqMvu3rowhJGvCT
2025-06-10 14:34:04,170 - DEBUG - bot.services.pinata - Кэш сохранен
2025-06-10 14:34:04,170 - INFO - __main__ - ✅ Загружен Kora Osiny.jpeg -> QmZGLPHZxDJP4VRbZbR8CRBY2widf5wMqMvu3rowhJGvCT за 2.1с
2025-06-10 14:34:04,170 - WARNING - __main__ - ⚠️ Пропуск Iveta_catalog.csv: Недопустимый тип файла: text/csv
2025-06-10 14:34:04,170 - INFO - __main__ - 🚀 Загружаем Blue Lotus — Tinctura.jpeg (размер: 226.8KB, тип: image/jpeg)
2025-06-10 14:34:04,170 - INFO - bot.services.pinata - Начинаем загрузку в IPFS: bot/catalog/Blue Lotus — Tinctura.jpeg
2025-06-10 14:34:04,171 - DEBUG - bot.services.pinata - SHA-256 хеш файла: 0264e9257e530f766c51f47d83ae78f210bc422eee7b65d687727c94e026be12
2025-06-10 14:34:04,171 - INFO - bot.services.pinata - Загружаем файл: Blue Lotus — Tinctura.jpeg
2025-06-10 14:34:04,171 - DEBUG - bot.services.pinata - Rate limiting: sleeping for 1.04 seconds
2025-06-10 14:34:05,332 - DEBUG - urllib3.connectionpool - Starting new HTTPS connection (1): api.pinata.cloud:443
2025-06-10 14:34:06,283 - DEBUG - urllib3.connectionpool - https://api.pinata.cloud:443 "POST /pinning/pinFileToIPFS HTTP/1.1" 200 292
2025-06-10 14:34:06,287 - INFO - bot.services.pinata - Успешно получен CID: QmeR4vHpCm6eiWnMkJGARA8WLUNc8jWWEq3L5bhJGNfWFW
2025-06-10 14:34:06,291 - DEBUG - bot.services.pinata - Кэш сохранен
2025-06-10 14:34:06,295 - INFO - __main__ - ✅ Загружен Blue Lotus — Tinctura.jpeg -> QmeR4vHpCm6eiWnMkJGARA8WLUNc8jWWEq3L5bhJGNfWFW за 2.1с
2025-06-10 14:34:06,296 - INFO - __main__ - 🚀 Загружаем Amanita — Collapsed hats.jpeg (размер: 356.3KB, тип: image/jpeg)
2025-06-10 14:34:06,296 - INFO - bot.services.pinata - Начинаем загрузку в IPFS: bot/catalog/Amanita — Collapsed hats.jpeg
2025-06-10 14:34:06,304 - DEBUG - bot.services.pinata - SHA-256 хеш файла: 0827e18cbd59367e7870c7f880e5ae1a256f81b2610fc2e99877a70d7703bc23
2025-06-10 14:34:06,305 - INFO - bot.services.pinata - Загружаем файл: Amanita — Collapsed hats.jpeg
2025-06-10 14:34:06,305 - DEBUG - bot.services.pinata - Rate limiting: sleeping for 0.91 seconds
2025-06-10 14:34:07,222 - DEBUG - urllib3.connectionpool - Starting new HTTPS connection (1): api.pinata.cloud:443
2025-06-10 14:34:08,239 - DEBUG - urllib3.connectionpool - https://api.pinata.cloud:443 "POST /pinning/pinFileToIPFS HTTP/1.1" 200 295
2025-06-10 14:34:08,239 - INFO - bot.services.pinata - Успешно получен CID: QmUPHsHyuDHKyVbduvqoooAYShFCSfYgcnEioxNNqgZK2B
2025-06-10 14:34:08,240 - DEBUG - bot.services.pinata - Кэш сохранен
2025-06-10 14:34:08,240 - INFO - __main__ - ✅ Загружен Amanita — Collapsed hats.jpeg -> QmUPHsHyuDHKyVbduvqoooAYShFCSfYgcnEioxNNqgZK2B за 1.9с
2025-06-10 14:34:08,241 - WARNING - __main__ - ⚠️ Пропуск catalog1.json: Недопустимый тип файла: application/json
2025-06-10 14:34:08,241 - WARNING - __main__ - ⚠️ Пропуск active_catalog.json: Недопустимый тип файла: application/json
2025-06-10 14:34:08,242 - INFO - __main__ - 🚀 Загружаем Amanita — Pantera.jpeg (размер: 274.2KB, тип: image/jpeg)
2025-06-10 14:34:08,242 - INFO - bot.services.pinata - Начинаем загрузку в IPFS: bot/catalog/Amanita — Pantera.jpeg
2025-06-10 14:34:08,242 - DEBUG - bot.services.pinata - SHA-256 хеш файла: 4a03e818b00f335d6069d5f692891d6a9d9beab7dc2a22965111d7aa1f95ac3d
2025-06-10 14:34:08,243 - INFO - bot.services.pinata - Загружаем файл: Amanita — Pantera.jpeg
2025-06-10 14:34:08,243 - DEBUG - bot.services.pinata - Rate limiting: sleeping for 0.97 seconds
2025-06-10 14:34:09,224 - DEBUG - urllib3.connectionpool - Starting new HTTPS connection (1): api.pinata.cloud:443
2025-06-10 14:34:10,195 - DEBUG - urllib3.connectionpool - https://api.pinata.cloud:443 "POST /pinning/pinFileToIPFS HTTP/1.1" 200 288
2025-06-10 14:34:10,195 - INFO - bot.services.pinata - Успешно получен CID: QmQxwESeMcEAc8VcYjd5ZQQwkaubp11vKo3kkJkx8SsTfn
2025-06-10 14:34:10,195 - DEBUG - bot.services.pinata - Кэш сохранен
2025-06-10 14:34:10,195 - INFO - __main__ - ✅ Загружен Amanita — Pantera.jpeg -> QmQxwESeMcEAc8VcYjd5ZQQwkaubp11vKo3kkJkx8SsTfn за 2.0с
2025-06-10 14:34:10,195 - INFO - __main__ - 🚀 Загружаем Chaga.jpeg (размер: 247.6KB, тип: image/jpeg)
2025-06-10 14:34:10,196 - INFO - bot.services.pinata - Начинаем загрузку в IPFS: bot/catalog/Chaga.jpeg
2025-06-10 14:34:10,197 - DEBUG - bot.services.pinata - SHA-256 хеш файла: c0a10d5cd479c9c6b9cffb57a0ca5193393b74a3653ffbdf8d5049368011106a
2025-06-10 14:34:10,197 - INFO - bot.services.pinata - Загружаем файл: Chaga.jpeg
2025-06-10 14:34:10,197 - DEBUG - bot.services.pinata - Rate limiting: sleeping for 1.02 seconds
2025-06-10 14:34:11,228 - DEBUG - urllib3.connectionpool - Starting new HTTPS connection (1): api.pinata.cloud:443
2025-06-10 14:34:12,089 - DEBUG - urllib3.connectionpool - https://api.pinata.cloud:443 "POST /pinning/pinFileToIPFS HTTP/1.1" 200 274
2025-06-10 14:34:12,089 - INFO - bot.services.pinata - Успешно получен CID: QmaUhzH11vG9aEH9MTpLHaVuBFMDPTXC9AcwcGBVoy2S5c
2025-06-10 14:34:12,090 - DEBUG - bot.services.pinata - Кэш сохранен
2025-06-10 14:34:12,090 - INFO - __main__ - ✅ Загружен Chaga.jpeg -> QmaUhzH11vG9aEH9MTpLHaVuBFMDPTXC9AcwcGBVoy2S5c за 1.9с
2025-06-10 14:34:12,090 - WARNING - __main__ - ⚠️ Пропуск images_upload_log.csv: Недопустимый тип файла: text/csv
2025-06-10 14:34:12,090 - INFO - __main__ - 🚀 Загружаем Lions Main.jpeg (размер: 272.7KB, тип: image/jpeg)
2025-06-10 14:34:12,090 - INFO - bot.services.pinata - Начинаем загрузку в IPFS: bot/catalog/Lions Main.jpeg
2025-06-10 14:34:12,091 - DEBUG - bot.services.pinata - SHA-256 хеш файла: e5cac3ac1c87d3f78d6ec542e1a6098f00f5612e3712ae73025cd9f703ad5505
2025-06-10 14:34:12,091 - INFO - bot.services.pinata - Загружаем файл: Lions Main.jpeg
2025-06-10 14:34:12,091 - DEBUG - bot.services.pinata - Rate limiting: sleeping for 1.14 seconds
2025-06-10 14:34:13,234 - DEBUG - urllib3.connectionpool - Starting new HTTPS connection (1): api.pinata.cloud:443
2025-06-10 14:34:14,246 - DEBUG - urllib3.connectionpool - https://api.pinata.cloud:443 "POST /pinning/pinFileToIPFS HTTP/1.1" 200 279
2025-06-10 14:34:14,247 - INFO - bot.services.pinata - Успешно получен CID: QmXzbH3aeiyYyn5b4YSHe2kvNCQuUXtMngL91MeVjHH3vJ
2025-06-10 14:34:14,248 - DEBUG - bot.services.pinata - Кэш сохранен
2025-06-10 14:34:14,249 - INFO - __main__ - ✅ Загружен Lions Main.jpeg -> QmXzbH3aeiyYyn5b4YSHe2kvNCQuUXtMngL91MeVjHH3vJ за 2.2с
2025-06-10 14:34:14,249 - WARNING - __main__ - ⚠️ Пропуск images_upload_log.json: Недопустимый тип файла: application/json
2025-06-10 14:34:14,249 - INFO - __main__ - 🚀 Загружаем Amanita — 1 level.jpeg (размер: 314.0KB, тип: image/jpeg)
2025-06-10 14:34:14,249 - INFO - bot.services.pinata - Начинаем загрузку в IPFS: bot/catalog/Amanita — 1 level.jpeg
2025-06-10 14:34:14,251 - DEBUG - bot.services.pinata - SHA-256 хеш файла: c86490afb18618a27c6c208a4d13c24056d9fad88dda0c641295b985594fee51
2025-06-10 14:34:14,251 - INFO - bot.services.pinata - Загружаем файл: Amanita — 1 level.jpeg
2025-06-10 14:34:14,251 - DEBUG - bot.services.pinata - Rate limiting: sleeping for 0.98 seconds
2025-06-10 14:34:15,240 - DEBUG - urllib3.connectionpool - Starting new HTTPS connection (1): api.pinata.cloud:443
2025-06-10 14:34:16,236 - DEBUG - urllib3.connectionpool - https://api.pinata.cloud:443 "POST /pinning/pinFileToIPFS HTTP/1.1" 200 288
2025-06-10 14:34:16,236 - INFO - bot.services.pinata - Успешно получен CID: QmYrs5gAMeZEmiFAJnmRcD19rpCpXF52ssMJ6X2oWrxWWj
2025-06-10 14:34:16,237 - DEBUG - bot.services.pinata - Кэш сохранен
2025-06-10 14:34:16,237 - INFO - __main__ - ✅ Загружен Amanita — 1 level.jpeg -> QmYrs5gAMeZEmiFAJnmRcD19rpCpXF52ssMJ6X2oWrxWWj за 2.0с
2025-06-10 14:34:16,240 - INFO - __main__ - 
==================================================
2025-06-10 14:34:16,240 - INFO - __main__ - 📊 Итоги загрузки:
2025-06-10 14:34:16,240 - INFO - __main__ - ✅ Успешно загружено: 17 файлов
2025-06-10 14:34:16,240 - INFO - __main__ - ❌ Ошибок загрузки: 12
2025-06-10 14:34:16,240 - INFO - __main__ - 📦 Общий размер: 4.7MB
2025-06-10 14:34:16,240 - INFO - __main__ - ⏱️ Общее время: 33.1с
2025-06-10 14:34:16,240 - INFO - __main__ - 📈 Средняя скорость: 0.1MB/s
2025-06-10 14:34:16,240 - INFO - __main__ - ==================================================
2025-06-10 14:34:16,240 - INFO - __main__ - 📝 Подробный лог сохранён в:
2025-06-10 14:34:16,240 - INFO - __main__ -    - bot/catalog/images_upload_log.json
2025-06-10 14:34:16,240 - INFO - __main__ -    - bot/catalog/images_upload_log.csv
2025-06-10 14:34:16,240 - INFO - __main__ -    - bot/catalog/upload_catalog.log
2025-06-10 14:37:59,946 - INFO - bot.services.ipfs_factory - Using Pinata storage
2025-06-10 14:37:59,953 - INFO - bot.services.pinata - Кэш загружен, 27 записей
2025-06-10 14:37:59,953 - INFO - __main__ - 🔧 Инициализирован загрузчик: SecurePinataUploader
2025-06-10 14:37:59,954 - INFO - __main__ - 📊 Найдено файлов для обработки: 30
2025-06-10 14:37:59,956 - INFO - __main__ - 🚀 Загружаем Lions Main — Powder.jpeg (размер: 229.2KB, тип: image/jpeg)
2025-06-10 14:37:59,956 - INFO - bot.services.pinata - Начинаем загрузку в IPFS: bot/catalog/Lions Main — Powder.jpeg
2025-06-10 14:37:59,957 - DEBUG - bot.services.pinata - SHA-256 хеш файла: 25f70cfefbd4c9da21d5442b30743d1a2daddfb66ed250c7f1f7f7e3268680b5
2025-06-10 14:37:59,957 - INFO - bot.services.pinata - Загружаем файл: Lions Main — Powder.jpeg
2025-06-10 14:37:59,979 - DEBUG - urllib3.connectionpool - Starting new HTTPS connection (1): api.pinata.cloud:443
2025-06-10 14:38:01,523 - DEBUG - urllib3.connectionpool - https://api.pinata.cloud:443 "POST /pinning/pinFileToIPFS HTTP/1.1" 200 271
2025-06-10 14:38:01,525 - INFO - bot.services.pinata - Метрики сохранены в metrics/pinata_metrics_20250610_143801.json
2025-06-10 14:38:01,525 - INFO - bot.services.pinata - Успешно получен CID: QmTU5LpEp2qDBpCiWnZHEDuUK7BES3gm8wNWihn7ShqjAv
2025-06-10 14:38:01,526 - DEBUG - bot.services.pinata - Кэш сохранен
2025-06-10 14:38:01,527 - INFO - __main__ - ✅ Загружен Lions Main — Powder.jpeg -> QmTU5LpEp2qDBpCiWnZHEDuUK7BES3gm8wNWihn7ShqjAv за 1.6с
2025-06-10 14:38:01,527 - WARNING - __main__ - ⚠️ Пропуск upload_log.csv: Недопустимый тип файла: text/csv
2025-06-10 14:38:01,527 - WARNING - __main__ - ⚠️ Пропуск organic_descriptions.json: Недопустимый тип файла: application/json
2025-06-10 14:38:01,527 - INFO - __main__ - 🚀 Загружаем Amanita — Closed hats.jpeg (размер: 333.8KB, тип: image/jpeg)
2025-06-10 14:38:01,527 - INFO - bot.services.pinata - Начинаем загрузку в IPFS: bot/catalog/Amanita — Closed hats.jpeg
2025-06-10 14:38:01,529 - DEBUG - bot.services.pinata - SHA-256 хеш файла: d59699ba4c1ee0d608111826d9de0ef10be56c89c5dd163c5e053c9021283d3c
2025-06-10 14:38:01,529 - INFO - bot.services.pinata - Загружаем файл: Amanita — Closed hats.jpeg
2025-06-10 14:38:01,529 - DEBUG - bot.services.pinata - Rate limiting: sleeping for 0.43 seconds
2025-06-10 14:38:01,966 - DEBUG - urllib3.connectionpool - Starting new HTTPS connection (1): api.pinata.cloud:443
2025-06-10 14:38:03,144 - DEBUG - urllib3.connectionpool - https://api.pinata.cloud:443 "POST /pinning/pinFileToIPFS HTTP/1.1" 200 273
2025-06-10 14:38:03,151 - INFO - bot.services.pinata - Успешно получен CID: QmbTBHeByJwUP9JyTo2GcHzj1YwzVww6zXrEDFt3zgdwQ1
2025-06-10 14:38:03,163 - DEBUG - bot.services.pinata - Кэш сохранен
2025-06-10 14:38:03,165 - INFO - __main__ - ✅ Загружен Amanita — Closed hats.jpeg -> QmbTBHeByJwUP9JyTo2GcHzj1YwzVww6zXrEDFt3zgdwQ1 за 1.6с
2025-06-10 14:38:03,165 - WARNING - __main__ - ⚠️ Пропуск upload_catalog.log: Недопустимый тип файла: text/plain
2025-06-10 14:38:03,165 - WARNING - __main__ - ⚠️ Пропуск product_registry_upload_data.json: Недопустимый тип файла: application/json
2025-06-10 14:38:03,165 - WARNING - __main__ - ⚠️ Пропуск catalog2.json: Недопустимый тип файла: application/json
2025-06-10 14:38:03,165 - WARNING - __main__ - ⚠️ Пропуск catalog_images.json: Недопустимый тип файла: application/json
2025-06-10 14:38:03,165 - INFO - __main__ - 🚀 Загружаем Blue Lotus.jpeg (размер: 317.3KB, тип: image/jpeg)
2025-06-10 14:38:03,165 - INFO - bot.services.pinata - Начинаем загрузку в IPFS: bot/catalog/Blue Lotus.jpeg
2025-06-10 14:38:03,167 - DEBUG - bot.services.pinata - SHA-256 хеш файла: ba7c12a6ce8c200e2b634a51406fdca97fc522332a107ff965d37ef88faf0178
2025-06-10 14:38:03,167 - INFO - bot.services.pinata - Загружаем файл: Blue Lotus.jpeg
2025-06-10 14:38:03,167 - DEBUG - bot.services.pinata - Rate limiting: sleeping for 0.80 seconds
2025-06-10 14:38:03,974 - DEBUG - urllib3.connectionpool - Starting new HTTPS connection (1): api.pinata.cloud:443
2025-06-10 14:38:05,196 - DEBUG - urllib3.connectionpool - https://api.pinata.cloud:443 "POST /pinning/pinFileToIPFS HTTP/1.1" 200 260
2025-06-10 14:38:05,197 - INFO - bot.services.pinata - Успешно получен CID: QmT5RC6Q6MRRF3YoDcXmKamKntXT6oSvxk3G2aLDkPc17T
2025-06-10 14:38:05,198 - DEBUG - bot.services.pinata - Кэш сохранен
2025-06-10 14:38:05,198 - INFO - __main__ - ✅ Загружен Blue Lotus.jpeg -> QmT5RC6Q6MRRF3YoDcXmKamKntXT6oSvxk3G2aLDkPc17T за 2.0с
2025-06-10 14:38:05,198 - INFO - __main__ - 🚀 Загружаем Amanita — Powder.jpeg (размер: 287.9KB, тип: image/jpeg)
2025-06-10 14:38:05,198 - INFO - bot.services.pinata - Начинаем загрузку в IPFS: bot/catalog/Amanita — Powder.jpeg
2025-06-10 14:38:05,199 - DEBUG - bot.services.pinata - SHA-256 хеш файла: 9b08c086bc850abd9a14c81de3bea18561dcc1d289b9a6e4260751daf0fb3ffe
2025-06-10 14:38:05,199 - INFO - bot.services.pinata - Загружаем файл: Amanita — Powder.jpeg
2025-06-10 14:38:05,199 - DEBUG - bot.services.pinata - Rate limiting: sleeping for 0.77 seconds
2025-06-10 14:38:05,991 - DEBUG - urllib3.connectionpool - Starting new HTTPS connection (1): api.pinata.cloud:443
2025-06-10 14:38:07,070 - DEBUG - urllib3.connectionpool - https://api.pinata.cloud:443 "POST /pinning/pinFileToIPFS HTTP/1.1" 200 268
2025-06-10 14:38:07,070 - INFO - bot.services.pinata - Успешно получен CID: QmWwjNvD8HX6WB2TLsxiEhciMJCHRfiZBw9G2wgfqKyPbd
2025-06-10 14:38:07,071 - DEBUG - bot.services.pinata - Кэш сохранен
2025-06-10 14:38:07,071 - INFO - __main__ - ✅ Загружен Amanita — Powder.jpeg -> QmWwjNvD8HX6WB2TLsxiEhciMJCHRfiZBw9G2wgfqKyPbd за 1.9с
2025-06-10 14:38:07,071 - INFO - __main__ - 🚀 Загружаем Amanita — Tinctura.jpeg (размер: 220.1KB, тип: image/jpeg)
2025-06-10 14:38:07,071 - INFO - bot.services.pinata - Начинаем загрузку в IPFS: bot/catalog/Amanita — Tinctura.jpeg
2025-06-10 14:38:07,073 - DEBUG - bot.services.pinata - SHA-256 хеш файла: e2051e155da0732ec02c44bd944f70ad0ceb253896e575fd50e97bfc439b7be6
2025-06-10 14:38:07,073 - INFO - bot.services.pinata - Загружаем файл: Amanita — Tinctura.jpeg
2025-06-10 14:38:07,073 - DEBUG - bot.services.pinata - Rate limiting: sleeping for 0.90 seconds
2025-06-10 14:38:07,980 - DEBUG - urllib3.connectionpool - Starting new HTTPS connection (1): api.pinata.cloud:443
2025-06-10 14:38:09,444 - DEBUG - urllib3.connectionpool - https://api.pinata.cloud:443 "POST /pinning/pinFileToIPFS HTTP/1.1" 200 270
2025-06-10 14:38:09,462 - INFO - bot.services.pinata - Успешно получен CID: QmbGrAqeugUxZZxWojavu4rbHdk5XNmSsSv92UV8FKjyHa
2025-06-10 14:38:09,464 - DEBUG - bot.services.pinata - Кэш сохранен
2025-06-10 14:38:09,465 - INFO - __main__ - ✅ Загружен Amanita — Tinctura.jpeg -> QmbGrAqeugUxZZxWojavu4rbHdk5XNmSsSv92UV8FKjyHa за 2.4с
2025-06-10 14:38:09,466 - INFO - __main__ - 🚀 Загружаем Foxes.jpeg (размер: 271.4KB, тип: image/jpeg)
2025-06-10 14:38:09,466 - INFO - bot.services.pinata - Начинаем загрузку в IPFS: bot/catalog/Foxes.jpeg
2025-06-10 14:38:09,467 - DEBUG - bot.services.pinata - SHA-256 хеш файла: 2e028b389d8a8d09e3878e2ff4282581efefb8586a48cc62981a5b66108027dc
2025-06-10 14:38:09,468 - INFO - bot.services.pinata - Загружаем файл: Foxes.jpeg
2025-06-10 14:38:09,468 - DEBUG - bot.services.pinata - Rate limiting: sleeping for 0.51 seconds
2025-06-10 14:38:09,984 - DEBUG - urllib3.connectionpool - Starting new HTTPS connection (1): api.pinata.cloud:443
2025-06-10 14:38:11,224 - DEBUG - urllib3.connectionpool - https://api.pinata.cloud:443 "POST /pinning/pinFileToIPFS HTTP/1.1" 200 255
2025-06-10 14:38:11,225 - INFO - bot.services.pinata - Успешно получен CID: QmNULQzUp3TGVR6mbSEH9WBjbrGGgN3dy6wZF8KYAKNvGa
2025-06-10 14:38:11,225 - DEBUG - bot.services.pinata - Кэш сохранен
2025-06-10 14:38:11,226 - INFO - __main__ - ✅ Загружен Foxes.jpeg -> QmNULQzUp3TGVR6mbSEH9WBjbrGGgN3dy6wZF8KYAKNvGa за 1.8с
2025-06-10 14:38:11,226 - WARNING - __main__ - ⚠️ Пропуск organic_cid_mapping.json: Недопустимый тип файла: application/json
2025-06-10 14:38:11,226 - INFO - __main__ - 🚀 Загружаем Passion Flower.jpeg (размер: 245.6KB, тип: image/jpeg)
2025-06-10 14:38:11,226 - INFO - bot.services.pinata - Начинаем загрузку в IPFS: bot/catalog/Passion Flower.jpeg
2025-06-10 14:38:11,227 - DEBUG - bot.services.pinata - SHA-256 хеш файла: 624c02f4e37646b09d55c03d70a40a6f8ae5861cd07ea6ac2eafd1cdb2157bbd
2025-06-10 14:38:11,227 - INFO - bot.services.pinata - Загружаем файл: Passion Flower.jpeg
2025-06-10 14:38:11,227 - DEBUG - bot.services.pinata - Rate limiting: sleeping for 0.75 seconds
2025-06-10 14:38:11,987 - DEBUG - urllib3.connectionpool - Starting new HTTPS connection (1): api.pinata.cloud:443
2025-06-10 14:38:13,170 - DEBUG - urllib3.connectionpool - https://api.pinata.cloud:443 "POST /pinning/pinFileToIPFS HTTP/1.1" 200 264
2025-06-10 14:38:13,170 - INFO - bot.services.pinata - Успешно получен CID: QmbtaSzChNvcjXEZZc3PpMXpcwVjpgQ5v1qfktbNGwuZZa
2025-06-10 14:38:13,171 - DEBUG - bot.services.pinata - Кэш сохранен
2025-06-10 14:38:13,171 - INFO - __main__ - ✅ Загружен Passion Flower.jpeg -> QmbtaSzChNvcjXEZZc3PpMXpcwVjpgQ5v1qfktbNGwuZZa за 1.9с
2025-06-10 14:38:13,171 - INFO - __main__ - 🚀 Загружаем Amanita — LUX.jpeg (размер: 331.3KB, тип: image/jpeg)
2025-06-10 14:38:13,171 - INFO - bot.services.pinata - Начинаем загрузку в IPFS: bot/catalog/Amanita — LUX.jpeg
2025-06-10 14:38:13,172 - DEBUG - bot.services.pinata - SHA-256 хеш файла: 6e8019587e6e29d45aa9b0f3427ec611f1c00e6892bad4b32873d43384e1c492
2025-06-10 14:38:13,172 - INFO - bot.services.pinata - Загружаем файл: Amanita — LUX.jpeg
2025-06-10 14:38:13,172 - DEBUG - bot.services.pinata - Rate limiting: sleeping for 0.81 seconds
2025-06-10 14:38:14,005 - DEBUG - urllib3.connectionpool - Starting new HTTPS connection (1): api.pinata.cloud:443
2025-06-10 14:38:15,364 - DEBUG - urllib3.connectionpool - https://api.pinata.cloud:443 "POST /pinning/pinFileToIPFS HTTP/1.1" 200 265
2025-06-10 14:38:15,420 - INFO - bot.services.pinata - Успешно получен CID: Qmat1agJkdYK5uX8YZoJvQnQ3zzqSaavmzUEhpEfQHD4gz
2025-06-10 14:38:15,422 - DEBUG - bot.services.pinata - Кэш сохранен
2025-06-10 14:38:15,451 - INFO - __main__ - ✅ Загружен Amanita — LUX.jpeg -> Qmat1agJkdYK5uX8YZoJvQnQ3zzqSaavmzUEhpEfQHD4gz за 2.3с
2025-06-10 14:38:15,452 - INFO - __main__ - 🚀 Загружаем Cordyseps Militaris.jpeg (размер: 274.0KB, тип: image/jpeg)
2025-06-10 14:38:15,452 - INFO - bot.services.pinata - Начинаем загрузку в IPFS: bot/catalog/Cordyseps Militaris.jpeg
2025-06-10 14:38:15,454 - DEBUG - bot.services.pinata - SHA-256 хеш файла: 4de3f0cddf6f4f3bf9a9175e25789c2fe835d68599637381b2709a3e2078bb91
2025-06-10 14:38:15,454 - INFO - bot.services.pinata - Загружаем файл: Cordyseps Militaris.jpeg
2025-06-10 14:38:15,454 - DEBUG - bot.services.pinata - Rate limiting: sleeping for 0.53 seconds
2025-06-10 14:38:16,002 - DEBUG - urllib3.connectionpool - Starting new HTTPS connection (1): api.pinata.cloud:443
2025-06-10 14:38:17,187 - DEBUG - urllib3.connectionpool - https://api.pinata.cloud:443 "POST /pinning/pinFileToIPFS HTTP/1.1" 200 269
2025-06-10 14:38:17,187 - INFO - bot.services.pinata - Успешно получен CID: QmfYLGvSUq2FEszpyLoyu28PLmeTMXk6zikT3c5W43kshP
2025-06-10 14:38:17,188 - DEBUG - bot.services.pinata - Кэш сохранен
2025-06-10 14:38:17,188 - INFO - __main__ - ✅ Загружен Cordyseps Militaris.jpeg -> QmfYLGvSUq2FEszpyLoyu28PLmeTMXk6zikT3c5W43kshP за 1.7с
2025-06-10 14:38:17,188 - INFO - __main__ - 🚀 Загружаем Cordyseps Militaris — Powder.jpeg (размер: 249.8KB, тип: image/jpeg)
2025-06-10 14:38:17,188 - INFO - bot.services.pinata - Начинаем загрузку в IPFS: bot/catalog/Cordyseps Militaris — Powder.jpeg
2025-06-10 14:38:17,190 - DEBUG - bot.services.pinata - SHA-256 хеш файла: 0305cce050a6606ecd874754687c9b79f4d7fe0137431f9b1b63773c7857e2ca
2025-06-10 14:38:17,190 - INFO - bot.services.pinata - Загружаем файл: Cordyseps Militaris — Powder.jpeg
2025-06-10 14:38:17,190 - DEBUG - bot.services.pinata - Rate limiting: sleeping for 0.80 seconds
2025-06-10 14:38:17,998 - DEBUG - urllib3.connectionpool - Starting new HTTPS connection (1): api.pinata.cloud:443
2025-06-10 14:38:19,314 - DEBUG - urllib3.connectionpool - https://api.pinata.cloud:443 "POST /pinning/pinFileToIPFS HTTP/1.1" 200 280
2025-06-10 14:38:19,315 - INFO - bot.services.pinata - Успешно получен CID: QmW25vHA9WA78VENPus3A8Zrn45YeFMjVKWLJwfA5CEfSQ
2025-06-10 14:38:19,316 - DEBUG - bot.services.pinata - Кэш сохранен
2025-06-10 14:38:19,317 - INFO - __main__ - ✅ Загружен Cordyseps Militaris — Powder.jpeg -> QmW25vHA9WA78VENPus3A8Zrn45YeFMjVKWLJwfA5CEfSQ за 2.1с
2025-06-10 14:38:19,317 - INFO - __main__ - 🚀 Загружаем Kora Osiny.jpeg (размер: 287.8KB, тип: image/jpeg)
2025-06-10 14:38:19,317 - INFO - bot.services.pinata - Начинаем загрузку в IPFS: bot/catalog/Kora Osiny.jpeg
2025-06-10 14:38:19,318 - DEBUG - bot.services.pinata - SHA-256 хеш файла: bfe3190434904552c5f6074d4c56c5cd0cc8b51ff247caf2bf94882434e6c27e
2025-06-10 14:38:19,318 - INFO - bot.services.pinata - Загружаем файл: Kora Osiny.jpeg
2025-06-10 14:38:19,318 - DEBUG - bot.services.pinata - Rate limiting: sleeping for 0.68 seconds
2025-06-10 14:38:20,004 - DEBUG - urllib3.connectionpool - Starting new HTTPS connection (1): api.pinata.cloud:443
2025-06-10 14:38:21,199 - DEBUG - urllib3.connectionpool - https://api.pinata.cloud:443 "POST /pinning/pinFileToIPFS HTTP/1.1" 200 260
2025-06-10 14:38:21,199 - INFO - bot.services.pinata - Успешно получен CID: QmZGLPHZxDJP4VRbZbR8CRBY2widf5wMqMvu3rowhJGvCT
2025-06-10 14:38:21,200 - DEBUG - bot.services.pinata - Кэш сохранен
2025-06-10 14:38:21,200 - INFO - __main__ - ✅ Загружен Kora Osiny.jpeg -> QmZGLPHZxDJP4VRbZbR8CRBY2widf5wMqMvu3rowhJGvCT за 1.9с
2025-06-10 14:38:21,200 - WARNING - __main__ - ⚠️ Пропуск Iveta_catalog.csv: Недопустимый тип файла: text/csv
2025-06-10 14:38:21,200 - INFO - __main__ - 🚀 Загружаем Blue Lotus — Tinctura.jpeg (размер: 226.8KB, тип: image/jpeg)
2025-06-10 14:38:21,200 - INFO - bot.services.pinata - Начинаем загрузку в IPFS: bot/catalog/Blue Lotus — Tinctura.jpeg
2025-06-10 14:38:21,202 - DEBUG - bot.services.pinata - SHA-256 хеш файла: 0264e9257e530f766c51f47d83ae78f210bc422eee7b65d687727c94e026be12
2025-06-10 14:38:21,202 - INFO - bot.services.pinata - Загружаем файл: Blue Lotus — Tinctura.jpeg
2025-06-10 14:38:21,202 - DEBUG - bot.services.pinata - Rate limiting: sleeping for 0.80 seconds
2025-06-10 14:38:22,010 - DEBUG - urllib3.connectionpool - Starting new HTTPS connection (1): api.pinata.cloud:443
2025-06-10 14:38:23,131 - DEBUG - urllib3.connectionpool - https://api.pinata.cloud:443 "POST /pinning/pinFileToIPFS HTTP/1.1" 200 273
2025-06-10 14:38:23,132 - INFO - bot.services.pinata - Успешно получен CID: QmeR4vHpCm6eiWnMkJGARA8WLUNc8jWWEq3L5bhJGNfWFW
2025-06-10 14:38:23,134 - DEBUG - bot.services.pinata - Кэш сохранен
2025-06-10 14:38:23,135 - INFO - __main__ - ✅ Загружен Blue Lotus — Tinctura.jpeg -> QmeR4vHpCm6eiWnMkJGARA8WLUNc8jWWEq3L5bhJGNfWFW за 1.9с
2025-06-10 14:38:23,135 - INFO - __main__ - 🚀 Загружаем Amanita — Collapsed hats.jpeg (размер: 356.3KB, тип: image/jpeg)
2025-06-10 14:38:23,135 - INFO - bot.services.pinata - Начинаем загрузку в IPFS: bot/catalog/Amanita — Collapsed hats.jpeg
2025-06-10 14:38:23,138 - DEBUG - bot.services.pinata - SHA-256 хеш файла: 0827e18cbd59367e7870c7f880e5ae1a256f81b2610fc2e99877a70d7703bc23
2025-06-10 14:38:23,138 - INFO - bot.services.pinata - Загружаем файл: Amanita — Collapsed hats.jpeg
2025-06-10 14:38:23,138 - DEBUG - bot.services.pinata - Rate limiting: sleeping for 0.87 seconds
2025-06-10 14:38:24,017 - DEBUG - urllib3.connectionpool - Starting new HTTPS connection (1): api.pinata.cloud:443
2025-06-10 14:38:25,502 - DEBUG - urllib3.connectionpool - https://api.pinata.cloud:443 "POST /pinning/pinFileToIPFS HTTP/1.1" 200 276
2025-06-10 14:38:25,502 - INFO - bot.services.pinata - Успешно получен CID: QmUPHsHyuDHKyVbduvqoooAYShFCSfYgcnEioxNNqgZK2B
2025-06-10 14:38:25,503 - DEBUG - bot.services.pinata - Кэш сохранен
2025-06-10 14:38:25,503 - INFO - __main__ - ✅ Загружен Amanita — Collapsed hats.jpeg -> QmUPHsHyuDHKyVbduvqoooAYShFCSfYgcnEioxNNqgZK2B за 2.4с
2025-06-10 14:38:25,503 - WARNING - __main__ - ⚠️ Пропуск catalog1.json: Недопустимый тип файла: application/json
2025-06-10 14:38:25,503 - WARNING - __main__ - ⚠️ Пропуск active_catalog.json: Недопустимый тип файла: application/json
2025-06-10 14:38:25,503 - INFO - __main__ - 🚀 Загружаем Amanita — Pantera.jpeg (размер: 274.2KB, тип: image/jpeg)
2025-06-10 14:38:25,503 - INFO - bot.services.pinata - Начинаем загрузку в IPFS: bot/catalog/Amanita — Pantera.jpeg
2025-06-10 14:38:25,505 - DEBUG - bot.services.pinata - SHA-256 хеш файла: 4a03e818b00f335d6069d5f692891d6a9d9beab7dc2a22965111d7aa1f95ac3d
2025-06-10 14:38:25,505 - INFO - bot.services.pinata - Загружаем файл: Amanita — Pantera.jpeg
2025-06-10 14:38:25,505 - DEBUG - bot.services.pinata - Rate limiting: sleeping for 0.51 seconds
2025-06-10 14:38:26,018 - DEBUG - urllib3.connectionpool - Starting new HTTPS connection (1): api.pinata.cloud:443
2025-06-10 14:38:27,172 - DEBUG - urllib3.connectionpool - https://api.pinata.cloud:443 "POST /pinning/pinFileToIPFS HTTP/1.1" 200 269
2025-06-10 14:38:27,172 - INFO - bot.services.pinata - Успешно получен CID: QmQxwESeMcEAc8VcYjd5ZQQwkaubp11vKo3kkJkx8SsTfn
2025-06-10 14:38:27,173 - DEBUG - bot.services.pinata - Кэш сохранен
2025-06-10 14:38:27,173 - INFO - __main__ - ✅ Загружен Amanita — Pantera.jpeg -> QmQxwESeMcEAc8VcYjd5ZQQwkaubp11vKo3kkJkx8SsTfn за 1.7с
2025-06-10 14:38:27,173 - INFO - __main__ - 🚀 Загружаем Chaga.jpeg (размер: 247.6KB, тип: image/jpeg)
2025-06-10 14:38:27,173 - INFO - bot.services.pinata - Начинаем загрузку в IPFS: bot/catalog/Chaga.jpeg
2025-06-10 14:38:27,174 - DEBUG - bot.services.pinata - SHA-256 хеш файла: c0a10d5cd479c9c6b9cffb57a0ca5193393b74a3653ffbdf8d5049368011106a
2025-06-10 14:38:27,174 - INFO - bot.services.pinata - Загружаем файл: Chaga.jpeg
2025-06-10 14:38:27,174 - DEBUG - bot.services.pinata - Rate limiting: sleeping for 0.84 seconds
2025-06-10 14:38:28,023 - DEBUG - urllib3.connectionpool - Starting new HTTPS connection (1): api.pinata.cloud:443
2025-06-10 14:38:29,267 - DEBUG - urllib3.connectionpool - https://api.pinata.cloud:443 "POST /pinning/pinFileToIPFS HTTP/1.1" 200 255
2025-06-10 14:38:29,268 - INFO - bot.services.pinata - Успешно получен CID: QmaUhzH11vG9aEH9MTpLHaVuBFMDPTXC9AcwcGBVoy2S5c
2025-06-10 14:38:29,268 - DEBUG - bot.services.pinata - Кэш сохранен
2025-06-10 14:38:29,269 - INFO - __main__ - ✅ Загружен Chaga.jpeg -> QmaUhzH11vG9aEH9MTpLHaVuBFMDPTXC9AcwcGBVoy2S5c за 2.1с
2025-06-10 14:38:29,269 - WARNING - __main__ - ⚠️ Пропуск images_upload_log.csv: Недопустимый тип файла: text/csv
2025-06-10 14:38:29,269 - INFO - __main__ - 🚀 Загружаем Lions Main.jpeg (размер: 272.7KB, тип: image/jpeg)
2025-06-10 14:38:29,269 - INFO - bot.services.pinata - Начинаем загрузку в IPFS: bot/catalog/Lions Main.jpeg
2025-06-10 14:38:29,270 - DEBUG - bot.services.pinata - SHA-256 хеш файла: e5cac3ac1c87d3f78d6ec542e1a6098f00f5612e3712ae73025cd9f703ad5505
2025-06-10 14:38:29,270 - INFO - bot.services.pinata - Загружаем файл: Lions Main.jpeg
2025-06-10 14:38:29,270 - DEBUG - bot.services.pinata - Rate limiting: sleeping for 0.75 seconds
2025-06-10 14:38:30,026 - DEBUG - urllib3.connectionpool - Starting new HTTPS connection (1): api.pinata.cloud:443
2025-06-10 14:38:31,115 - DEBUG - urllib3.connectionpool - https://api.pinata.cloud:443 "POST /pinning/pinFileToIPFS HTTP/1.1" 200 260
2025-06-10 14:38:31,115 - INFO - bot.services.pinata - Успешно получен CID: QmXzbH3aeiyYyn5b4YSHe2kvNCQuUXtMngL91MeVjHH3vJ
2025-06-10 14:38:31,115 - DEBUG - bot.services.pinata - Кэш сохранен
2025-06-10 14:38:31,116 - INFO - __main__ - ✅ Загружен Lions Main.jpeg -> QmXzbH3aeiyYyn5b4YSHe2kvNCQuUXtMngL91MeVjHH3vJ за 1.8с
2025-06-10 14:38:31,116 - WARNING - __main__ - ⚠️ Пропуск images_upload_log.json: Недопустимый тип файла: application/json
2025-06-10 14:38:31,116 - INFO - __main__ - 🚀 Загружаем Amanita — 1 level.jpeg (размер: 314.0KB, тип: image/jpeg)
2025-06-10 14:38:31,116 - INFO - bot.services.pinata - Начинаем загрузку в IPFS: bot/catalog/Amanita — 1 level.jpeg
2025-06-10 14:38:31,118 - DEBUG - bot.services.pinata - SHA-256 хеш файла: c86490afb18618a27c6c208a4d13c24056d9fad88dda0c641295b985594fee51
2025-06-10 14:38:31,118 - INFO - bot.services.pinata - Загружаем файл: Amanita — 1 level.jpeg
2025-06-10 14:38:31,118 - DEBUG - bot.services.pinata - Rate limiting: sleeping for 0.91 seconds
2025-06-10 14:38:32,031 - DEBUG - urllib3.connectionpool - Starting new HTTPS connection (1): api.pinata.cloud:443
2025-06-10 14:38:33,423 - DEBUG - urllib3.connectionpool - https://api.pinata.cloud:443 "POST /pinning/pinFileToIPFS HTTP/1.1" 200 269
2025-06-10 14:38:33,424 - INFO - bot.services.pinata - Успешно получен CID: QmYrs5gAMeZEmiFAJnmRcD19rpCpXF52ssMJ6X2oWrxWWj
2025-06-10 14:38:33,425 - DEBUG - bot.services.pinata - Кэш сохранен
2025-06-10 14:38:33,425 - INFO - __main__ - ✅ Загружен Amanita — 1 level.jpeg -> QmYrs5gAMeZEmiFAJnmRcD19rpCpXF52ssMJ6X2oWrxWWj за 2.3с
2025-06-10 14:38:33,427 - INFO - __main__ - 
==================================================
2025-06-10 14:38:33,427 - INFO - __main__ - 📊 Итоги загрузки:
2025-06-10 14:38:33,427 - INFO - __main__ - ✅ Успешно загружено: 17 файлов
2025-06-10 14:38:33,427 - INFO - __main__ - ❌ Ошибок загрузки: 12
2025-06-10 14:38:33,427 - INFO - __main__ - 📦 Общий размер: 4.7MB
2025-06-10 14:38:33,427 - INFO - __main__ - ⏱️ Общее время: 33.5с
2025-06-10 14:38:33,427 - INFO - __main__ - 📈 Средняя скорость: 0.1MB/s
2025-06-10 14:38:33,427 - INFO - __main__ - ==================================================
2025-06-10 14:38:33,427 - INFO - __main__ - 📝 Подробный лог сохранён в:
2025-06-10 14:38:33,427 - INFO - __main__ -    - bot/catalog/images_upload_log.json
2025-06-10 14:38:33,427 - INFO - __main__ -    - bot/catalog/images_upload_log.csv
2025-06-10 14:38:33,427 - INFO - __main__ -    - bot/catalog/upload_catalog.log
2025-06-10 22:55:20,772 - INFO - bot.services.ipfs_factory - Using Pinata storage
2025-06-10 22:55:20,783 - INFO - bot.services.pinata - Кэш загружен, 55 записей
2025-06-10 22:55:20,783 - INFO - __main__ - 🔧 Инициализирован загрузчик: SecurePinataUploader
2025-06-10 22:55:20,784 - INFO - __main__ - 📊 Найдено файлов для обработки: 32
2025-06-10 22:55:20,787 - INFO - __main__ - 🚀 Загружаем Lions Main — Powder.jpeg (размер: 229.2KB, тип: image/jpeg)
2025-06-10 22:55:20,787 - INFO - bot.services.pinata - Начинаем загрузку в IPFS: bot/catalog/Lions Main — Powder.jpeg
2025-06-10 22:55:20,790 - DEBUG - bot.services.pinata - SHA-256 хеш файла: 25f70cfefbd4c9da21d5442b30743d1a2daddfb66ed250c7f1f7f7e3268680b5
2025-06-10 22:55:20,790 - INFO - bot.services.pinata - Загружаем файл: Lions Main — Powder.jpeg
2025-06-10 22:55:20,886 - DEBUG - urllib3.connectionpool - Starting new HTTPS connection (1): api.pinata.cloud:443
2025-06-10 22:55:22,806 - DEBUG - urllib3.connectionpool - https://api.pinata.cloud:443 "POST /pinning/pinFileToIPFS HTTP/1.1" 200 271
2025-06-10 22:55:22,808 - INFO - bot.services.pinata - Метрики сохранены в metrics/pinata_metrics_20250610_225522.json
2025-06-10 22:55:22,808 - INFO - bot.services.pinata - Успешно получен CID: QmTU5LpEp2qDBpCiWnZHEDuUK7BES3gm8wNWihn7ShqjAv
2025-06-10 22:55:22,810 - DEBUG - bot.services.pinata - Кэш сохранен
2025-06-10 22:55:22,810 - INFO - __main__ - ✅ Загружен Lions Main — Powder.jpeg -> QmTU5LpEp2qDBpCiWnZHEDuUK7BES3gm8wNWihn7ShqjAv за 2.0с
2025-06-10 22:55:22,810 - WARNING - __main__ - ⚠️ Пропуск upload_log.csv: Недопустимый тип файла: text/csv
2025-06-10 22:55:22,810 - WARNING - __main__ - ⚠️ Пропуск organic_descriptions.json: Недопустимый тип файла: application/json
2025-06-10 22:55:22,810 - INFO - __main__ - 🚀 Загружаем Amanita — Closed hats.jpeg (размер: 333.8KB, тип: image/jpeg)
2025-06-10 22:55:22,810 - INFO - bot.services.pinata - Начинаем загрузку в IPFS: bot/catalog/Amanita — Closed hats.jpeg
2025-06-10 22:55:22,812 - DEBUG - bot.services.pinata - SHA-256 хеш файла: d59699ba4c1ee0d608111826d9de0ef10be56c89c5dd163c5e053c9021283d3c
2025-06-10 22:55:22,812 - INFO - bot.services.pinata - Загружаем файл: Amanita — Closed hats.jpeg
2025-06-10 22:55:22,814 - DEBUG - urllib3.connectionpool - Starting new HTTPS connection (1): api.pinata.cloud:443
2025-06-10 22:55:25,150 - DEBUG - urllib3.connectionpool - https://api.pinata.cloud:443 "POST /pinning/pinFileToIPFS HTTP/1.1" 200 273
2025-06-10 22:55:25,151 - INFO - bot.services.pinata - Успешно получен CID: QmbTBHeByJwUP9JyTo2GcHzj1YwzVww6zXrEDFt3zgdwQ1
2025-06-10 22:55:25,151 - DEBUG - bot.services.pinata - Кэш сохранен
2025-06-10 22:55:25,151 - INFO - __main__ - ✅ Загружен Amanita — Closed hats.jpeg -> QmbTBHeByJwUP9JyTo2GcHzj1YwzVww6zXrEDFt3zgdwQ1 за 2.3с
2025-06-10 22:55:25,152 - WARNING - __main__ - ⚠️ Пропуск Iveta_catalog.original.csv: Недопустимый тип файла: text/csv
2025-06-10 22:55:25,152 - WARNING - __main__ - ⚠️ Пропуск upload_catalog.log: Недопустимый тип файла: text/plain
2025-06-10 22:55:25,152 - WARNING - __main__ - ⚠️ Пропуск product_registry_upload_data.json: Недопустимый тип файла: application/json
2025-06-10 22:55:25,155 - WARNING - __main__ - ⚠️ Пропуск catalog2.json: Недопустимый тип файла: application/json
2025-06-10 22:55:25,155 - WARNING - __main__ - ⚠️ Пропуск catalog_images.json: Недопустимый тип файла: application/json
2025-06-10 22:55:25,155 - INFO - __main__ - 🚀 Загружаем Blue Lotus.jpeg (размер: 317.3KB, тип: image/jpeg)
2025-06-10 22:55:25,156 - INFO - bot.services.pinata - Начинаем загрузку в IPFS: bot/catalog/Blue Lotus.jpeg
2025-06-10 22:55:25,157 - DEBUG - bot.services.pinata - SHA-256 хеш файла: ba7c12a6ce8c200e2b634a51406fdca97fc522332a107ff965d37ef88faf0178
2025-06-10 22:55:25,157 - INFO - bot.services.pinata - Загружаем файл: Blue Lotus.jpeg
2025-06-10 22:55:25,159 - DEBUG - urllib3.connectionpool - Starting new HTTPS connection (1): api.pinata.cloud:443
2025-06-10 22:55:26,768 - DEBUG - urllib3.connectionpool - https://api.pinata.cloud:443 "POST /pinning/pinFileToIPFS HTTP/1.1" 200 260
2025-06-10 22:55:26,773 - INFO - bot.services.pinata - Успешно получен CID: QmT5RC6Q6MRRF3YoDcXmKamKntXT6oSvxk3G2aLDkPc17T
2025-06-10 22:55:26,775 - DEBUG - bot.services.pinata - Кэш сохранен
2025-06-10 22:55:26,777 - INFO - __main__ - ✅ Загружен Blue Lotus.jpeg -> QmT5RC6Q6MRRF3YoDcXmKamKntXT6oSvxk3G2aLDkPc17T за 1.6с
2025-06-10 22:55:26,778 - INFO - __main__ - 🚀 Загружаем Amanita — Powder.jpeg (размер: 287.9KB, тип: image/jpeg)
2025-06-10 22:55:26,778 - INFO - bot.services.pinata - Начинаем загрузку в IPFS: bot/catalog/Amanita — Powder.jpeg
2025-06-10 22:55:26,782 - DEBUG - bot.services.pinata - SHA-256 хеш файла: 9b08c086bc850abd9a14c81de3bea18561dcc1d289b9a6e4260751daf0fb3ffe
2025-06-10 22:55:26,782 - INFO - bot.services.pinata - Загружаем файл: Amanita — Powder.jpeg
2025-06-10 22:55:26,783 - DEBUG - bot.services.pinata - Rate limiting: sleeping for 0.37 seconds
2025-06-10 22:55:27,165 - DEBUG - urllib3.connectionpool - Starting new HTTPS connection (1): api.pinata.cloud:443
2025-06-10 22:55:28,683 - DEBUG - urllib3.connectionpool - https://api.pinata.cloud:443 "POST /pinning/pinFileToIPFS HTTP/1.1" 200 268
2025-06-10 22:55:28,683 - INFO - bot.services.pinata - Успешно получен CID: QmWwjNvD8HX6WB2TLsxiEhciMJCHRfiZBw9G2wgfqKyPbd
2025-06-10 22:55:28,683 - DEBUG - bot.services.pinata - Кэш сохранен
2025-06-10 22:55:28,683 - INFO - __main__ - ✅ Загружен Amanita — Powder.jpeg -> QmWwjNvD8HX6WB2TLsxiEhciMJCHRfiZBw9G2wgfqKyPbd за 1.9с
2025-06-10 22:55:28,684 - INFO - __main__ - 🚀 Загружаем Amanita — Tinctura.jpeg (размер: 220.1KB, тип: image/jpeg)
2025-06-10 22:55:28,684 - INFO - bot.services.pinata - Начинаем загрузку в IPFS: bot/catalog/Amanita — Tinctura.jpeg
2025-06-10 22:55:28,685 - DEBUG - bot.services.pinata - SHA-256 хеш файла: e2051e155da0732ec02c44bd944f70ad0ceb253896e575fd50e97bfc439b7be6
2025-06-10 22:55:28,685 - INFO - bot.services.pinata - Загружаем файл: Amanita — Tinctura.jpeg
2025-06-10 22:55:28,685 - DEBUG - bot.services.pinata - Rate limiting: sleeping for 0.48 seconds
2025-06-10 22:55:29,166 - DEBUG - urllib3.connectionpool - Starting new HTTPS connection (1): api.pinata.cloud:443
2025-06-10 22:55:30,520 - DEBUG - urllib3.connectionpool - https://api.pinata.cloud:443 "POST /pinning/pinFileToIPFS HTTP/1.1" 200 270
2025-06-10 22:55:30,521 - INFO - bot.services.pinata - Успешно получен CID: QmbGrAqeugUxZZxWojavu4rbHdk5XNmSsSv92UV8FKjyHa
2025-06-10 22:55:30,522 - DEBUG - bot.services.pinata - Кэш сохранен
2025-06-10 22:55:30,522 - INFO - __main__ - ✅ Загружен Amanita — Tinctura.jpeg -> QmbGrAqeugUxZZxWojavu4rbHdk5XNmSsSv92UV8FKjyHa за 1.8с
2025-06-10 22:55:30,523 - INFO - __main__ - 🚀 Загружаем Foxes.jpeg (размер: 271.4KB, тип: image/jpeg)
2025-06-10 22:55:30,523 - INFO - bot.services.pinata - Начинаем загрузку в IPFS: bot/catalog/Foxes.jpeg
2025-06-10 22:55:30,524 - DEBUG - bot.services.pinata - SHA-256 хеш файла: 2e028b389d8a8d09e3878e2ff4282581efefb8586a48cc62981a5b66108027dc
2025-06-10 22:55:30,524 - INFO - bot.services.pinata - Загружаем файл: Foxes.jpeg
2025-06-10 22:55:30,524 - DEBUG - bot.services.pinata - Rate limiting: sleeping for 0.64 seconds
2025-06-10 22:55:31,172 - DEBUG - urllib3.connectionpool - Starting new HTTPS connection (1): api.pinata.cloud:443
2025-06-10 22:55:32,391 - DEBUG - urllib3.connectionpool - https://api.pinata.cloud:443 "POST /pinning/pinFileToIPFS HTTP/1.1" 200 255
2025-06-10 22:55:32,392 - INFO - bot.services.pinata - Успешно получен CID: QmNULQzUp3TGVR6mbSEH9WBjbrGGgN3dy6wZF8KYAKNvGa
2025-06-10 22:55:32,392 - DEBUG - bot.services.pinata - Кэш сохранен
2025-06-10 22:55:32,393 - INFO - __main__ - ✅ Загружен Foxes.jpeg -> QmNULQzUp3TGVR6mbSEH9WBjbrGGgN3dy6wZF8KYAKNvGa за 1.9с
2025-06-10 22:55:32,393 - WARNING - __main__ - ⚠️ Пропуск organic_cid_mapping.json: Недопустимый тип файла: application/json
2025-06-10 22:55:32,393 - INFO - __main__ - 🚀 Загружаем Passion Flower.jpeg (размер: 245.6KB, тип: image/jpeg)
2025-06-10 22:55:32,393 - INFO - bot.services.pinata - Начинаем загрузку в IPFS: bot/catalog/Passion Flower.jpeg
2025-06-10 22:55:32,394 - DEBUG - bot.services.pinata - SHA-256 хеш файла: 624c02f4e37646b09d55c03d70a40a6f8ae5861cd07ea6ac2eafd1cdb2157bbd
2025-06-10 22:55:32,394 - INFO - bot.services.pinata - Загружаем файл: Passion Flower.jpeg
2025-06-10 22:55:32,394 - DEBUG - bot.services.pinata - Rate limiting: sleeping for 0.78 seconds
2025-06-10 22:55:33,185 - DEBUG - urllib3.connectionpool - Starting new HTTPS connection (1): api.pinata.cloud:443
2025-06-10 22:55:34,478 - DEBUG - urllib3.connectionpool - https://api.pinata.cloud:443 "POST /pinning/pinFileToIPFS HTTP/1.1" 200 264
2025-06-10 22:55:34,478 - INFO - bot.services.pinata - Успешно получен CID: QmbtaSzChNvcjXEZZc3PpMXpcwVjpgQ5v1qfktbNGwuZZa
2025-06-10 22:55:34,479 - DEBUG - bot.services.pinata - Кэш сохранен
2025-06-10 22:55:34,479 - INFO - __main__ - ✅ Загружен Passion Flower.jpeg -> QmbtaSzChNvcjXEZZc3PpMXpcwVjpgQ5v1qfktbNGwuZZa за 2.1с
2025-06-10 22:55:34,479 - INFO - __main__ - 🚀 Загружаем Amanita — LUX.jpeg (размер: 331.3KB, тип: image/jpeg)
2025-06-10 22:55:34,479 - INFO - bot.services.pinata - Начинаем загрузку в IPFS: bot/catalog/Amanita — LUX.jpeg
2025-06-10 22:55:34,480 - DEBUG - bot.services.pinata - SHA-256 хеш файла: 6e8019587e6e29d45aa9b0f3427ec611f1c00e6892bad4b32873d43384e1c492
2025-06-10 22:55:34,480 - INFO - bot.services.pinata - Загружаем файл: Amanita — LUX.jpeg
2025-06-10 22:55:34,480 - DEBUG - bot.services.pinata - Rate limiting: sleeping for 0.69 seconds
2025-06-10 22:55:35,183 - DEBUG - urllib3.connectionpool - Starting new HTTPS connection (1): api.pinata.cloud:443
2025-06-10 22:55:36,455 - DEBUG - urllib3.connectionpool - https://api.pinata.cloud:443 "POST /pinning/pinFileToIPFS HTTP/1.1" 200 265
2025-06-10 22:55:36,456 - INFO - bot.services.pinata - Успешно получен CID: Qmat1agJkdYK5uX8YZoJvQnQ3zzqSaavmzUEhpEfQHD4gz
2025-06-10 22:55:36,457 - DEBUG - bot.services.pinata - Кэш сохранен
2025-06-10 22:55:36,457 - INFO - __main__ - ✅ Загружен Amanita — LUX.jpeg -> Qmat1agJkdYK5uX8YZoJvQnQ3zzqSaavmzUEhpEfQHD4gz за 2.0с
2025-06-10 22:55:36,457 - INFO - __main__ - 🚀 Загружаем Cordyseps Militaris.jpeg (размер: 274.0KB, тип: image/jpeg)
2025-06-10 22:55:36,457 - INFO - bot.services.pinata - Начинаем загрузку в IPFS: bot/catalog/Cordyseps Militaris.jpeg
2025-06-10 22:55:36,458 - DEBUG - bot.services.pinata - SHA-256 хеш файла: 4de3f0cddf6f4f3bf9a9175e25789c2fe835d68599637381b2709a3e2078bb91
2025-06-10 22:55:36,458 - INFO - bot.services.pinata - Загружаем файл: Cordyseps Militaris.jpeg
2025-06-10 22:55:36,458 - DEBUG - bot.services.pinata - Rate limiting: sleeping for 0.72 seconds
2025-06-10 22:55:37,185 - DEBUG - urllib3.connectionpool - Starting new HTTPS connection (1): api.pinata.cloud:443
2025-06-10 22:55:38,625 - DEBUG - urllib3.connectionpool - https://api.pinata.cloud:443 "POST /pinning/pinFileToIPFS HTTP/1.1" 200 269
2025-06-10 22:55:38,626 - INFO - bot.services.pinata - Успешно получен CID: QmfYLGvSUq2FEszpyLoyu28PLmeTMXk6zikT3c5W43kshP
2025-06-10 22:55:38,626 - DEBUG - bot.services.pinata - Кэш сохранен
2025-06-10 22:55:38,627 - INFO - __main__ - ✅ Загружен Cordyseps Militaris.jpeg -> QmfYLGvSUq2FEszpyLoyu28PLmeTMXk6zikT3c5W43kshP за 2.2с
2025-06-10 22:55:38,627 - INFO - __main__ - 🚀 Загружаем Cordyseps Militaris — Powder.jpeg (размер: 249.8KB, тип: image/jpeg)
2025-06-10 22:55:38,627 - INFO - bot.services.pinata - Начинаем загрузку в IPFS: bot/catalog/Cordyseps Militaris — Powder.jpeg
2025-06-10 22:55:38,628 - DEBUG - bot.services.pinata - SHA-256 хеш файла: 0305cce050a6606ecd874754687c9b79f4d7fe0137431f9b1b63773c7857e2ca
2025-06-10 22:55:38,628 - INFO - bot.services.pinata - Загружаем файл: Cordyseps Militaris — Powder.jpeg
2025-06-10 22:55:38,628 - DEBUG - bot.services.pinata - Rate limiting: sleeping for 0.55 seconds
2025-06-10 22:55:39,185 - DEBUG - urllib3.connectionpool - Starting new HTTPS connection (1): api.pinata.cloud:443
2025-06-10 22:55:40,497 - DEBUG - urllib3.connectionpool - https://api.pinata.cloud:443 "POST /pinning/pinFileToIPFS HTTP/1.1" 200 280
2025-06-10 22:55:40,498 - INFO - bot.services.pinata - Успешно получен CID: QmW25vHA9WA78VENPus3A8Zrn45YeFMjVKWLJwfA5CEfSQ
2025-06-10 22:55:40,499 - DEBUG - bot.services.pinata - Кэш сохранен
2025-06-10 22:55:40,499 - INFO - __main__ - ✅ Загружен Cordyseps Militaris — Powder.jpeg -> QmW25vHA9WA78VENPus3A8Zrn45YeFMjVKWLJwfA5CEfSQ за 1.9с
2025-06-10 22:55:40,499 - INFO - __main__ - 🚀 Загружаем Kora Osiny.jpeg (размер: 287.8KB, тип: image/jpeg)
2025-06-10 22:55:40,499 - INFO - bot.services.pinata - Начинаем загрузку в IPFS: bot/catalog/Kora Osiny.jpeg
2025-06-10 22:55:40,501 - DEBUG - bot.services.pinata - SHA-256 хеш файла: bfe3190434904552c5f6074d4c56c5cd0cc8b51ff247caf2bf94882434e6c27e
2025-06-10 22:55:40,501 - INFO - bot.services.pinata - Загружаем файл: Kora Osiny.jpeg
2025-06-10 22:55:40,501 - DEBUG - bot.services.pinata - Rate limiting: sleeping for 0.68 seconds
2025-06-10 22:55:41,196 - DEBUG - urllib3.connectionpool - Starting new HTTPS connection (1): api.pinata.cloud:443
2025-06-10 22:55:42,564 - DEBUG - urllib3.connectionpool - https://api.pinata.cloud:443 "POST /pinning/pinFileToIPFS HTTP/1.1" 200 260
2025-06-10 22:55:42,564 - INFO - bot.services.pinata - Успешно получен CID: QmZGLPHZxDJP4VRbZbR8CRBY2widf5wMqMvu3rowhJGvCT
2025-06-10 22:55:42,565 - DEBUG - bot.services.pinata - Кэш сохранен
2025-06-10 22:55:42,565 - INFO - __main__ - ✅ Загружен Kora Osiny.jpeg -> QmZGLPHZxDJP4VRbZbR8CRBY2widf5wMqMvu3rowhJGvCT за 2.1с
2025-06-10 22:55:42,565 - WARNING - __main__ - ⚠️ Пропуск Iveta_catalog.csv: Недопустимый тип файла: text/csv
2025-06-10 22:55:42,565 - INFO - __main__ - 🚀 Загружаем Blue Lotus — Tinctura.jpeg (размер: 226.8KB, тип: image/jpeg)
2025-06-10 22:55:42,565 - INFO - bot.services.pinata - Начинаем загрузку в IPFS: bot/catalog/Blue Lotus — Tinctura.jpeg
2025-06-10 22:55:42,566 - DEBUG - bot.services.pinata - SHA-256 хеш файла: 0264e9257e530f766c51f47d83ae78f210bc422eee7b65d687727c94e026be12
2025-06-10 22:55:42,566 - INFO - bot.services.pinata - Загружаем файл: Blue Lotus — Tinctura.jpeg
2025-06-10 22:55:42,567 - DEBUG - bot.services.pinata - Rate limiting: sleeping for 0.62 seconds
2025-06-10 22:55:43,195 - DEBUG - urllib3.connectionpool - Starting new HTTPS connection (1): api.pinata.cloud:443
2025-06-10 22:55:44,492 - DEBUG - urllib3.connectionpool - https://api.pinata.cloud:443 "POST /pinning/pinFileToIPFS HTTP/1.1" 200 273
2025-06-10 22:55:44,493 - INFO - bot.services.pinata - Успешно получен CID: QmeR4vHpCm6eiWnMkJGARA8WLUNc8jWWEq3L5bhJGNfWFW
2025-06-10 22:55:44,493 - DEBUG - bot.services.pinata - Кэш сохранен
2025-06-10 22:55:44,493 - INFO - __main__ - ✅ Загружен Blue Lotus — Tinctura.jpeg -> QmeR4vHpCm6eiWnMkJGARA8WLUNc8jWWEq3L5bhJGNfWFW за 1.9с
2025-06-10 22:55:44,493 - INFO - __main__ - 🚀 Загружаем Amanita — Collapsed hats.jpeg (размер: 356.3KB, тип: image/jpeg)
2025-06-10 22:55:44,493 - INFO - bot.services.pinata - Начинаем загрузку в IPFS: bot/catalog/Amanita — Collapsed hats.jpeg
2025-06-10 22:55:44,495 - DEBUG - bot.services.pinata - SHA-256 хеш файла: 0827e18cbd59367e7870c7f880e5ae1a256f81b2610fc2e99877a70d7703bc23
2025-06-10 22:55:44,495 - INFO - bot.services.pinata - Загружаем файл: Amanita — Collapsed hats.jpeg
2025-06-10 22:55:44,495 - DEBUG - bot.services.pinata - Rate limiting: sleeping for 0.70 seconds
2025-06-10 22:55:45,334 - DEBUG - urllib3.connectionpool - Starting new HTTPS connection (1): api.pinata.cloud:443
2025-06-10 22:55:46,628 - DEBUG - urllib3.connectionpool - https://api.pinata.cloud:443 "POST /pinning/pinFileToIPFS HTTP/1.1" 200 276
2025-06-10 22:55:46,628 - INFO - bot.services.pinata - Успешно получен CID: QmUPHsHyuDHKyVbduvqoooAYShFCSfYgcnEioxNNqgZK2B
2025-06-10 22:55:46,629 - DEBUG - bot.services.pinata - Кэш сохранен
2025-06-10 22:55:46,630 - INFO - __main__ - ✅ Загружен Amanita — Collapsed hats.jpeg -> QmUPHsHyuDHKyVbduvqoooAYShFCSfYgcnEioxNNqgZK2B за 2.1с
2025-06-10 22:55:46,630 - WARNING - __main__ - ⚠️ Пропуск catalog1.json: Недопустимый тип файла: application/json
2025-06-10 22:55:46,630 - WARNING - __main__ - ⚠️ Пропуск active_catalog.json: Недопустимый тип файла: application/json
2025-06-10 22:55:46,630 - INFO - __main__ - 🚀 Загружаем Amanita — Pantera.jpeg (размер: 274.2KB, тип: image/jpeg)
2025-06-10 22:55:46,630 - INFO - bot.services.pinata - Начинаем загрузку в IPFS: bot/catalog/Amanita — Pantera.jpeg
2025-06-10 22:55:46,631 - DEBUG - bot.services.pinata - SHA-256 хеш файла: 4a03e818b00f335d6069d5f692891d6a9d9beab7dc2a22965111d7aa1f95ac3d
2025-06-10 22:55:46,631 - INFO - bot.services.pinata - Загружаем файл: Amanita — Pantera.jpeg
2025-06-10 22:55:46,631 - DEBUG - bot.services.pinata - Rate limiting: sleeping for 0.58 seconds
2025-06-10 22:55:47,216 - DEBUG - urllib3.connectionpool - Starting new HTTPS connection (1): api.pinata.cloud:443
2025-06-10 22:55:48,484 - DEBUG - urllib3.connectionpool - https://api.pinata.cloud:443 "POST /pinning/pinFileToIPFS HTTP/1.1" 200 269
2025-06-10 22:55:48,485 - INFO - bot.services.pinata - Успешно получен CID: QmQxwESeMcEAc8VcYjd5ZQQwkaubp11vKo3kkJkx8SsTfn
2025-06-10 22:55:48,485 - DEBUG - bot.services.pinata - Кэш сохранен
2025-06-10 22:55:48,485 - INFO - __main__ - ✅ Загружен Amanita — Pantera.jpeg -> QmQxwESeMcEAc8VcYjd5ZQQwkaubp11vKo3kkJkx8SsTfn за 1.9с
2025-06-10 22:55:48,485 - WARNING - __main__ - ⚠️ Пропуск Iveta_catalog_structured.csv: Недопустимый тип файла: text/csv
2025-06-10 22:55:48,485 - INFO - __main__ - 🚀 Загружаем Chaga.jpeg (размер: 247.6KB, тип: image/jpeg)
2025-06-10 22:55:48,485 - INFO - bot.services.pinata - Начинаем загрузку в IPFS: bot/catalog/Chaga.jpeg
2025-06-10 22:55:48,486 - DEBUG - bot.services.pinata - SHA-256 хеш файла: c0a10d5cd479c9c6b9cffb57a0ca5193393b74a3653ffbdf8d5049368011106a
2025-06-10 22:55:48,486 - INFO - bot.services.pinata - Загружаем файл: Chaga.jpeg
2025-06-10 22:55:48,487 - DEBUG - bot.services.pinata - Rate limiting: sleeping for 0.73 seconds
2025-06-10 22:55:49,219 - DEBUG - urllib3.connectionpool - Starting new HTTPS connection (1): api.pinata.cloud:443
2025-06-10 22:55:50,700 - DEBUG - urllib3.connectionpool - https://api.pinata.cloud:443 "POST /pinning/pinFileToIPFS HTTP/1.1" 200 255
2025-06-10 22:55:50,702 - INFO - bot.services.pinata - Успешно получен CID: QmaUhzH11vG9aEH9MTpLHaVuBFMDPTXC9AcwcGBVoy2S5c
2025-06-10 22:55:50,703 - DEBUG - bot.services.pinata - Кэш сохранен
2025-06-10 22:55:50,703 - INFO - __main__ - ✅ Загружен Chaga.jpeg -> QmaUhzH11vG9aEH9MTpLHaVuBFMDPTXC9AcwcGBVoy2S5c за 2.2с
2025-06-10 22:55:50,703 - WARNING - __main__ - ⚠️ Пропуск images_upload_log.csv: Недопустимый тип файла: text/csv
2025-06-10 22:55:50,703 - INFO - __main__ - 🚀 Загружаем Lions Main.jpeg (размер: 272.7KB, тип: image/jpeg)
2025-06-10 22:55:50,703 - INFO - bot.services.pinata - Начинаем загрузку в IPFS: bot/catalog/Lions Main.jpeg
2025-06-10 22:55:50,704 - DEBUG - bot.services.pinata - SHA-256 хеш файла: e5cac3ac1c87d3f78d6ec542e1a6098f00f5612e3712ae73025cd9f703ad5505
2025-06-10 22:55:50,704 - INFO - bot.services.pinata - Загружаем файл: Lions Main.jpeg
2025-06-10 22:55:50,704 - DEBUG - bot.services.pinata - Rate limiting: sleeping for 0.51 seconds
2025-06-10 22:55:51,226 - DEBUG - urllib3.connectionpool - Starting new HTTPS connection (1): api.pinata.cloud:443
2025-06-10 22:55:52,633 - DEBUG - urllib3.connectionpool - https://api.pinata.cloud:443 "POST /pinning/pinFileToIPFS HTTP/1.1" 200 260
2025-06-10 22:55:52,633 - INFO - bot.services.pinata - Успешно получен CID: QmXzbH3aeiyYyn5b4YSHe2kvNCQuUXtMngL91MeVjHH3vJ
2025-06-10 22:55:52,634 - DEBUG - bot.services.pinata - Кэш сохранен
2025-06-10 22:55:52,634 - INFO - __main__ - ✅ Загружен Lions Main.jpeg -> QmXzbH3aeiyYyn5b4YSHe2kvNCQuUXtMngL91MeVjHH3vJ за 1.9с
2025-06-10 22:55:52,634 - WARNING - __main__ - ⚠️ Пропуск images_upload_log.json: Недопустимый тип файла: application/json
2025-06-10 22:55:52,634 - INFO - __main__ - 🚀 Загружаем Amanita — 1 level.jpeg (размер: 314.0KB, тип: image/jpeg)
2025-06-10 22:55:52,634 - INFO - bot.services.pinata - Начинаем загрузку в IPFS: bot/catalog/Amanita — 1 level.jpeg
2025-06-10 22:55:52,637 - DEBUG - bot.services.pinata - SHA-256 хеш файла: c86490afb18618a27c6c208a4d13c24056d9fad88dda0c641295b985594fee51
2025-06-10 22:55:52,637 - INFO - bot.services.pinata - Загружаем файл: Amanita — 1 level.jpeg
2025-06-10 22:55:52,637 - DEBUG - bot.services.pinata - Rate limiting: sleeping for 0.59 seconds
2025-06-10 22:55:53,228 - DEBUG - urllib3.connectionpool - Starting new HTTPS connection (1): api.pinata.cloud:443
2025-06-10 22:55:54,660 - DEBUG - urllib3.connectionpool - https://api.pinata.cloud:443 "POST /pinning/pinFileToIPFS HTTP/1.1" 200 269
2025-06-10 22:55:54,660 - INFO - bot.services.pinata - Успешно получен CID: QmYrs5gAMeZEmiFAJnmRcD19rpCpXF52ssMJ6X2oWrxWWj
2025-06-10 22:55:54,660 - DEBUG - bot.services.pinata - Кэш сохранен
2025-06-10 22:55:54,660 - INFO - __main__ - ✅ Загружен Amanita — 1 level.jpeg -> QmYrs5gAMeZEmiFAJnmRcD19rpCpXF52ssMJ6X2oWrxWWj за 2.0с
2025-06-10 22:55:54,662 - INFO - __main__ - 
==================================================
2025-06-10 22:55:54,662 - INFO - __main__ - 📊 Итоги загрузки:
2025-06-10 22:55:54,662 - INFO - __main__ - ✅ Успешно загружено: 17 файлов
2025-06-10 22:55:54,662 - INFO - __main__ - ❌ Ошибок загрузки: 14
2025-06-10 22:55:54,662 - INFO - __main__ - 📦 Общий размер: 4.8MB
2025-06-10 22:55:54,662 - INFO - __main__ - ⏱️ Общее время: 33.9с
2025-06-10 22:55:54,662 - INFO - __main__ - 📈 Средняя скорость: 0.1MB/s
2025-06-10 22:55:54,662 - INFO - __main__ - ==================================================
2025-06-10 22:55:54,662 - INFO - __main__ - 📝 Подробный лог сохранён в:
2025-06-10 22:55:54,662 - INFO - __main__ -    - bot/catalog/images_upload_log.json
2025-06-10 22:55:54,662 - INFO - __main__ -    - bot/catalog/images_upload_log.csv
2025-06-10 22:55:54,662 - INFO - __main__ -    - bot/catalog/upload_catalog.log
2025-06-10 23:30:28,229 - INFO - __main__ - 🚀 Запуск пайплайна подготовки каталога
2025-06-10 23:30:28,230 - INFO - __main__ - 🖼️ Загрузка изображений...
2025-06-10 23:30:28,231 - INFO - bot.services.ipfs_factory - Using Pinata storage
2025-06-10 23:30:28,233 - INFO - bot.services.pinata - Кэш загружен, 55 записей
2025-06-10 23:30:28,233 - INFO - bot.utility.upload_catalog_images.facade - 🔧 Инициализирован загрузчик: SecurePinataUploader
2025-06-10 23:30:28,234 - INFO - bot.utility.upload_catalog_images.facade - 📊 Найдено файлов для обработки: 32
2025-06-10 23:30:28,238 - INFO - bot.utility.upload_catalog_images.facade - 🚀 Загружаем Lions Main — Powder.jpeg (размер: 229.2KB, тип: image/jpeg)
2025-06-10 23:30:28,238 - INFO - bot.services.pinata - Начинаем загрузку в IPFS: bot/catalog/Lions Main — Powder.jpeg
2025-06-10 23:30:28,242 - DEBUG - bot.services.pinata - SHA-256 хеш файла: 25f70cfefbd4c9da21d5442b30743d1a2daddfb66ed250c7f1f7f7e3268680b5
2025-06-10 23:30:28,242 - INFO - bot.services.pinata - Загружаем файл: Lions Main — Powder.jpeg
2025-06-10 23:30:30,336 - INFO - bot.services.pinata - Метрики сохранены в metrics/pinata_metrics_20250610_233030.json
2025-06-10 23:30:30,336 - INFO - bot.services.pinata - Успешно получен CID: QmTU5LpEp2qDBpCiWnZHEDuUK7BES3gm8wNWihn7ShqjAv
2025-06-10 23:30:30,338 - DEBUG - bot.services.pinata - Кэш сохранен
2025-06-10 23:30:30,339 - INFO - bot.utility.upload_catalog_images.facade - ✅ Загружен Lions Main — Powder.jpeg -> QmTU5LpEp2qDBpCiWnZHEDuUK7BES3gm8wNWihn7ShqjAv за 2.1с
2025-06-10 23:30:30,339 - WARNING - bot.utility.upload_catalog_images.facade - ⚠️ Пропуск upload_log.csv: Недопустимый тип файла: text/csv
2025-06-10 23:30:30,339 - WARNING - bot.utility.upload_catalog_images.facade - ⚠️ Пропуск organic_descriptions.json: Недопустимый тип файла: application/json
2025-06-10 23:30:30,339 - INFO - bot.utility.upload_catalog_images.facade - 🚀 Загружаем Amanita — Closed hats.jpeg (размер: 333.8KB, тип: image/jpeg)
2025-06-10 23:30:30,339 - INFO - bot.services.pinata - Начинаем загрузку в IPFS: bot/catalog/Amanita — Closed hats.jpeg
2025-06-10 23:30:30,340 - DEBUG - bot.services.pinata - SHA-256 хеш файла: d59699ba4c1ee0d608111826d9de0ef10be56c89c5dd163c5e053c9021283d3c
2025-06-10 23:30:30,340 - INFO - bot.services.pinata - Загружаем файл: Amanita — Closed hats.jpeg
2025-06-10 23:30:31,730 - INFO - bot.services.pinata - Успешно получен CID: QmbTBHeByJwUP9JyTo2GcHzj1YwzVww6zXrEDFt3zgdwQ1
2025-06-10 23:30:31,731 - DEBUG - bot.services.pinata - Кэш сохранен
2025-06-10 23:30:31,732 - INFO - bot.utility.upload_catalog_images.facade - ✅ Загружен Amanita — Closed hats.jpeg -> QmbTBHeByJwUP9JyTo2GcHzj1YwzVww6zXrEDFt3zgdwQ1 за 1.4с
2025-06-10 23:30:31,732 - WARNING - bot.utility.upload_catalog_images.facade - ⚠️ Пропуск Iveta_catalog.original.csv: Недопустимый тип файла: text/csv
2025-06-10 23:30:31,732 - WARNING - bot.utility.upload_catalog_images.facade - ⚠️ Пропуск upload_catalog.log: Недопустимый тип файла: text/plain
2025-06-10 23:30:31,732 - WARNING - bot.utility.upload_catalog_images.facade - ⚠️ Пропуск product_registry_upload_data.json: Недопустимый тип файла: application/json
2025-06-10 23:30:31,732 - WARNING - bot.utility.upload_catalog_images.facade - ⚠️ Пропуск catalog2.json: Недопустимый тип файла: application/json
2025-06-10 23:30:31,732 - WARNING - bot.utility.upload_catalog_images.facade - ⚠️ Пропуск catalog_images.json: Недопустимый тип файла: application/json
2025-06-10 23:30:31,732 - INFO - bot.utility.upload_catalog_images.facade - 🚀 Загружаем Blue Lotus.jpeg (размер: 317.3KB, тип: image/jpeg)
2025-06-10 23:30:31,732 - INFO - bot.services.pinata - Начинаем загрузку в IPFS: bot/catalog/Blue Lotus.jpeg
2025-06-10 23:30:31,734 - DEBUG - bot.services.pinata - SHA-256 хеш файла: ba7c12a6ce8c200e2b634a51406fdca97fc522332a107ff965d37ef88faf0178
2025-06-10 23:30:31,734 - INFO - bot.services.pinata - Загружаем файл: Blue Lotus.jpeg
2025-06-10 23:30:31,734 - DEBUG - bot.services.pinata - Rate limiting: sleeping for 0.61 seconds
2025-06-10 23:30:33,975 - INFO - bot.services.pinata - Успешно получен CID: QmT5RC6Q6MRRF3YoDcXmKamKntXT6oSvxk3G2aLDkPc17T
2025-06-10 23:30:33,977 - DEBUG - bot.services.pinata - Кэш сохранен
2025-06-10 23:30:33,977 - INFO - bot.utility.upload_catalog_images.facade - ✅ Загружен Blue Lotus.jpeg -> QmT5RC6Q6MRRF3YoDcXmKamKntXT6oSvxk3G2aLDkPc17T за 2.2с
2025-06-10 23:30:33,977 - INFO - bot.utility.upload_catalog_images.facade - 🚀 Загружаем Amanita — Powder.jpeg (размер: 287.9KB, тип: image/jpeg)
2025-06-10 23:30:33,977 - INFO - bot.services.pinata - Начинаем загрузку в IPFS: bot/catalog/Amanita — Powder.jpeg
2025-06-10 23:30:33,978 - DEBUG - bot.services.pinata - SHA-256 хеш файла: 9b08c086bc850abd9a14c81de3bea18561dcc1d289b9a6e4260751daf0fb3ffe
2025-06-10 23:30:33,978 - INFO - bot.services.pinata - Загружаем файл: Amanita — Powder.jpeg
2025-06-10 23:30:33,978 - DEBUG - bot.services.pinata - Rate limiting: sleeping for 0.36 seconds
2025-06-10 23:30:35,729 - INFO - bot.services.pinata - Успешно получен CID: QmWwjNvD8HX6WB2TLsxiEhciMJCHRfiZBw9G2wgfqKyPbd
2025-06-10 23:30:35,731 - DEBUG - bot.services.pinata - Кэш сохранен
2025-06-10 23:30:35,731 - INFO - bot.utility.upload_catalog_images.facade - ✅ Загружен Amanita — Powder.jpeg -> QmWwjNvD8HX6WB2TLsxiEhciMJCHRfiZBw9G2wgfqKyPbd за 1.8с
2025-06-10 23:30:35,731 - INFO - bot.utility.upload_catalog_images.facade - 🚀 Загружаем Amanita — Tinctura.jpeg (размер: 220.1KB, тип: image/jpeg)
2025-06-10 23:30:35,731 - INFO - bot.services.pinata - Начинаем загрузку в IPFS: bot/catalog/Amanita — Tinctura.jpeg
2025-06-10 23:30:35,732 - DEBUG - bot.services.pinata - SHA-256 хеш файла: e2051e155da0732ec02c44bd944f70ad0ceb253896e575fd50e97bfc439b7be6
2025-06-10 23:30:35,732 - INFO - bot.services.pinata - Загружаем файл: Amanita — Tinctura.jpeg
2025-06-10 23:30:35,732 - DEBUG - bot.services.pinata - Rate limiting: sleeping for 0.61 seconds
2025-06-10 23:30:37,809 - INFO - bot.services.pinata - Успешно получен CID: QmbGrAqeugUxZZxWojavu4rbHdk5XNmSsSv92UV8FKjyHa
2025-06-10 23:30:37,810 - DEBUG - bot.services.pinata - Кэш сохранен
2025-06-10 23:30:37,811 - INFO - bot.utility.upload_catalog_images.facade - ✅ Загружен Amanita — Tinctura.jpeg -> QmbGrAqeugUxZZxWojavu4rbHdk5XNmSsSv92UV8FKjyHa за 2.1с
2025-06-10 23:30:37,811 - INFO - bot.utility.upload_catalog_images.facade - 🚀 Загружаем Foxes.jpeg (размер: 271.4KB, тип: image/jpeg)
2025-06-10 23:30:37,811 - INFO - bot.services.pinata - Начинаем загрузку в IPFS: bot/catalog/Foxes.jpeg
2025-06-10 23:30:37,812 - DEBUG - bot.services.pinata - SHA-256 хеш файла: 2e028b389d8a8d09e3878e2ff4282581efefb8586a48cc62981a5b66108027dc
2025-06-10 23:30:37,812 - INFO - bot.services.pinata - Загружаем файл: Foxes.jpeg
2025-06-10 23:30:37,812 - DEBUG - bot.services.pinata - Rate limiting: sleeping for 0.54 seconds
2025-06-10 23:30:39,771 - INFO - bot.services.pinata - Успешно получен CID: QmNULQzUp3TGVR6mbSEH9WBjbrGGgN3dy6wZF8KYAKNvGa
2025-06-10 23:30:39,773 - DEBUG - bot.services.pinata - Кэш сохранен
2025-06-10 23:30:39,773 - INFO - bot.utility.upload_catalog_images.facade - ✅ Загружен Foxes.jpeg -> QmNULQzUp3TGVR6mbSEH9WBjbrGGgN3dy6wZF8KYAKNvGa за 2.0с
2025-06-10 23:30:39,773 - WARNING - bot.utility.upload_catalog_images.facade - ⚠️ Пропуск organic_cid_mapping.json: Недопустимый тип файла: application/json
2025-06-10 23:30:39,773 - INFO - bot.utility.upload_catalog_images.facade - 🚀 Загружаем Passion Flower.jpeg (размер: 245.6KB, тип: image/jpeg)
2025-06-10 23:30:39,773 - INFO - bot.services.pinata - Начинаем загрузку в IPFS: bot/catalog/Passion Flower.jpeg
2025-06-10 23:30:39,774 - DEBUG - bot.services.pinata - SHA-256 хеш файла: 624c02f4e37646b09d55c03d70a40a6f8ae5861cd07ea6ac2eafd1cdb2157bbd
2025-06-10 23:30:39,774 - INFO - bot.services.pinata - Загружаем файл: Passion Flower.jpeg
2025-06-10 23:30:39,774 - DEBUG - bot.services.pinata - Rate limiting: sleeping for 0.58 seconds
2025-06-10 23:30:41,752 - INFO - bot.services.pinata - Успешно получен CID: QmbtaSzChNvcjXEZZc3PpMXpcwVjpgQ5v1qfktbNGwuZZa
2025-06-10 23:30:41,753 - DEBUG - bot.services.pinata - Кэш сохранен
2025-06-10 23:30:41,753 - INFO - bot.utility.upload_catalog_images.facade - ✅ Загружен Passion Flower.jpeg -> QmbtaSzChNvcjXEZZc3PpMXpcwVjpgQ5v1qfktbNGwuZZa за 2.0с
2025-06-10 23:30:41,753 - INFO - bot.utility.upload_catalog_images.facade - 🚀 Загружаем Amanita — LUX.jpeg (размер: 331.3KB, тип: image/jpeg)
2025-06-10 23:30:41,753 - INFO - bot.services.pinata - Начинаем загрузку в IPFS: bot/catalog/Amanita — LUX.jpeg
2025-06-10 23:30:41,754 - DEBUG - bot.services.pinata - SHA-256 хеш файла: 6e8019587e6e29d45aa9b0f3427ec611f1c00e6892bad4b32873d43384e1c492
2025-06-10 23:30:41,754 - INFO - bot.services.pinata - Загружаем файл: Amanita — LUX.jpeg
2025-06-10 23:30:41,754 - DEBUG - bot.services.pinata - Rate limiting: sleeping for 0.60 seconds
2025-06-10 23:30:44,925 - INFO - bot.services.pinata - Успешно получен CID: Qmat1agJkdYK5uX8YZoJvQnQ3zzqSaavmzUEhpEfQHD4gz
2025-06-10 23:30:44,926 - DEBUG - bot.services.pinata - Кэш сохранен
2025-06-10 23:30:44,926 - INFO - bot.utility.upload_catalog_images.facade - ✅ Загружен Amanita — LUX.jpeg -> Qmat1agJkdYK5uX8YZoJvQnQ3zzqSaavmzUEhpEfQHD4gz за 3.2с
2025-06-10 23:30:44,926 - INFO - bot.utility.upload_catalog_images.facade - 🚀 Загружаем Cordyseps Militaris.jpeg (размер: 274.0KB, тип: image/jpeg)
2025-06-10 23:30:44,926 - INFO - bot.services.pinata - Начинаем загрузку в IPFS: bot/catalog/Cordyseps Militaris.jpeg
2025-06-10 23:30:44,927 - DEBUG - bot.services.pinata - SHA-256 хеш файла: 4de3f0cddf6f4f3bf9a9175e25789c2fe835d68599637381b2709a3e2078bb91
2025-06-10 23:30:44,927 - INFO - bot.services.pinata - Загружаем файл: Cordyseps Militaris.jpeg
2025-06-10 23:30:46,444 - INFO - bot.services.pinata - Успешно получен CID: QmfYLGvSUq2FEszpyLoyu28PLmeTMXk6zikT3c5W43kshP
2025-06-10 23:30:46,445 - DEBUG - bot.services.pinata - Кэш сохранен
2025-06-10 23:30:46,445 - INFO - bot.utility.upload_catalog_images.facade - ✅ Загружен Cordyseps Militaris.jpeg -> QmfYLGvSUq2FEszpyLoyu28PLmeTMXk6zikT3c5W43kshP за 1.5с
2025-06-10 23:30:46,445 - INFO - bot.utility.upload_catalog_images.facade - 🚀 Загружаем Cordyseps Militaris — Powder.jpeg (размер: 249.8KB, тип: image/jpeg)
2025-06-10 23:30:46,445 - INFO - bot.services.pinata - Начинаем загрузку в IPFS: bot/catalog/Cordyseps Militaris — Powder.jpeg
2025-06-10 23:30:46,446 - DEBUG - bot.services.pinata - SHA-256 хеш файла: 0305cce050a6606ecd874754687c9b79f4d7fe0137431f9b1b63773c7857e2ca
2025-06-10 23:30:46,446 - INFO - bot.services.pinata - Загружаем файл: Cordyseps Militaris — Powder.jpeg
2025-06-10 23:30:46,446 - DEBUG - bot.services.pinata - Rate limiting: sleeping for 0.48 seconds
2025-06-10 23:30:48,279 - INFO - bot.services.pinata - Успешно получен CID: QmW25vHA9WA78VENPus3A8Zrn45YeFMjVKWLJwfA5CEfSQ
2025-06-10 23:30:48,280 - DEBUG - bot.services.pinata - Кэш сохранен
2025-06-10 23:30:48,280 - INFO - bot.utility.upload_catalog_images.facade - ✅ Загружен Cordyseps Militaris — Powder.jpeg -> QmW25vHA9WA78VENPus3A8Zrn45YeFMjVKWLJwfA5CEfSQ за 1.8с
2025-06-10 23:30:48,280 - INFO - bot.utility.upload_catalog_images.facade - 🚀 Загружаем Kora Osiny.jpeg (размер: 287.8KB, тип: image/jpeg)
2025-06-10 23:30:48,280 - INFO - bot.services.pinata - Начинаем загрузку в IPFS: bot/catalog/Kora Osiny.jpeg
2025-06-10 23:30:48,282 - DEBUG - bot.services.pinata - SHA-256 хеш файла: bfe3190434904552c5f6074d4c56c5cd0cc8b51ff247caf2bf94882434e6c27e
2025-06-10 23:30:48,282 - INFO - bot.services.pinata - Загружаем файл: Kora Osiny.jpeg
2025-06-10 23:30:48,282 - DEBUG - bot.services.pinata - Rate limiting: sleeping for 0.65 seconds
2025-06-10 23:30:50,161 - INFO - bot.services.pinata - Успешно получен CID: QmZGLPHZxDJP4VRbZbR8CRBY2widf5wMqMvu3rowhJGvCT
2025-06-10 23:30:50,163 - DEBUG - bot.services.pinata - Кэш сохранен
2025-06-10 23:30:50,163 - INFO - bot.utility.upload_catalog_images.facade - ✅ Загружен Kora Osiny.jpeg -> QmZGLPHZxDJP4VRbZbR8CRBY2widf5wMqMvu3rowhJGvCT за 1.9с
2025-06-10 23:30:50,163 - WARNING - bot.utility.upload_catalog_images.facade - ⚠️ Пропуск Iveta_catalog.csv: Недопустимый тип файла: text/csv
2025-06-10 23:30:50,163 - INFO - bot.utility.upload_catalog_images.facade - 🚀 Загружаем Blue Lotus — Tinctura.jpeg (размер: 226.8KB, тип: image/jpeg)
2025-06-10 23:30:50,163 - INFO - bot.services.pinata - Начинаем загрузку в IPFS: bot/catalog/Blue Lotus — Tinctura.jpeg
2025-06-10 23:30:50,164 - DEBUG - bot.services.pinata - SHA-256 хеш файла: 0264e9257e530f766c51f47d83ae78f210bc422eee7b65d687727c94e026be12
2025-06-10 23:30:50,164 - INFO - bot.services.pinata - Загружаем файл: Blue Lotus — Tinctura.jpeg
2025-06-10 23:30:50,164 - DEBUG - bot.services.pinata - Rate limiting: sleeping for 0.77 seconds
2025-06-10 23:30:52,263 - INFO - bot.services.pinata - Успешно получен CID: QmeR4vHpCm6eiWnMkJGARA8WLUNc8jWWEq3L5bhJGNfWFW
2025-06-10 23:30:52,265 - DEBUG - bot.services.pinata - Кэш сохранен
2025-06-10 23:30:52,265 - INFO - bot.utility.upload_catalog_images.facade - ✅ Загружен Blue Lotus — Tinctura.jpeg -> QmeR4vHpCm6eiWnMkJGARA8WLUNc8jWWEq3L5bhJGNfWFW за 2.1с
2025-06-10 23:30:52,265 - INFO - bot.utility.upload_catalog_images.facade - 🚀 Загружаем Amanita — Collapsed hats.jpeg (размер: 356.3KB, тип: image/jpeg)
2025-06-10 23:30:52,265 - INFO - bot.services.pinata - Начинаем загрузку в IPFS: bot/catalog/Amanita — Collapsed hats.jpeg
2025-06-10 23:30:52,266 - DEBUG - bot.services.pinata - SHA-256 хеш файла: 0827e18cbd59367e7870c7f880e5ae1a256f81b2610fc2e99877a70d7703bc23
2025-06-10 23:30:52,266 - INFO - bot.services.pinata - Загружаем файл: Amanita — Collapsed hats.jpeg
2025-06-10 23:30:52,266 - DEBUG - bot.services.pinata - Rate limiting: sleeping for 0.68 seconds
2025-06-10 23:30:54,457 - INFO - bot.services.pinata - Успешно получен CID: QmUPHsHyuDHKyVbduvqoooAYShFCSfYgcnEioxNNqgZK2B
2025-06-10 23:30:54,458 - DEBUG - bot.services.pinata - Кэш сохранен
2025-06-10 23:30:54,458 - INFO - bot.utility.upload_catalog_images.facade - ✅ Загружен Amanita — Collapsed hats.jpeg -> QmUPHsHyuDHKyVbduvqoooAYShFCSfYgcnEioxNNqgZK2B за 2.2с
2025-06-10 23:30:54,459 - WARNING - bot.utility.upload_catalog_images.facade - ⚠️ Пропуск catalog1.json: Недопустимый тип файла: application/json
2025-06-10 23:30:54,459 - WARNING - bot.utility.upload_catalog_images.facade - ⚠️ Пропуск active_catalog.json: Недопустимый тип файла: application/json
2025-06-10 23:30:54,459 - INFO - bot.utility.upload_catalog_images.facade - 🚀 Загружаем Amanita — Pantera.jpeg (размер: 274.2KB, тип: image/jpeg)
2025-06-10 23:30:54,459 - INFO - bot.services.pinata - Начинаем загрузку в IPFS: bot/catalog/Amanita — Pantera.jpeg
2025-06-10 23:30:54,460 - DEBUG - bot.services.pinata - SHA-256 хеш файла: 4a03e818b00f335d6069d5f692891d6a9d9beab7dc2a22965111d7aa1f95ac3d
2025-06-10 23:30:54,460 - INFO - bot.services.pinata - Загружаем файл: Amanita — Pantera.jpeg
2025-06-10 23:30:54,460 - DEBUG - bot.services.pinata - Rate limiting: sleeping for 0.49 seconds
2025-06-10 23:30:56,309 - INFO - bot.services.pinata - Успешно получен CID: QmQxwESeMcEAc8VcYjd5ZQQwkaubp11vKo3kkJkx8SsTfn
2025-06-10 23:30:56,310 - DEBUG - bot.services.pinata - Кэш сохранен
2025-06-10 23:30:56,310 - INFO - bot.utility.upload_catalog_images.facade - ✅ Загружен Amanita — Pantera.jpeg -> QmQxwESeMcEAc8VcYjd5ZQQwkaubp11vKo3kkJkx8SsTfn за 1.9с
2025-06-10 23:30:56,310 - WARNING - bot.utility.upload_catalog_images.facade - ⚠️ Пропуск Iveta_catalog_structured.csv: Недопустимый тип файла: text/csv
2025-06-10 23:30:56,310 - INFO - bot.utility.upload_catalog_images.facade - 🚀 Загружаем Chaga.jpeg (размер: 247.6KB, тип: image/jpeg)
2025-06-10 23:30:56,310 - INFO - bot.services.pinata - Начинаем загрузку в IPFS: bot/catalog/Chaga.jpeg
2025-06-10 23:30:56,312 - DEBUG - bot.services.pinata - SHA-256 хеш файла: c0a10d5cd479c9c6b9cffb57a0ca5193393b74a3653ffbdf8d5049368011106a
2025-06-10 23:30:56,312 - INFO - bot.services.pinata - Загружаем файл: Chaga.jpeg
2025-06-10 23:30:56,312 - DEBUG - bot.services.pinata - Rate limiting: sleeping for 0.64 seconds
2025-06-10 23:30:58,401 - INFO - bot.services.pinata - Успешно получен CID: QmaUhzH11vG9aEH9MTpLHaVuBFMDPTXC9AcwcGBVoy2S5c
2025-06-10 23:30:58,404 - DEBUG - bot.services.pinata - Кэш сохранен
2025-06-10 23:30:58,404 - INFO - bot.utility.upload_catalog_images.facade - ✅ Загружен Chaga.jpeg -> QmaUhzH11vG9aEH9MTpLHaVuBFMDPTXC9AcwcGBVoy2S5c за 2.1с
2025-06-10 23:30:58,405 - WARNING - bot.utility.upload_catalog_images.facade - ⚠️ Пропуск images_upload_log.csv: Недопустимый тип файла: text/csv
2025-06-10 23:30:58,405 - INFO - bot.utility.upload_catalog_images.facade - 🚀 Загружаем Lions Main.jpeg (размер: 272.7KB, тип: image/jpeg)
2025-06-10 23:30:58,405 - INFO - bot.services.pinata - Начинаем загрузку в IPFS: bot/catalog/Lions Main.jpeg
2025-06-10 23:30:58,406 - DEBUG - bot.services.pinata - SHA-256 хеш файла: e5cac3ac1c87d3f78d6ec542e1a6098f00f5612e3712ae73025cd9f703ad5505
2025-06-10 23:30:58,406 - INFO - bot.services.pinata - Загружаем файл: Lions Main.jpeg
2025-06-10 23:30:58,406 - DEBUG - bot.services.pinata - Rate limiting: sleeping for 0.55 seconds
2025-06-10 23:31:00,746 - INFO - bot.services.pinata - Успешно получен CID: QmXzbH3aeiyYyn5b4YSHe2kvNCQuUXtMngL91MeVjHH3vJ
2025-06-10 23:31:00,748 - DEBUG - bot.services.pinata - Кэш сохранен
2025-06-10 23:31:00,749 - INFO - bot.utility.upload_catalog_images.facade - ✅ Загружен Lions Main.jpeg -> QmXzbH3aeiyYyn5b4YSHe2kvNCQuUXtMngL91MeVjHH3vJ за 2.3с
2025-06-10 23:31:00,749 - WARNING - bot.utility.upload_catalog_images.facade - ⚠️ Пропуск images_upload_log.json: Недопустимый тип файла: application/json
2025-06-10 23:31:00,750 - INFO - bot.utility.upload_catalog_images.facade - 🚀 Загружаем Amanita — 1 level.jpeg (размер: 314.0KB, тип: image/jpeg)
2025-06-10 23:31:00,750 - INFO - bot.services.pinata - Начинаем загрузку в IPFS: bot/catalog/Amanita — 1 level.jpeg
2025-06-10 23:31:00,752 - DEBUG - bot.services.pinata - SHA-256 хеш файла: c86490afb18618a27c6c208a4d13c24056d9fad88dda0c641295b985594fee51
2025-06-10 23:31:00,752 - INFO - bot.services.pinata - Загружаем файл: Amanita — 1 level.jpeg
2025-06-10 23:31:00,752 - DEBUG - bot.services.pinata - Rate limiting: sleeping for 0.21 seconds
2025-06-10 23:31:02,343 - INFO - bot.services.pinata - Успешно получен CID: QmYrs5gAMeZEmiFAJnmRcD19rpCpXF52ssMJ6X2oWrxWWj
2025-06-10 23:31:02,344 - DEBUG - bot.services.pinata - Кэш сохранен
2025-06-10 23:31:02,344 - INFO - bot.utility.upload_catalog_images.facade - ✅ Загружен Amanita — 1 level.jpeg -> QmYrs5gAMeZEmiFAJnmRcD19rpCpXF52ssMJ6X2oWrxWWj за 1.6с
2025-06-10 23:31:02,349 - INFO - bot.utility.upload_catalog_images.facade - 
==================================================
2025-06-10 23:31:02,349 - INFO - bot.utility.upload_catalog_images.facade - 📊 Итоги загрузки:
2025-06-10 23:31:02,349 - INFO - bot.utility.upload_catalog_images.facade - ✅ Успешно загружено: 17 файлов
2025-06-10 23:31:02,349 - INFO - bot.utility.upload_catalog_images.facade - ❌ Ошибок загрузки: 14
2025-06-10 23:31:02,349 - INFO - bot.utility.upload_catalog_images.facade - 📦 Общий размер: 4.8MB
2025-06-10 23:31:02,349 - INFO - bot.utility.upload_catalog_images.facade - ⏱️ Общее время: 34.1с
2025-06-10 23:31:02,349 - INFO - bot.utility.upload_catalog_images.facade - 📈 Средняя скорость: 0.1MB/s
2025-06-10 23:31:02,349 - INFO - bot.utility.upload_catalog_images.facade - ==================================================
2025-06-10 23:31:02,355 - INFO - __main__ - 🖼️ Загружены изображения: {'Lions Main — Powder.jpeg': 'QmTU5LpEp2qDBpCiWnZHEDuUK7BES3gm8wNWihn7ShqjAv', 'Amanita — Closed hats.jpeg': 'QmbTBHeByJwUP9JyTo2GcHzj1YwzVww6zXrEDFt3zgdwQ1', 'Blue Lotus.jpeg': 'QmT5RC6Q6MRRF3YoDcXmKamKntXT6oSvxk3G2aLDkPc17T', 'Amanita — Powder.jpeg': 'QmWwjNvD8HX6WB2TLsxiEhciMJCHRfiZBw9G2wgfqKyPbd', 'Amanita — Tinctura.jpeg': 'QmbGrAqeugUxZZxWojavu4rbHdk5XNmSsSv92UV8FKjyHa', 'Foxes.jpeg': 'QmNULQzUp3TGVR6mbSEH9WBjbrGGgN3dy6wZF8KYAKNvGa', 'Passion Flower.jpeg': 'QmbtaSzChNvcjXEZZc3PpMXpcwVjpgQ5v1qfktbNGwuZZa', 'Amanita — LUX.jpeg': 'Qmat1agJkdYK5uX8YZoJvQnQ3zzqSaavmzUEhpEfQHD4gz', 'Cordyseps Militaris.jpeg': 'QmfYLGvSUq2FEszpyLoyu28PLmeTMXk6zikT3c5W43kshP', 'Cordyseps Militaris — Powder.jpeg': 'QmW25vHA9WA78VENPus3A8Zrn45YeFMjVKWLJwfA5CEfSQ', 'Kora Osiny.jpeg': 'QmZGLPHZxDJP4VRbZbR8CRBY2widf5wMqMvu3rowhJGvCT', 'Blue Lotus — Tinctura.jpeg': 'QmeR4vHpCm6eiWnMkJGARA8WLUNc8jWWEq3L5bhJGNfWFW', 'Amanita — Collapsed hats.jpeg': 'QmUPHsHyuDHKyVbduvqoooAYShFCSfYgcnEioxNNqgZK2B', 'Amanita — Pantera.jpeg': 'QmQxwESeMcEAc8VcYjd5ZQQwkaubp11vKo3kkJkx8SsTfn', 'Chaga.jpeg': 'QmaUhzH11vG9aEH9MTpLHaVuBFMDPTXC9AcwcGBVoy2S5c', 'Lions Main.jpeg': 'QmXzbH3aeiyYyn5b4YSHe2kvNCQuUXtMngL91MeVjHH3vJ', 'Amanita — 1 level.jpeg': 'QmYrs5gAMeZEmiFAJnmRcD19rpCpXF52ssMJ6X2oWrxWWj'}
2025-06-10 23:31:02,356 - INFO - __main__ - 📝 Загрузка описаний...
2025-06-10 23:31:02,358 - INFO - bot.services.ipfs_factory - Using Pinata storage
2025-06-10 23:31:02,366 - INFO - bot.services.pinata - Кэш загружен, 55 записей
2025-06-10 23:31:02,371 - INFO - bot.utility.upload_organic_descriptions - Загружаем описания из bot/catalog/organic_descriptions.json
2025-06-10 23:31:02,372 - INFO - bot.utility.upload_organic_descriptions - Загружено 11 описаний
2025-06-10 23:31:02,372 - INFO - bot.utility.upload_organic_descriptions - Загружено 11 описаний для обработки
2025-06-10 23:31:02,372 - INFO - bot.utility.upload_organic_descriptions - Обработка item_id: amanita_muscaria
2025-06-10 23:31:02,372 - DEBUG - bot.utility.upload_organic_descriptions - Данные для загрузки: {
  "id": "amanita-muscaria",
  "title": "Мухомор красный",
  "scientific_name": "Amanita muscaria",
  "generic_description": "🔬 Активные компоненты:\n🔹Мусцимол — седатив, диссоциатив, открывает доступ к \"второму телу\", активируя тормозную систему ГАМК.\n🔹Иботеновая кислота — психостимулятор, вызывает возбуждение через NMDA-рецепторы. Преобразуется в мусцимол при сушке.\n🔹Буфотенин — редкий триптаминовый галлюциноген, структурный родственник серотонина и псилоцибина.\n🔹Мускарин — холинергический токсин. В больших дозах вызывает интоксикацию, но в микродозинге стимулирует парасимпатическую активность.\n🔹Микоатропин — антагонист мускарина, холинолитик. Уравновешивает внутренние полюса: яд и противоядие в одном теле.\n🔹Мускаруфин — пигмент и антибиотик. Поддерживает железы внутренней секреции, обладает противоопухолевым потенциалом.\n🔹Мусказон — побочный метаболит, появляется под действием солнечного света. Слабый, но символически значимый \"дух света\".",
  "effects": "🌿 Целительное действие:\n🔹Нейромодуляция: балансирует возбуждение и торможение, восстанавливает \"зажатые\" контуры ЦНС.\n🔹Антидепрессивное и анксиолитическое: через активацию ГАМК и опосредованное воздействие на серотониновые пути.\n🔹Противовоспалительное: воздействие на микроглию через мусцимол (исследуется в контексте нейродегенеративных заболеваний).\n🔹Гомеопатическое воздействие (в малых дозах): стимуляция желёз, повышение жизненного тонуса, регуляция обмена.",
  "shamanic": "🌀 Шаманская перспектива:\nМухомор не \"даёт приход\" — он отключает автоматизм. Он может стереть личность, чтобы показать тебе её контур.\nЭто не растение-учитель, а гриб-суровый инициатор. Его сила в разрушении — и последующей сборке новой конфигурации духа.\nВ малых дозах он как разведчик нервной системы — распаковывает зажимы, восстанавливает контакт между телом и полем.\nВ больших — уносит в состояние \"междумирья\", где теряются обычные ориентиры, но появляется глубинное знание.",
  "warnings": "⚠️ Предостережения:\n🔹Нельзя употреблять в сыром виде — иботеновая кислота активна и может вызвать тяжёлую интоксикацию.\n🔹Сушка активирует трансформацию в мусцимол, а значит — снижает нейротоксичность.\n🔹Чёткое дозирование критично. Больше — не значит глубже.",
  "dosage_instructions": [
    {
      "type": "dried",
      "title": "Сушёные грибы",
      "description": "⚖️ Дозировка и настрой\nМухомор — это не препарат с универсальной нормой, а персональный союзник, к которому подступаются с уважением и наблюдательностью. Его сила раскрывается в диалоге с телом, а не в миллиграммах.\n🔹 Стартовая дозировка: от 0.2 до 0.3 г сушёного гриба (в порошке или шляпках). Это минимальный порог, достаточный для запуска мягкого диалога с нервной системой.\n🔹 Рабочий диапазон: 0.4 – 1.5 г. В этих пределах раскрываются основные свойства: снятие тревожности, расслабление мышц, улучшение сна, восстановление чувствительности к телу и эмоциям.\n🔹 Порог для сильной психики: 2 – 4 г. В этом диапазоне могут начаться дестабилизирующие эффекты: спутанность сознания, тошнота, слабость, потеря ориентации во времени. Подходит лишь для опытных практиков с устойчивой нервной системой и поддержкой пространства.\n⚠️ Мухомор не любит спешки. Дозировка всегда подбирается индивидуально и пошагово, с дневником наблюдений, в безопасной обстановке, никогда не ежедневно.\nЭффект кумулятивен: даже микродозинг в течение 3–5 дней может дать ощутимый \"фон\"."
    }
  ]
}
2025-06-10 23:31:02,373 - DEBUG - bot.utility.upload_organic_descriptions - Размер JSON данных: 3430 байт
2025-06-10 23:31:02,373 - INFO - bot.utility.upload_organic_descriptions - Имя файла для загрузки: biounit_amanita-muscaria_description.json
2025-06-10 23:31:02,373 - INFO - bot.utility.upload_organic_descriptions - Начинаем загрузку в IPFS для amanita_muscaria
2025-06-10 23:31:02,373 - INFO - bot.services.pinata - Начинаем загрузку в IPFS: {
  "id": "amanita-muscaria",
  "title": "Мухомор красный",
  "scientific_name": "Amanita muscaria",
  "generic_description": "🔬 Активные компоненты:\n🔹Мусцимол — седатив, диссоциатив, открывает доступ к \"второму телу\", активируя тормозную систему ГАМК.\n🔹Иботеновая кислота — психостимулятор, вызывает возбуждение через NMDA-рецепторы. Преобразуется в мусцимол при сушке.\n🔹Буфотенин — редкий триптаминовый галлюциноген, структурный родственник серотонина и псилоцибина.\n🔹Мускарин — холинергический токсин. В больших дозах вызывает интоксикацию, но в микродозинге стимулирует парасимпатическую активность.\n🔹Микоатропин — антагонист мускарина, холинолитик. Уравновешивает внутренние полюса: яд и противоядие в одном теле.\n🔹Мускаруфин — пигмент и антибиотик. Поддерживает железы внутренней секреции, обладает противоопухолевым потенциалом.\n🔹Мусказон — побочный метаболит, появляется под действием солнечного света. Слабый, но символически значимый \"дух света\".",
  "effects": "🌿 Целительное действие:\n🔹Нейромодуляция: балансирует возбуждение и торможение, восстанавливает \"зажатые\" контуры ЦНС.\n🔹Антидепрессивное и анксиолитическое: через активацию ГАМК и опосредованное воздействие на серотониновые пути.\n🔹Противовоспалительное: воздействие на микроглию через мусцимол (исследуется в контексте нейродегенеративных заболеваний).\n🔹Гомеопатическое воздействие (в малых дозах): стимуляция желёз, повышение жизненного тонуса, регуляция обмена.",
  "shamanic": "🌀 Шаманская перспектива:\nМухомор не \"даёт приход\" — он отключает автоматизм. Он может стереть личность, чтобы показать тебе её контур.\nЭто не растение-учитель, а гриб-суровый инициатор. Его сила в разрушении — и последующей сборке новой конфигурации духа.\nВ малых дозах он как разведчик нервной системы — распаковывает зажимы, восстанавливает контакт между телом и полем.\nВ больших — уносит в состояние \"междумирья\", где теряются обычные ориентиры, но появляется глубинное знание.",
  "warnings": "⚠️ Предостережения:\n🔹Нельзя употреблять в сыром виде — иботеновая кислота активна и может вызвать тяжёлую интоксикацию.\n🔹Сушка активирует трансформацию в мусцимол, а значит — снижает нейротоксичность.\n🔹Чёткое дозирование критично. Больше — не значит глубже.",
  "dosage_instructions": [
    {
      "type": "dried",
      "title": "Сушёные грибы",
      "description": "⚖️ Дозировка и настрой\nМухомор — это не препарат с универсальной нормой, а персональный союзник, к которому подступаются с уважением и наблюдательностью. Его сила раскрывается в диалоге с телом, а не в миллиграммах.\n🔹 Стартовая дозировка: от 0.2 до 0.3 г сушёного гриба (в порошке или шляпках). Это минимальный порог, достаточный для запуска мягкого диалога с нервной системой.\n🔹 Рабочий диапазон: 0.4 – 1.5 г. В этих пределах раскрываются основные свойства: снятие тревожности, расслабление мышц, улучшение сна, восстановление чувствительности к телу и эмоциям.\n🔹 Порог для сильной психики: 2 – 4 г. В этом диапазоне могут начаться дестабилизирующие эффекты: спутанность сознания, тошнота, слабость, потеря ориентации во времени. Подходит лишь для опытных практиков с устойчивой нервной системой и поддержкой пространства.\n⚠️ Мухомор не любит спешки. Дозировка всегда подбирается индивидуально и пошагово, с дневником наблюдений, в безопасной обстановке, никогда не ежедневно.\nЭффект кумулятивен: даже микродозинг в течение 3–5 дней может дать ощутимый \"фон\"."
    }
  ]
}
2025-06-10 23:31:02,375 - INFO - bot.services.pinata - Обнаружены данные вместо пути к файлу, используем upload_text
2025-06-10 23:31:02,375 - INFO - bot.services.pinata - Начинаем загрузку текстовых данных в IPFS
2025-06-10 23:31:02,376 - INFO - bot.services.pinata - Отправляем запрос в Pinata JSON API
2025-06-10 23:31:03,332 - INFO - bot.services.pinata - Метрики сохранены в metrics/pinata_metrics_20250610_233103.json
2025-06-10 23:31:03,332 - INFO - bot.services.pinata - Успешно получен CID: QmdoqBWBZoupjQWFfBxMJD5N9dJSFTyjVEV1AVL8oNEVSG
2025-06-10 23:31:03,334 - DEBUG - bot.services.pinata - Кэш сохранен
2025-06-10 23:31:03,334 - INFO - bot.utility.upload_organic_descriptions - ☀️ Ура! Биологическая единица проросла в блокчейн! amanita_muscaria, получен CID: QmdoqBWBZoupjQWFfBxMJD5N9dJSFTyjVEV1AVL8oNEVSG
2025-06-10 23:31:03,334 - INFO - bot.utility.upload_organic_descriptions - ✅ Успешно добавлен в маппинг: amanita_muscaria -> QmdoqBWBZoupjQWFfBxMJD5N9dJSFTyjVEV1AVL8oNEVSG (biounit_amanita-muscaria_description.json)
2025-06-10 23:31:03,334 - INFO - bot.utility.upload_organic_descriptions - Обработка item_id: amanita_pantherina
2025-06-10 23:31:03,334 - DEBUG - bot.utility.upload_organic_descriptions - Данные для загрузки: {
  "id": "amanita-pantherina",
  "title": "Мухомор пантерный",
  "scientific_name": "Amanita pantherina",
  "generic_description": "Мухомор пантерный — это более тёмный брат красного мухомора, обладающий в 5–10 раз более высокой активностью. Его основной компонент — мусцимол, но в концентрациях, способных вызвать резкое погружение в изменённое состояние сознания даже при малой дозировке. Пантерный мухомор отличается более резким, углубляющим действием на ГАМК-рецепторы, вызывая выраженную диссоциацию, подавление мышечной активности и временную амнезию. Это гриб, с которым не шутят. Даже микродозинг требует большой чёткости и внутреннего фокуса.",
  "effects": "",
  "shamanic": "С шаманской точки зрения, пантерный мухомор — испытание на готовность отпустить контроль. Он может унести в мир, где исчезает привычное \"я\", оставляя голое восприятие и хаос. Но тем, кто умеет удерживать внимание в нестабильности, он открывает глубинные слои памяти и первобытные архетипы. Он не лечит — он расчищает. Не восстанавливает, а перекраивает шаблоны. Подходит для опытных практиков, ищущих разрушение старых оболочек.",
  "warnings": "",
  "dosage_instructions": [
    {
      "type": "dried",
      "title": "Сушёные грибы",
      "description": ""
    }
  ]
}
2025-06-10 23:31:03,334 - DEBUG - bot.utility.upload_organic_descriptions - Размер JSON данных: 1262 байт
2025-06-10 23:31:03,334 - INFO - bot.utility.upload_organic_descriptions - Имя файла для загрузки: biounit_amanita-pantherina_description.json
2025-06-10 23:31:03,334 - INFO - bot.utility.upload_organic_descriptions - Начинаем загрузку в IPFS для amanita_pantherina
2025-06-10 23:31:03,334 - INFO - bot.services.pinata - Начинаем загрузку в IPFS: {
  "id": "amanita-pantherina",
  "title": "Мухомор пантерный",
  "scientific_name": "Amanita pantherina",
  "generic_description": "Мухомор пантерный — это более тёмный брат красного мухомора, обладающий в 5–10 раз более высокой активностью. Его основной компонент — мусцимол, но в концентрациях, способных вызвать резкое погружение в изменённое состояние сознания даже при малой дозировке. Пантерный мухомор отличается более резким, углубляющим действием на ГАМК-рецепторы, вызывая выраженную диссоциацию, подавление мышечной активности и временную амнезию. Это гриб, с которым не шутят. Даже микродозинг требует большой чёткости и внутреннего фокуса.",
  "effects": "",
  "shamanic": "С шаманской точки зрения, пантерный мухомор — испытание на готовность отпустить контроль. Он может унести в мир, где исчезает привычное \"я\", оставляя голое восприятие и хаос. Но тем, кто умеет удерживать внимание в нестабильности, он открывает глубинные слои памяти и первобытные архетипы. Он не лечит — он расчищает. Не восстанавливает, а перекраивает шаблоны. Подходит для опытных практиков, ищущих разрушение старых оболочек.",
  "warnings": "",
  "dosage_instructions": [
    {
      "type": "dried",
      "title": "Сушёные грибы",
      "description": ""
    }
  ]
}
2025-06-10 23:31:03,334 - INFO - bot.services.pinata - Обнаружены данные вместо пути к файлу, используем upload_text
2025-06-10 23:31:03,334 - INFO - bot.services.pinata - Начинаем загрузку текстовых данных в IPFS
2025-06-10 23:31:03,334 - INFO - bot.services.pinata - Отправляем запрос в Pinata JSON API
2025-06-10 23:31:03,334 - DEBUG - bot.services.pinata - Rate limiting: sleeping for 1.04 seconds
2025-06-10 23:31:05,131 - INFO - bot.services.pinata - Успешно получен CID: Qmbkp4owyjyjRuYGd7b1KfVjo5bBvCutgYdCi7qKd3ZPoy
2025-06-10 23:31:05,135 - DEBUG - bot.services.pinata - Кэш сохранен
2025-06-10 23:31:05,135 - INFO - bot.utility.upload_organic_descriptions - ☀️ Ура! Биологическая единица проросла в блокчейн! amanita_pantherina, получен CID: Qmbkp4owyjyjRuYGd7b1KfVjo5bBvCutgYdCi7qKd3ZPoy
2025-06-10 23:31:05,135 - INFO - bot.utility.upload_organic_descriptions - ✅ Успешно добавлен в маппинг: amanita_pantherina -> Qmbkp4owyjyjRuYGd7b1KfVjo5bBvCutgYdCi7qKd3ZPoy (biounit_amanita-pantherina_description.json)
2025-06-10 23:31:05,135 - INFO - bot.utility.upload_organic_descriptions - Обработка item_id: blue-lotus
2025-06-10 23:31:05,135 - DEBUG - bot.utility.upload_organic_descriptions - Данные для загрузки: {
  "id": "blue-lotus",
  "title": "Голубой лотос",
  "scientific_name": "Nymphaea caerulea",
  "generic_description": "Голубой лотос — цветок древнего Египта, использовавшийся как афродизиак, расслабляющее средство и растительный энтеоген. Его действующие вещества — нуциферин и апоморфин — мягко активируют дофаминовые рецепторы, способствуя состояниям расслабленного транса, эмоционального открытия и глубокого сна. Он снижает тревожность, усиливает телесную чувствительность и часто применяется для усиления сновидений или практик любовной алхимии.",
  "effects": "",
  "shamanic": "С шаманской точки зрения, голубой лотос — это растение-нежность, которое растворяет защитные оболочки и открывает пространство любви и сна. Он не ведёт через боль — он приглашает вспомнить тело как храм удовольствия и покоя. Его энергия — водная, лунная, обволакивающая. Особенно подходит тем, кто живёт в режиме напряжения, устал от анализа и нуждается в мягком соединении с собой. Это союзник сердца и чувственности, не уносящий — а возвращающий в себя.",
  "warnings": "",
  "dosage_instructions": [
    {
      "type": "dried",
      "title": "Сушёные цветы",
      "description": ""
    },
    {
      "type": "tincture",
      "title": "Настойка",
      "description": ""
    }
  ]
}
2025-06-10 23:31:05,136 - DEBUG - bot.utility.upload_organic_descriptions - Размер JSON данных: 1276 байт
2025-06-10 23:31:05,136 - INFO - bot.utility.upload_organic_descriptions - Имя файла для загрузки: biounit_blue-lotus_description.json
2025-06-10 23:31:05,136 - INFO - bot.utility.upload_organic_descriptions - Начинаем загрузку в IPFS для blue-lotus
2025-06-10 23:31:05,136 - INFO - bot.services.pinata - Начинаем загрузку в IPFS: {
  "id": "blue-lotus",
  "title": "Голубой лотос",
  "scientific_name": "Nymphaea caerulea",
  "generic_description": "Голубой лотос — цветок древнего Египта, использовавшийся как афродизиак, расслабляющее средство и растительный энтеоген. Его действующие вещества — нуциферин и апоморфин — мягко активируют дофаминовые рецепторы, способствуя состояниям расслабленного транса, эмоционального открытия и глубокого сна. Он снижает тревожность, усиливает телесную чувствительность и часто применяется для усиления сновидений или практик любовной алхимии.",
  "effects": "",
  "shamanic": "С шаманской точки зрения, голубой лотос — это растение-нежность, которое растворяет защитные оболочки и открывает пространство любви и сна. Он не ведёт через боль — он приглашает вспомнить тело как храм удовольствия и покоя. Его энергия — водная, лунная, обволакивающая. Особенно подходит тем, кто живёт в режиме напряжения, устал от анализа и нуждается в мягком соединении с собой. Это союзник сердца и чувственности, не уносящий — а возвращающий в себя.",
  "warnings": "",
  "dosage_instructions": [
    {
      "type": "dried",
      "title": "Сушёные цветы",
      "description": ""
    },
    {
      "type": "tincture",
      "title": "Настойка",
      "description": ""
    }
  ]
}
2025-06-10 23:31:05,136 - INFO - bot.services.pinata - Обнаружены данные вместо пути к файлу, используем upload_text
2025-06-10 23:31:05,136 - INFO - bot.services.pinata - Начинаем загрузку текстовых данных в IPFS
2025-06-10 23:31:05,136 - INFO - bot.services.pinata - Отправляем запрос в Pinata JSON API
2025-06-10 23:31:05,136 - DEBUG - bot.services.pinata - Rate limiting: sleeping for 1.24 seconds
2025-06-10 23:31:07,270 - INFO - bot.services.pinata - Успешно получен CID: QmdmJFdMQXRpp3qNRTLYqsR1kFLYhTSRA8YMfd5JvNi85S
2025-06-10 23:31:07,271 - DEBUG - bot.services.pinata - Кэш сохранен
2025-06-10 23:31:07,271 - INFO - bot.utility.upload_organic_descriptions - ☀️ Ура! Биологическая единица проросла в блокчейн! blue-lotus, получен CID: QmdmJFdMQXRpp3qNRTLYqsR1kFLYhTSRA8YMfd5JvNi85S
2025-06-10 23:31:07,271 - INFO - bot.utility.upload_organic_descriptions - ✅ Успешно добавлен в маппинг: blue-lotus -> QmdmJFdMQXRpp3qNRTLYqsR1kFLYhTSRA8YMfd5JvNi85S (biounit_blue-lotus_description.json)
2025-06-10 23:31:07,271 - INFO - bot.utility.upload_organic_descriptions - Обработка item_id: inonotus_obliquus
2025-06-10 23:31:07,271 - DEBUG - bot.utility.upload_organic_descriptions - Данные для загрузки: {
  "id": "chaga",
  "title": "Чага",
  "scientific_name": "Inonotus obliquus",
  "generic_description": "Чага — это древесный гриб, впитавший силу времени, морозов и берёзового сока. Он богат меланином, бетулином, полисахаридами и антиоксидантами, которые способствуют детоксикации, восстановлению печени, укреплению иммунитета и антираковому действию. Чага особенно ценится за способность регулировать воспалительные процессы и сахар в крови, а также за общее тонизирующее действие при хронических заболеваниях и снижении жизненных сил.",
  "effects": "Многочисленные целебные качества и полезные свойства чаги известны очень давно и широко используются в домашних условиях. Этот не слишком привлекательный гриб помогает лечить многие заболевания. Он подходит к употреблению также и в качестве сильного профилактического средства.\nХимический состав чаги следующий:\n\n- биологически активные флавоноиды, обладающие мочегонным, спазмолитическим, желчегонным и противовоспалительным воздействием;\n\n- алкалоиды, благотворно воздействующие на мышцу миокарда;\n- органические кислоты, способствующие нормализации кислотно-основного состояния;\n- дубильные вещества, характеризующиеся как кровеостанавливающие и противовоспалительные;\n- фитонциды, уничтожающие патогенную микрофлору;\n- меланин, стимулирующий основные обменные процессы;\n - магний, калий, железо, марганец, кобальт, медь, цинк, никель, алюминий.\nЛечебный эффект березовой чаги обусловлен воздействием на организм активных биогенных стимуляторов. Гриб характеризуется тонизирующим, общеукрепляющим, иммуномодулирующим, а также противоопухолевым эффектом. Онкологию он не излечит, но способен существенно замедлять рост злокачественных клеток. Кроме того, при употреблении чаги отмечается снижение аритмии и улучшение процессов метаболизма головного мозга. Также она помогает понизить показатели сахара в крови, стабилизировать артериальное давление и сбалансировать работу ЖКТ.",
  "shamanic": "С шаманской перспективы чага — это земной адаптоген, который не зовёт в иные миры, а укрепляет связь с этим. Он — как корень, как ствол — стабилизирует, заземляет, алхимизирует тьму в ресурс. Пьющий чагу возвращается в себя, как в старый дом. Это союзник долгожителей, хранитель лесной памяти и алхимик, работающий с медленным временем. Его сила не в вспышках, а в постоянстве и глубине.",
  "warnings": "",
  "dosage_instructions": [
    {
      "type": "dried",
      "title": "Сушёные грибы",
      "description": "Порошок —1 гр в день\nЧай лучше всего пить в первой половине дня"
    }
  ]
}
2025-06-10 23:31:07,271 - DEBUG - bot.utility.upload_organic_descriptions - Размер JSON данных: 2558 байт
2025-06-10 23:31:07,272 - INFO - bot.utility.upload_organic_descriptions - Имя файла для загрузки: biounit_chaga_description.json
2025-06-10 23:31:07,272 - INFO - bot.utility.upload_organic_descriptions - Начинаем загрузку в IPFS для inonotus_obliquus
2025-06-10 23:31:07,272 - INFO - bot.services.pinata - Начинаем загрузку в IPFS: {
  "id": "chaga",
  "title": "Чага",
  "scientific_name": "Inonotus obliquus",
  "generic_description": "Чага — это древесный гриб, впитавший силу времени, морозов и берёзового сока. Он богат меланином, бетулином, полисахаридами и антиоксидантами, которые способствуют детоксикации, восстановлению печени, укреплению иммунитета и антираковому действию. Чага особенно ценится за способность регулировать воспалительные процессы и сахар в крови, а также за общее тонизирующее действие при хронических заболеваниях и снижении жизненных сил.",
  "effects": "Многочисленные целебные качества и полезные свойства чаги известны очень давно и широко используются в домашних условиях. Этот не слишком привлекательный гриб помогает лечить многие заболевания. Он подходит к употреблению также и в качестве сильного профилактического средства.\nХимический состав чаги следующий:\n\n- биологически активные флавоноиды, обладающие мочегонным, спазмолитическим, желчегонным и противовоспалительным воздействием;\n\n- алкалоиды, благотворно воздействующие на мышцу миокарда;\n- органические кислоты, способствующие нормализации кислотно-основного состояния;\n- дубильные вещества, характеризующиеся как кровеостанавливающие и противовоспалительные;\n- фитонциды, уничтожающие патогенную микрофлору;\n- меланин, стимулирующий основные обменные процессы;\n - магний, калий, железо, марганец, кобальт, медь, цинк, никель, алюминий.\nЛечебный эффект березовой чаги обусловлен воздействием на организм активных биогенных стимуляторов. Гриб характеризуется тонизирующим, общеукрепляющим, иммуномодулирующим, а также противоопухолевым эффектом. Онкологию он не излечит, но способен существенно замедлять рост злокачественных клеток. Кроме того, при употреблении чаги отмечается снижение аритмии и улучшение процессов метаболизма головного мозга. Также она помогает понизить показатели сахара в крови, стабилизировать артериальное давление и сбалансировать работу ЖКТ.",
  "shamanic": "С шаманской перспективы чага — это земной адаптоген, который не зовёт в иные миры, а укрепляет связь с этим. Он — как корень, как ствол — стабилизирует, заземляет, алхимизирует тьму в ресурс. Пьющий чагу возвращается в себя, как в старый дом. Это союзник долгожителей, хранитель лесной памяти и алхимик, работающий с медленным временем. Его сила не в вспышках, а в постоянстве и глубине.",
  "warnings": "",
  "dosage_instructions": [
    {
      "type": "dried",
      "title": "Сушёные грибы",
      "description": "Порошок —1 гр в день\nЧай лучше всего пить в первой половине дня"
    }
  ]
}
2025-06-10 23:31:07,272 - INFO - bot.services.pinata - Обнаружены данные вместо пути к файлу, используем upload_text
2025-06-10 23:31:07,272 - INFO - bot.services.pinata - Начинаем загрузку текстовых данных в IPFS
2025-06-10 23:31:07,272 - INFO - bot.services.pinata - Отправляем запрос в Pinata JSON API
2025-06-10 23:31:07,272 - DEBUG - bot.services.pinata - Rate limiting: sleeping for 1.11 seconds
2025-06-10 23:31:09,178 - INFO - bot.services.pinata - Успешно получен CID: Qmb7L2tVDcuJ9My46MpmYsiUSoP9sUkCARkKCdRSesPr93
2025-06-10 23:31:09,180 - DEBUG - bot.services.pinata - Кэш сохранен
2025-06-10 23:31:09,180 - INFO - bot.utility.upload_organic_descriptions - ☀️ Ура! Биологическая единица проросла в блокчейн! inonotus_obliquus, получен CID: Qmb7L2tVDcuJ9My46MpmYsiUSoP9sUkCARkKCdRSesPr93
2025-06-10 23:31:09,180 - INFO - bot.utility.upload_organic_descriptions - ✅ Успешно добавлен в маппинг: inonotus_obliquus -> Qmb7L2tVDcuJ9My46MpmYsiUSoP9sUkCARkKCdRSesPr93 (biounit_chaga_description.json)
2025-06-10 23:31:09,180 - INFO - bot.utility.upload_organic_descriptions - Обработка item_id: cordyceps_militaris
2025-06-10 23:31:09,180 - DEBUG - bot.utility.upload_organic_descriptions - Данные для загрузки: {
  "id": "cordyceps",
  "title": "Кордицепс военный",
  "scientific_name": "Cordyceps militaris",
  "generic_description": "Кордицепс — гриб-адаптоген, известный своей способностью повышать выносливость, энергию и восстановление после нагрузок. Его активные компоненты — кордицепин, аденозин и полисахариды — улучшают использование кислорода клетками, усиливают митохондриальную активность и поддерживают иммунитет. Он воздействует на надпочечники и HPA-ось, помогая при хронической усталости, а также поддерживает либидо и гормональный баланс.",
  "effects": "",
  "shamanic": "С шаманской точки зрения, кордицепс — это дух жизненной силы, заключённый в теле воина. Он не раскрывает сновидения, но встраивает ясность в повседневное усилие. Его энергия направленная, точная, ритмичная — как дыхание во время подъёма в гору. Это союзник тех, кто много действует, сражается с инерцией, выстраивает структуру. Особенно полезен в период восстановления или запуска нового жизненного цикла.",
  "warnings": "",
  "dosage_instructions": [
    {
      "type": "dried",
      "title": "Сушёные грибы",
      "description": ""
    }
  ]
}
2025-06-10 23:31:09,180 - DEBUG - bot.utility.upload_organic_descriptions - Размер JSON данных: 1129 байт
2025-06-10 23:31:09,180 - INFO - bot.utility.upload_organic_descriptions - Имя файла для загрузки: biounit_cordyceps_description.json
2025-06-10 23:31:09,180 - INFO - bot.utility.upload_organic_descriptions - Начинаем загрузку в IPFS для cordyceps_militaris
2025-06-10 23:31:09,180 - INFO - bot.services.pinata - Начинаем загрузку в IPFS: {
  "id": "cordyceps",
  "title": "Кордицепс военный",
  "scientific_name": "Cordyceps militaris",
  "generic_description": "Кордицепс — гриб-адаптоген, известный своей способностью повышать выносливость, энергию и восстановление после нагрузок. Его активные компоненты — кордицепин, аденозин и полисахариды — улучшают использование кислорода клетками, усиливают митохондриальную активность и поддерживают иммунитет. Он воздействует на надпочечники и HPA-ось, помогая при хронической усталости, а также поддерживает либидо и гормональный баланс.",
  "effects": "",
  "shamanic": "С шаманской точки зрения, кордицепс — это дух жизненной силы, заключённый в теле воина. Он не раскрывает сновидения, но встраивает ясность в повседневное усилие. Его энергия направленная, точная, ритмичная — как дыхание во время подъёма в гору. Это союзник тех, кто много действует, сражается с инерцией, выстраивает структуру. Особенно полезен в период восстановления или запуска нового жизненного цикла.",
  "warnings": "",
  "dosage_instructions": [
    {
      "type": "dried",
      "title": "Сушёные грибы",
      "description": ""
    }
  ]
}
2025-06-10 23:31:09,180 - INFO - bot.services.pinata - Обнаружены данные вместо пути к файлу, используем upload_text
2025-06-10 23:31:09,180 - INFO - bot.services.pinata - Начинаем загрузку текстовых данных в IPFS
2025-06-10 23:31:09,180 - INFO - bot.services.pinata - Отправляем запрос в Pinata JSON API
2025-06-10 23:31:09,180 - DEBUG - bot.services.pinata - Rate limiting: sleeping for 1.21 seconds
2025-06-10 23:31:12,748 - INFO - bot.services.pinata - Успешно получен CID: QmUYCbZXNg1K1sBvBaWEByaYriagVC4VvfGfQQA1itFXHy
2025-06-10 23:31:12,749 - DEBUG - bot.services.pinata - Кэш сохранен
2025-06-10 23:31:12,749 - INFO - bot.utility.upload_organic_descriptions - ☀️ Ура! Биологическая единица проросла в блокчейн! cordyceps_militaris, получен CID: QmUYCbZXNg1K1sBvBaWEByaYriagVC4VvfGfQQA1itFXHy
2025-06-10 23:31:12,749 - INFO - bot.utility.upload_organic_descriptions - ✅ Успешно добавлен в маппинг: cordyceps_militaris -> QmUYCbZXNg1K1sBvBaWEByaYriagVC4VvfGfQQA1itFXHy (biounit_cordyceps_description.json)
2025-06-10 23:31:12,749 - INFO - bot.utility.upload_organic_descriptions - Обработка item_id: cantharellus_cibarius
2025-06-10 23:31:12,749 - DEBUG - bot.utility.upload_organic_descriptions - Данные для загрузки: {
  "id": "chanterelle",
  "title": "Лисички",
  "scientific_name": "Cantharellus cibarius",
  "generic_description": "Лисички — это не психоактивный гриб, а глубоко функциональный союзник организма, особенно в контексте антипаразитарной защиты. Их природные соединения — в частности траметонолиновая кислота и хиноманноз — создают в кишечнике и печени условия, враждебные для паразитов, включая гельминтов и простейших. Это делает лисичку эффективным компонентом очистительных протоколов. Она также содержит бета-глюканы и другие полисахариды, поддерживающие иммунитет.",
  "effects": "",
  "shamanic": "В шаманской перспективе лисичка — это гриб-чистильщик, который не входит в сны, а выгоняет теней. Она возвращает телу чистоту восприятия, особенно в детокс-программах. В ней нет “прихода”, но есть тишина, порядок и границы. Это дух леса, который оберегает внутреннюю территорию и не пускает нежеланных гостей — как на физическом, так и на энергетическом уровне. Подходит для мягкой и глубокой чистки тела.",
  "warnings": "",
  "dosage_instructions": [
    {
      "type": "dried",
      "title": "Сушёные грибы",
      "description": ""
    }
  ]
}
2025-06-10 23:31:12,750 - DEBUG - bot.utility.upload_organic_descriptions - Размер JSON данных: 1154 байт
2025-06-10 23:31:12,750 - INFO - bot.utility.upload_organic_descriptions - Имя файла для загрузки: biounit_chanterelle_description.json
2025-06-10 23:31:12,750 - INFO - bot.utility.upload_organic_descriptions - Начинаем загрузку в IPFS для cantharellus_cibarius
2025-06-10 23:31:12,750 - INFO - bot.services.pinata - Начинаем загрузку в IPFS: {
  "id": "chanterelle",
  "title": "Лисички",
  "scientific_name": "Cantharellus cibarius",
  "generic_description": "Лисички — это не психоактивный гриб, а глубоко функциональный союзник организма, особенно в контексте антипаразитарной защиты. Их природные соединения — в частности траметонолиновая кислота и хиноманноз — создают в кишечнике и печени условия, враждебные для паразитов, включая гельминтов и простейших. Это делает лисичку эффективным компонентом очистительных протоколов. Она также содержит бета-глюканы и другие полисахариды, поддерживающие иммунитет.",
  "effects": "",
  "shamanic": "В шаманской перспективе лисичка — это гриб-чистильщик, который не входит в сны, а выгоняет теней. Она возвращает телу чистоту восприятия, особенно в детокс-программах. В ней нет “прихода”, но есть тишина, порядок и границы. Это дух леса, который оберегает внутреннюю территорию и не пускает нежеланных гостей — как на физическом, так и на энергетическом уровне. Подходит для мягкой и глубокой чистки тела.",
  "warnings": "",
  "dosage_instructions": [
    {
      "type": "dried",
      "title": "Сушёные грибы",
      "description": ""
    }
  ]
}
2025-06-10 23:31:12,750 - INFO - bot.services.pinata - Обнаружены данные вместо пути к файлу, используем upload_text
2025-06-10 23:31:12,750 - INFO - bot.services.pinata - Начинаем загрузку текстовых данных в IPFS
2025-06-10 23:31:12,750 - INFO - bot.services.pinata - Отправляем запрос в Pinata JSON API
2025-06-10 23:31:13,538 - INFO - bot.services.pinata - Успешно получен CID: QmaPtpqwBLjKNwGLccWqMbDRsceJ52xV97Eh9RkdWbCvvE
2025-06-10 23:31:13,539 - DEBUG - bot.services.pinata - Кэш сохранен
2025-06-10 23:31:13,539 - INFO - bot.utility.upload_organic_descriptions - ☀️ Ура! Биологическая единица проросла в блокчейн! cantharellus_cibarius, получен CID: QmaPtpqwBLjKNwGLccWqMbDRsceJ52xV97Eh9RkdWbCvvE
2025-06-10 23:31:13,539 - INFO - bot.utility.upload_organic_descriptions - ✅ Успешно добавлен в маппинг: cantharellus_cibarius -> QmaPtpqwBLjKNwGLccWqMbDRsceJ52xV97Eh9RkdWbCvvE (biounit_chanterelle_description.json)
2025-06-10 23:31:13,539 - INFO - bot.utility.upload_organic_descriptions - Обработка item_id: populus_tremula
2025-06-10 23:31:13,539 - DEBUG - bot.utility.upload_organic_descriptions - Данные для загрузки: {
  "id": "aspen",
  "title": "Кора осины",
  "scientific_name": "Populus tremula",
  "generic_description": "Кора осины содержит гликозиды салицина, действующие как природный анальгетик, жаропонижающее и противовоспалительное средство. Её традиционно используют в народной медицине против паразитов, воспалений мочеполовой системы и суставных болей. Осина регулирует обменные процессы, мягко очищает и снижает уровень сахара в крови. Это одно из главных “деревьев-чистильщиков” в фитоаптеке северной традиции.",
  "effects": "✅ Кора осины также применяется в терапии онкозаболеваний, тяжелых поражениях организма вирусами и бактериями, мощно повышает иммунитет и излечивает: \n- цистит и простатит, уретрит\n- болезни суставов\n- заболевания печени\n- нарушения поджелудочной железы\n- сифилис\n- туберкулез\n- лишай\n- анемию.",
  "shamanic": "С шаманской точки зрения, осина — это страж границ, который помогает изгнать то, что поселилось в теле или поле незаметно. Её кора горька, как правда, и действует именно так: отрезает, очищает, завершает. Это не мягкий союзник, а целительная строгость, которая даёт облегчение через честность. Особенно подходит в программах очищения и выхода из застоя (физического или энергетического). Осина не лечит — она завершает болезнь.",
  "warnings": "",
  "dosage_instructions": [
    {
      "type": "dried",
      "title": "Сушеная кора",
      "description": "📜ОСИНОВЫЙ ОТВАР\n1 ч. л. коры осины залить 250 мл кипятка, варить на медленном огне 20 минут. Пить по 80 мл трижды в день.  После этого полчаса ничего не есть и не пить\n\n📜ОСИНОВАЯ НАСТОЙКА\n50 г коры осины залить 500 мл водки. Настаивать 14 дней, процедить. Пить по 1 ч. л. натощак трижды в день, запивая теплой водой, либо развести в 100 мл теплой воды. После этого полчаса ничего не есть и не пить\n📜Осиновую настойку или отвар принимать не более 21 дня подряд, потом 7 дней перерыв и продолжать прием, далее снова 7 дней перерыв и при потребности заверить курс\nПорошок 1 гр в день\nКурс 1 месяц, 1 месяц отдых и ещё 1 месяц"
    }
  ]
}
2025-06-10 23:31:13,539 - DEBUG - bot.utility.upload_organic_descriptions - Размер JSON данных: 2045 байт
2025-06-10 23:31:13,539 - INFO - bot.utility.upload_organic_descriptions - Имя файла для загрузки: biounit_aspen_description.json
2025-06-10 23:31:13,539 - INFO - bot.utility.upload_organic_descriptions - Начинаем загрузку в IPFS для populus_tremula
2025-06-10 23:31:13,539 - INFO - bot.services.pinata - Начинаем загрузку в IPFS: {
  "id": "aspen",
  "title": "Кора осины",
  "scientific_name": "Populus tremula",
  "generic_description": "Кора осины содержит гликозиды салицина, действующие как природный анальгетик, жаропонижающее и противовоспалительное средство. Её традиционно используют в народной медицине против паразитов, воспалений мочеполовой системы и суставных болей. Осина регулирует обменные процессы, мягко очищает и снижает уровень сахара в крови. Это одно из главных “деревьев-чистильщиков” в фитоаптеке северной традиции.",
  "effects": "✅ Кора осины также применяется в терапии онкозаболеваний, тяжелых поражениях организма вирусами и бактериями, мощно повышает иммунитет и излечивает: \n- цистит и простатит, уретрит\n- болезни суставов\n- заболевания печени\n- нарушения поджелудочной железы\n- сифилис\n- туберкулез\n- лишай\n- анемию.",
  "shamanic": "С шаманской точки зрения, осина — это страж границ, который помогает изгнать то, что поселилось в теле или поле незаметно. Её кора горька, как правда, и действует именно так: отрезает, очищает, завершает. Это не мягкий союзник, а целительная строгость, которая даёт облегчение через честность. Особенно подходит в программах очищения и выхода из застоя (физического или энергетического). Осина не лечит — она завершает болезнь.",
  "warnings": "",
  "dosage_instructions": [
    {
      "type": "dried",
      "title": "Сушеная кора",
      "description": "📜ОСИНОВЫЙ ОТВАР\n1 ч. л. коры осины залить 250 мл кипятка, варить на медленном огне 20 минут. Пить по 80 мл трижды в день.  После этого полчаса ничего не есть и не пить\n\n📜ОСИНОВАЯ НАСТОЙКА\n50 г коры осины залить 500 мл водки. Настаивать 14 дней, процедить. Пить по 1 ч. л. натощак трижды в день, запивая теплой водой, либо развести в 100 мл теплой воды. После этого полчаса ничего не есть и не пить\n📜Осиновую настойку или отвар принимать не более 21 дня подряд, потом 7 дней перерыв и продолжать прием, далее снова 7 дней перерыв и при потребности заверить курс\nПорошок 1 гр в день\nКурс 1 месяц, 1 месяц отдых и ещё 1 месяц"
    }
  ]
}
2025-06-10 23:31:13,539 - INFO - bot.services.pinata - Обнаружены данные вместо пути к файлу, используем upload_text
2025-06-10 23:31:13,539 - INFO - bot.services.pinata - Начинаем загрузку текстовых данных в IPFS
2025-06-10 23:31:13,539 - INFO - bot.services.pinata - Отправляем запрос в Pinata JSON API
2025-06-10 23:31:13,539 - DEBUG - bot.services.pinata - Rate limiting: sleeping for 1.21 seconds
2025-06-10 23:31:15,523 - INFO - bot.services.pinata - Успешно получен CID: QmT1QMFRpSXHQPUv524EdthjxVUeZFgGM3c8FwVvrYbiXJ
2025-06-10 23:31:15,524 - DEBUG - bot.services.pinata - Кэш сохранен
2025-06-10 23:31:15,524 - INFO - bot.utility.upload_organic_descriptions - ☀️ Ура! Биологическая единица проросла в блокчейн! populus_tremula, получен CID: QmT1QMFRpSXHQPUv524EdthjxVUeZFgGM3c8FwVvrYbiXJ
2025-06-10 23:31:15,524 - INFO - bot.utility.upload_organic_descriptions - ✅ Успешно добавлен в маппинг: populus_tremula -> QmT1QMFRpSXHQPUv524EdthjxVUeZFgGM3c8FwVvrYbiXJ (biounit_aspen_description.json)
2025-06-10 23:31:15,524 - INFO - bot.utility.upload_organic_descriptions - Обработка item_id: lions-mane
2025-06-10 23:31:15,524 - DEBUG - bot.utility.upload_organic_descriptions - Данные для загрузки: {
  "id": "lions-mane",
  "title": "Ежовик гребенчатый",
  "scientific_name": "Hericium erinaceus",
  "generic_description": "Lion’s Mane — один из самых изученных нейротропных грибов. Его уникальные соединения, гериценоны и эринацины, стимулируют выработку нейротрофического фактора роста (NGF), способствуя восстановлению нейронов и синапсов. Это делает ежовик незаменимым для поддержки памяти, концентрации, восстановления после травм мозга, а также при профилактике нейродегенеративных состояний. Дополнительно, он поддерживает здоровье ЖКТ и действует как мягкий адаптоген.",
  "effects": "",
  "shamanic": "С шаманской точки зрения, ежовик — это гриб-мост, который соединяет части личности, восстанавливает забытые знания и укрепляет каналы между телом и сознанием. Его дух тих и мудр — он не вызывает ярких эффектов, но встраивает ясность, как будто усиливая “сигнал в шуме”. Особенно подходит для тех, кто работает с вниманием, обучением, ментальной нагрузкой или восстановлением после выгорания. Он — архивариус нейронной библиотеки.",
  "warnings": "",
  "dosage_instructions": [
    {
      "type": "dried",
      "title": "Сушёные грибы",
      "description": ""
    }
  ]
}
2025-06-10 23:31:15,524 - DEBUG - bot.utility.upload_organic_descriptions - Размер JSON данных: 1186 байт
2025-06-10 23:31:15,524 - INFO - bot.utility.upload_organic_descriptions - Имя файла для загрузки: biounit_lions-mane_description.json
2025-06-10 23:31:15,524 - INFO - bot.utility.upload_organic_descriptions - Начинаем загрузку в IPFS для lions-mane
2025-06-10 23:31:15,524 - INFO - bot.services.pinata - Начинаем загрузку в IPFS: {
  "id": "lions-mane",
  "title": "Ежовик гребенчатый",
  "scientific_name": "Hericium erinaceus",
  "generic_description": "Lion’s Mane — один из самых изученных нейротропных грибов. Его уникальные соединения, гериценоны и эринацины, стимулируют выработку нейротрофического фактора роста (NGF), способствуя восстановлению нейронов и синапсов. Это делает ежовик незаменимым для поддержки памяти, концентрации, восстановления после травм мозга, а также при профилактике нейродегенеративных состояний. Дополнительно, он поддерживает здоровье ЖКТ и действует как мягкий адаптоген.",
  "effects": "",
  "shamanic": "С шаманской точки зрения, ежовик — это гриб-мост, который соединяет части личности, восстанавливает забытые знания и укрепляет каналы между телом и сознанием. Его дух тих и мудр — он не вызывает ярких эффектов, но встраивает ясность, как будто усиливая “сигнал в шуме”. Особенно подходит для тех, кто работает с вниманием, обучением, ментальной нагрузкой или восстановлением после выгорания. Он — архивариус нейронной библиотеки.",
  "warnings": "",
  "dosage_instructions": [
    {
      "type": "dried",
      "title": "Сушёные грибы",
      "description": ""
    }
  ]
}
2025-06-10 23:31:15,524 - INFO - bot.services.pinata - Обнаружены данные вместо пути к файлу, используем upload_text
2025-06-10 23:31:15,524 - INFO - bot.services.pinata - Начинаем загрузку текстовых данных в IPFS
2025-06-10 23:31:15,524 - INFO - bot.services.pinata - Отправляем запрос в Pinata JSON API
2025-06-10 23:31:15,524 - DEBUG - bot.services.pinata - Rate limiting: sleeping for 1.23 seconds
2025-06-10 23:31:17,668 - INFO - bot.services.pinata - Успешно получен CID: QmWG6Kc4Uj44LwgnyMxc4LxoBGZgdRbsmM5EZn37MBVmh1
2025-06-10 23:31:17,668 - DEBUG - bot.services.pinata - Кэш сохранен
2025-06-10 23:31:17,668 - INFO - bot.utility.upload_organic_descriptions - ☀️ Ура! Биологическая единица проросла в блокчейн! lions-mane, получен CID: QmWG6Kc4Uj44LwgnyMxc4LxoBGZgdRbsmM5EZn37MBVmh1
2025-06-10 23:31:17,669 - INFO - bot.utility.upload_organic_descriptions - ✅ Успешно добавлен в маппинг: lions-mane -> QmWG6Kc4Uj44LwgnyMxc4LxoBGZgdRbsmM5EZn37MBVmh1 (biounit_lions-mane_description.json)
2025-06-10 23:31:17,669 - INFO - bot.utility.upload_organic_descriptions - Обработка item_id: passionflower
2025-06-10 23:31:17,669 - DEBUG - bot.utility.upload_organic_descriptions - Данные для загрузки: {
  "id": "passionflower",
  "title": "Пассифлора",
  "scientific_name": "Passiflora incarnata",
  "generic_description": "Пассифлора — классическое растение анксилитического и седативного действия, используемое в фитотерапии для нормализации сна, снятия тревожности и мышечного напряжения. Её активные соединения (в частности, флавоноиды и харминоподобные алкалоиды) модулируют ГАМК-рецепторы, подобно мусцимолу, но мягко и безопасно. Пассифлора также используется для поддержки нервной системы при стрессовых перегрузках и синдроме отмены.",
  "effects": "",
  "shamanic": "С шаманской точки зрения, пассифлора — растение распутывания. Она не ломает узлы — она их растворяет, мягко расплетая внутренние конфликты, тревоги и бессонные мысли. Это союзник в моменте внутреннего давления, когда ум слишком громкий, а тело не может отдохнуть. Её дух — это женская, обволакивающая энергия, которая не спорит, а разрешает. Хороша в вечернее время, как напиток, переходящий в сон или глубокое восстановление.",
  "warnings": "",
  "dosage_instructions": [
    {
      "type": "dried",
      "title": "Сушёные растения",
      "description": ""
    }
  ]
}
2025-06-10 23:31:17,669 - DEBUG - bot.utility.upload_organic_descriptions - Размер JSON данных: 1149 байт
2025-06-10 23:31:17,669 - INFO - bot.utility.upload_organic_descriptions - Имя файла для загрузки: biounit_passionflower_description.json
2025-06-10 23:31:17,669 - INFO - bot.utility.upload_organic_descriptions - Начинаем загрузку в IPFS для passionflower
2025-06-10 23:31:17,669 - INFO - bot.services.pinata - Начинаем загрузку в IPFS: {
  "id": "passionflower",
  "title": "Пассифлора",
  "scientific_name": "Passiflora incarnata",
  "generic_description": "Пассифлора — классическое растение анксилитического и седативного действия, используемое в фитотерапии для нормализации сна, снятия тревожности и мышечного напряжения. Её активные соединения (в частности, флавоноиды и харминоподобные алкалоиды) модулируют ГАМК-рецепторы, подобно мусцимолу, но мягко и безопасно. Пассифлора также используется для поддержки нервной системы при стрессовых перегрузках и синдроме отмены.",
  "effects": "",
  "shamanic": "С шаманской точки зрения, пассифлора — растение распутывания. Она не ломает узлы — она их растворяет, мягко расплетая внутренние конфликты, тревоги и бессонные мысли. Это союзник в моменте внутреннего давления, когда ум слишком громкий, а тело не может отдохнуть. Её дух — это женская, обволакивающая энергия, которая не спорит, а разрешает. Хороша в вечернее время, как напиток, переходящий в сон или глубокое восстановление.",
  "warnings": "",
  "dosage_instructions": [
    {
      "type": "dried",
      "title": "Сушёные растения",
      "description": ""
    }
  ]
}
2025-06-10 23:31:17,669 - INFO - bot.services.pinata - Обнаружены данные вместо пути к файлу, используем upload_text
2025-06-10 23:31:17,669 - INFO - bot.services.pinata - Начинаем загрузку текстовых данных в IPFS
2025-06-10 23:31:17,669 - INFO - bot.services.pinata - Отправляем запрос в Pinata JSON API
2025-06-10 23:31:17,669 - DEBUG - bot.services.pinata - Rate limiting: sleeping for 1.09 seconds
2025-06-10 23:31:19,594 - INFO - bot.services.pinata - Успешно получен CID: QmYXGiCLB1sPtkoskNWA5dCo8d9uW6RVVS94uq2xf6awQ7
2025-06-10 23:31:19,595 - DEBUG - bot.services.pinata - Кэш сохранен
2025-06-10 23:31:19,595 - INFO - bot.utility.upload_organic_descriptions - ☀️ Ура! Биологическая единица проросла в блокчейн! passionflower, получен CID: QmYXGiCLB1sPtkoskNWA5dCo8d9uW6RVVS94uq2xf6awQ7
2025-06-10 23:31:19,595 - INFO - bot.utility.upload_organic_descriptions - ✅ Успешно добавлен в маппинг: passionflower -> QmYXGiCLB1sPtkoskNWA5dCo8d9uW6RVVS94uq2xf6awQ7 (biounit_passionflower_description.json)
2025-06-10 23:31:19,595 - INFO - bot.utility.upload_organic_descriptions - Обработка item_id: nettle
2025-06-10 23:31:19,595 - DEBUG - bot.utility.upload_organic_descriptions - Данные для загрузки: {
  "id": "nettle",
  "title": "Крапива двудомная",
  "scientific_name": "Urtica dioica",
  "generic_description": "Крапива — это сильное тонизирующее и кровоочищающее растение, содержащее витамины (A, C, K, группа B), минералы (железо, кремний, кальций), хлорофилл и флавоноиды. Она усиливает кроветворение, улучшает обмен веществ, снимает воспаления и укрепляет волосы, кожу, ногти. Также используется при анемии, усталости, аллергиях и как мягкое мочегонное средство.",
  "effects": "",
  "shamanic": "С шаманской перспективы, крапива — огненная трава, оживляющая кровь и волю. Она не только насыщает тело, но пробуждает “тёплую решимость” — энергию действия, очищения, жизненной ясности. Её дух — прямой, колючий, но исцеляющий. В чайном виде она возвращает тонус и структуру. Подходит тем, кто ослаб, потерял контакт с телом или нуждается в сборке своей внутренней пружины. Крапива — это трава возвращения к себе.",
  "warnings": "",
  "dosage_instructions": [
    {
      "type": "dried",
      "title": "Сушёные растения",
      "description": ""
    }
  ]
}
2025-06-10 23:31:19,595 - DEBUG - bot.utility.upload_organic_descriptions - Размер JSON данных: 1065 байт
2025-06-10 23:31:19,595 - INFO - bot.utility.upload_organic_descriptions - Имя файла для загрузки: biounit_nettle_description.json
2025-06-10 23:31:19,595 - INFO - bot.utility.upload_organic_descriptions - Начинаем загрузку в IPFS для nettle
2025-06-10 23:31:19,595 - INFO - bot.services.pinata - Начинаем загрузку в IPFS: {
  "id": "nettle",
  "title": "Крапива двудомная",
  "scientific_name": "Urtica dioica",
  "generic_description": "Крапива — это сильное тонизирующее и кровоочищающее растение, содержащее витамины (A, C, K, группа B), минералы (железо, кремний, кальций), хлорофилл и флавоноиды. Она усиливает кроветворение, улучшает обмен веществ, снимает воспаления и укрепляет волосы, кожу, ногти. Также используется при анемии, усталости, аллергиях и как мягкое мочегонное средство.",
  "effects": "",
  "shamanic": "С шаманской перспективы, крапива — огненная трава, оживляющая кровь и волю. Она не только насыщает тело, но пробуждает “тёплую решимость” — энергию действия, очищения, жизненной ясности. Её дух — прямой, колючий, но исцеляющий. В чайном виде она возвращает тонус и структуру. Подходит тем, кто ослаб, потерял контакт с телом или нуждается в сборке своей внутренней пружины. Крапива — это трава возвращения к себе.",
  "warnings": "",
  "dosage_instructions": [
    {
      "type": "dried",
      "title": "Сушёные растения",
      "description": ""
    }
  ]
}
2025-06-10 23:31:19,595 - INFO - bot.services.pinata - Обнаружены данные вместо пути к файлу, используем upload_text
2025-06-10 23:31:19,595 - INFO - bot.services.pinata - Начинаем загрузку текстовых данных в IPFS
2025-06-10 23:31:19,595 - INFO - bot.services.pinata - Отправляем запрос в Pinata JSON API
2025-06-10 23:31:19,595 - DEBUG - bot.services.pinata - Rate limiting: sleeping for 1.17 seconds
2025-06-10 23:31:21,580 - INFO - bot.services.pinata - Успешно получен CID: Qmer3AYuJ5uFksPFpEzcqB52nN4w7vpGbw1hMQqJdXuJ1G
2025-06-10 23:31:21,582 - DEBUG - bot.services.pinata - Кэш сохранен
2025-06-10 23:31:21,582 - INFO - bot.utility.upload_organic_descriptions - ☀️ Ура! Биологическая единица проросла в блокчейн! nettle, получен CID: Qmer3AYuJ5uFksPFpEzcqB52nN4w7vpGbw1hMQqJdXuJ1G
2025-06-10 23:31:21,582 - INFO - bot.utility.upload_organic_descriptions - ✅ Успешно добавлен в маппинг: nettle -> Qmer3AYuJ5uFksPFpEzcqB52nN4w7vpGbw1hMQqJdXuJ1G (biounit_nettle_description.json)
2025-06-10 23:31:21,582 - INFO - bot.utility.upload_organic_descriptions - Обработка item_id: mint
2025-06-10 23:31:21,583 - DEBUG - bot.utility.upload_organic_descriptions - Данные для загрузки: {
  "id": "mint",
  "title": "Мята перечная",
  "scientific_name": "Mentha × piperita",
  "generic_description": "Мята — классическая трава успокоения, пищеварения и ясности ума. Её ключевой компонент, ментол, воздействует на TRPM8-рецепторы, создавая эффект охлаждения, а также помогает при головной боли, тошноте, спазмах и воспалениях. Мята улучшает работу ЖКТ, снижает газообразование и действует как мягкий анальгетик. Её также применяют при простудах и для облегчения дыхания.",
  "effects": "",
  "shamanic": "С точки зрения шаманской традиции, мята — это травяной ветер, приносящий ясность, пространство и облегчение. Она охлаждает перегретую психику, успокаивает разогнанный ум и возвращает дыхание в тело. Это союзник в моменты перегрузки, ментального шума и эмоционального жара. Мятный чай — как шепот травы, напоминающий: «не всё нужно решать — иногда нужно просто выдохнуть».",
  "warnings": "",
  "dosage_instructions": [
    {
      "type": "dried",
      "title": "Сушёные растения",
      "description": ""
    }
  ]
}
2025-06-10 23:31:21,583 - DEBUG - bot.utility.upload_organic_descriptions - Размер JSON данных: 1035 байт
2025-06-10 23:31:21,583 - INFO - bot.utility.upload_organic_descriptions - Имя файла для загрузки: biounit_mint_description.json
2025-06-10 23:31:21,583 - INFO - bot.utility.upload_organic_descriptions - Начинаем загрузку в IPFS для mint
2025-06-10 23:31:21,583 - INFO - bot.services.pinata - Начинаем загрузку в IPFS: {
  "id": "mint",
  "title": "Мята перечная",
  "scientific_name": "Mentha × piperita",
  "generic_description": "Мята — классическая трава успокоения, пищеварения и ясности ума. Её ключевой компонент, ментол, воздействует на TRPM8-рецепторы, создавая эффект охлаждения, а также помогает при головной боли, тошноте, спазмах и воспалениях. Мята улучшает работу ЖКТ, снижает газообразование и действует как мягкий анальгетик. Её также применяют при простудах и для облегчения дыхания.",
  "effects": "",
  "shamanic": "С точки зрения шаманской традиции, мята — это травяной ветер, приносящий ясность, пространство и облегчение. Она охлаждает перегретую психику, успокаивает разогнанный ум и возвращает дыхание в тело. Это союзник в моменты перегрузки, ментального шума и эмоционального жара. Мятный чай — как шепот травы, напоминающий: «не всё нужно решать — иногда нужно просто выдохнуть».",
  "warnings": "",
  "dosage_instructions": [
    {
      "type": "dried",
      "title": "Сушёные растения",
      "description": ""
    }
  ]
}
2025-06-10 23:31:21,583 - INFO - bot.services.pinata - Обнаружены данные вместо пути к файлу, используем upload_text
2025-06-10 23:31:21,583 - INFO - bot.services.pinata - Начинаем загрузку текстовых данных в IPFS
2025-06-10 23:31:21,583 - INFO - bot.services.pinata - Отправляем запрос в Pinata JSON API
2025-06-10 23:31:21,583 - DEBUG - bot.services.pinata - Rate limiting: sleeping for 1.18 seconds
2025-06-10 23:31:23,603 - INFO - bot.services.pinata - Успешно получен CID: QmR88CGcBUqvHFMavUeuodQEuCDHMP4zKKxdN3QMYz7Ayj
2025-06-10 23:31:23,603 - DEBUG - bot.services.pinata - Кэш сохранен
2025-06-10 23:31:23,604 - INFO - bot.utility.upload_organic_descriptions - ☀️ Ура! Биологическая единица проросла в блокчейн! mint, получен CID: QmR88CGcBUqvHFMavUeuodQEuCDHMP4zKKxdN3QMYz7Ayj
2025-06-10 23:31:23,604 - INFO - bot.utility.upload_organic_descriptions - ✅ Успешно добавлен в маппинг: mint -> QmR88CGcBUqvHFMavUeuodQEuCDHMP4zKKxdN3QMYz7Ayj (biounit_mint_description.json)
2025-06-10 23:31:23,604 - INFO - bot.utility.upload_organic_descriptions - Всего успешно загружено: 11 из 11
2025-06-10 23:31:23,606 - INFO - bot.utility.upload_organic_descriptions - Маппинг CID сохранен в bot/catalog/organic_cid_mapping.json
2025-06-10 23:31:23,607 - INFO - __main__ - 📝 Загружены описания: {'amanita_muscaria': 'QmdoqBWBZoupjQWFfBxMJD5N9dJSFTyjVEV1AVL8oNEVSG', 'amanita_pantherina': 'Qmbkp4owyjyjRuYGd7b1KfVjo5bBvCutgYdCi7qKd3ZPoy', 'blue-lotus': 'QmdmJFdMQXRpp3qNRTLYqsR1kFLYhTSRA8YMfd5JvNi85S', 'inonotus_obliquus': 'Qmb7L2tVDcuJ9My46MpmYsiUSoP9sUkCARkKCdRSesPr93', 'cordyceps_militaris': 'QmUYCbZXNg1K1sBvBaWEByaYriagVC4VvfGfQQA1itFXHy', 'cantharellus_cibarius': 'QmaPtpqwBLjKNwGLccWqMbDRsceJ52xV97Eh9RkdWbCvvE', 'populus_tremula': 'QmT1QMFRpSXHQPUv524EdthjxVUeZFgGM3c8FwVvrYbiXJ', 'lions-mane': 'QmWG6Kc4Uj44LwgnyMxc4LxoBGZgdRbsmM5EZn37MBVmh1', 'passionflower': 'QmYXGiCLB1sPtkoskNWA5dCo8d9uW6RVVS94uq2xf6awQ7', 'nettle': 'Qmer3AYuJ5uFksPFpEzcqB52nN4w7vpGbw1hMQqJdXuJ1G', 'mint': 'QmR88CGcBUqvHFMavUeuodQEuCDHMP4zKKxdN3QMYz7Ayj'}
2025-06-10 23:31:23,607 - INFO - __main__ - 🔄 Конвертация каталога...
2025-06-10 23:31:23,609 - INFO - bot.utility.catalog_csv2json - ✨ Обработан продукт: Amanita muscaria — sliced caps and gills (1st grade)
2025-06-10 23:31:23,609 - INFO - bot.utility.catalog_csv2json - ✨ Обработан продукт: Amanita — Closed hat
2025-06-10 23:31:23,609 - INFO - bot.utility.catalog_csv2json - ✨ Обработан продукт: Amanita — Collapsed hats
2025-06-10 23:31:23,609 - INFO - bot.utility.catalog_csv2json - ✨ Обработан продукт: Amanita — LUX
2025-06-10 23:31:23,609 - INFO - bot.utility.catalog_csv2json - ✨ Обработан продукт: Amanita — Pantera
2025-06-10 23:31:23,609 - INFO - bot.utility.catalog_csv2json - ✨ Обработан продукт: Amanita — Powder
2025-06-10 23:31:23,610 - INFO - bot.utility.catalog_csv2json - ✨ Обработан продукт: Amanita — Tinctura
2025-06-10 23:31:23,610 - INFO - bot.utility.catalog_csv2json - ✨ Обработан продукт: Blue Lotus — Tinctura
2025-06-10 23:31:23,610 - INFO - bot.utility.catalog_csv2json - ✨ Обработан продукт: Blue Lotus
2025-06-10 23:31:23,610 - INFO - bot.utility.catalog_csv2json - ✨ Обработан продукт: Chaga
2025-06-10 23:31:23,610 - INFO - bot.utility.catalog_csv2json - ✨ Обработан продукт: cordyceps_militaris
2025-06-10 23:31:23,610 - INFO - bot.utility.catalog_csv2json - ✨ Обработан продукт: cordyceps_militaris_powder
2025-06-10 23:31:23,610 - INFO - bot.utility.catalog_csv2json - ✨ Обработан продукт: Foxes
2025-06-10 23:31:23,610 - INFO - bot.utility.catalog_csv2json - ✨ Обработан продукт: Foxes
2025-06-10 23:31:23,610 - INFO - bot.utility.catalog_csv2json - ✨ Обработан продукт: Kora Osiny
2025-06-10 23:31:23,610 - INFO - bot.utility.catalog_csv2json - ✨ Обработан продукт: Lions Main — Powder
2025-06-10 23:31:23,610 - INFO - bot.utility.catalog_csv2json - ✨ Обработан продукт: Lions Main
2025-06-10 23:31:23,611 - INFO - bot.utility.catalog_csv2json - 🎉 Каталог успешно сохранен в bot/catalog/active_catalog.json
2025-06-10 23:31:23,611 - INFO - __main__ - 🔄 Конвертирован каталог: [{'id': 'amanita1', 'title': 'Amanita muscaria — sliced caps and gills (1st grade)', 'description_cid': 'QmdoqBWBZoupjQWFfBxMJD5N9dJSFTyjVEV1AVL8oNEVSG', 'categories': ['mushroom', 'mental health', 'focus', 'ADHD support', 'mental force'], 'cover_image': 'QmYrs5gAMeZEmiFAJnmRcD19rpCpXF52ssMJ6X2oWrxWWj', 'form': 'mixed slices', 'species': 'Amanita muscaria', 'prices': [{'weight': '100', 'weight_unit': 'g', 'price': '80', 'currency': 'EUR'}]}, {'id': 'amanita_closed_cups', 'title': 'Amanita — Closed hat', 'description_cid': 'QmdoqBWBZoupjQWFfBxMJD5N9dJSFTyjVEV1AVL8oNEVSG', 'categories': ['mushroom', 'mental health', 'focus', 'ADHD support', 'mental force'], 'cover_image': 'QmbTBHeByJwUP9JyTo2GcHzj1YwzVww6zXrEDFt3zgdwQ1', 'form': 'whole caps', 'species': 'Amanita muscaria', 'prices': [{'weight': '100', 'weight_unit': 'g', 'price': '90', 'currency': 'EUR'}]}, {'id': 'amanita_broken_closed_cups', 'title': 'Amanita — Collapsed hats', 'description_cid': 'QmdoqBWBZoupjQWFfBxMJD5N9dJSFTyjVEV1AVL8oNEVSG', 'categories': ['mushroom', 'mental health', 'focus', 'ADHD support', 'mental force'], 'cover_image': 'QmUPHsHyuDHKyVbduvqoooAYShFCSfYgcnEioxNNqgZK2B', 'form': 'broken caps', 'species': 'Amanita muscaria', 'prices': [{'weight': '100', 'weight_unit': 'g', 'price': '60', 'currency': 'EUR'}]}, {'id': 'amanita_lux', 'title': 'Amanita — LUX', 'description_cid': 'QmdoqBWBZoupjQWFfBxMJD5N9dJSFTyjVEV1AVL8oNEVSG', 'categories': ['mushroom', 'mental health', 'focus', 'ADHD support', 'mental force'], 'cover_image': 'Qmat1agJkdYK5uX8YZoJvQnQ3zzqSaavmzUEhpEfQHD4gz', 'form': 'premium caps', 'species': 'Amanita muscaria', 'prices': [{'weight': '100', 'weight_unit': 'g', 'price': '90', 'currency': 'EUR'}]}, {'id': 'amanita_pantherina_whole', 'title': 'Amanita — Pantera', 'description_cid': 'Qmbkp4owyjyjRuYGd7b1KfVjo5bBvCutgYdCi7qKd3ZPoy', 'categories': ['mushroom', 'mental health', 'focus', 'ADHD support', 'mental force'], 'cover_image': 'QmQxwESeMcEAc8VcYjd5ZQQwkaubp11vKo3kkJkx8SsTfn', 'form': 'unknown', 'species': 'Amanita pantherina', 'prices': [{'weight': '30', 'weight_unit': 'g', 'price': '60', 'currency': 'EUR'}, {'weight': '50', 'weight_unit': 'g', 'price': '100', 'currency': 'EUR'}, {'weight': '50', 'weight_unit': 'g', 'price': '90', 'currency': 'EUR'}]}, {'id': 'amanita_pantherina_powder', 'title': 'Amanita — Powder', 'description_cid': 'QmdoqBWBZoupjQWFfBxMJD5N9dJSFTyjVEV1AVL8oNEVSG', 'categories': ['mushroom', 'mental health', 'focus', 'ADHD support', 'mental force'], 'cover_image': 'QmWwjNvD8HX6WB2TLsxiEhciMJCHRfiZBw9G2wgfqKyPbd', 'form': 'powder', 'species': 'Amanita muscaria', 'prices': [{'weight': '100', 'weight_unit': 'g', 'price': '60', 'currency': 'EUR'}]}, {'id': 'amanita_tincture', 'title': 'Amanita — Tinctura', 'description_cid': 'QmdoqBWBZoupjQWFfBxMJD5N9dJSFTyjVEV1AVL8oNEVSG', 'categories': ['mushroom', 'mental health', 'focus', 'ADHD support', 'mental force'], 'cover_image': 'QmbGrAqeugUxZZxWojavu4rbHdk5XNmSsSv92UV8FKjyHa', 'form': 'tincture', 'species': 'Amanita muscaria', 'prices': [{'volume': '50', 'volume_unit': 'ml', 'price': '15', 'currency': 'EUR'}]}, {'id': 'blue_lotus_tincture', 'title': 'Blue Lotus — Tinctura', 'description_cid': 'QmdmJFdMQXRpp3qNRTLYqsR1kFLYhTSRA8YMfd5JvNi85S', 'categories': ['plant', 'mental health', 'focus', 'ADHD support', 'mental force'], 'cover_image': 'QmeR4vHpCm6eiWnMkJGARA8WLUNc8jWWEq3L5bhJGNfWFW', 'form': 'tincture', 'species': 'Nymphaea caerulea (Blue Lotus)', 'prices': [{'volume': '50', 'volume_unit': 'ml', 'price': '20', 'currency': 'EUR'}]}, {'id': 'blue_lotus_flowers', 'title': 'Blue Lotus', 'description_cid': 'QmdmJFdMQXRpp3qNRTLYqsR1kFLYhTSRA8YMfd5JvNi85S', 'categories': ['plant', 'mental health', 'focus', 'ADHD support', 'mental force'], 'cover_image': 'QmT5RC6Q6MRRF3YoDcXmKamKntXT6oSvxk3G2aLDkPc17T', 'form': 'flower', 'species': 'Nymphaea caerulea (Blue Lotus)', 'prices': [{'weight': '100', 'weight_unit': 'g', 'price': '30', 'currency': 'EUR'}]}, {'id': 'chaga_chunks', 'title': 'Chaga', 'description_cid': 'Qmb7L2tVDcuJ9My46MpmYsiUSoP9sUkCARkKCdRSesPr93', 'categories': ['mushroom', 'immune system', 'vital force'], 'cover_image': 'QmaUhzH11vG9aEH9MTpLHaVuBFMDPTXC9AcwcGBVoy2S5c', 'form': 'chunks', 'species': 'Inonotus obliquus (Chaga)', 'prices': [{'weight': '100', 'weight_unit': 'g', 'price': '10', 'currency': 'EUR'}, {'weight': '200', 'weight_unit': 'g', 'price': '15', 'currency': 'EUR'}]}, {'id': 'cordyceps_militaris_powder', 'title': 'cordyceps_militaris', 'description_cid': 'QmUYCbZXNg1K1sBvBaWEByaYriagVC4VvfGfQQA1itFXHy', 'categories': ['mushroom', 'immune system', 'vital force'], 'cover_image': '', 'form': 'powder', 'species': 'Cordyceps militaris', 'prices': [{'weight': '100', 'weight_unit': 'g', 'price': '40', 'currency': 'EUR'}]}, {'id': 'cordyceps_militaris_dried_bodies', 'title': 'cordyceps_militaris_powder', 'description_cid': 'QmUYCbZXNg1K1sBvBaWEByaYriagVC4VvfGfQQA1itFXHy', 'categories': ['mushroom', 'immune system', 'vital force'], 'cover_image': '', 'form': 'dried whole', 'species': 'Cordyceps militaris', 'prices': [{'weight': '100', 'weight_unit': 'g', 'price': '30', 'currency': 'EUR'}]}, {'id': 'chanterelle_dried', 'title': 'Foxes', 'description_cid': 'QmaPtpqwBLjKNwGLccWqMbDRsceJ52xV97Eh9RkdWbCvvE', 'categories': ['mushroom', 'antiparasite', 'immune system', 'vital force'], 'cover_image': 'QmNULQzUp3TGVR6mbSEH9WBjbrGGgN3dy6wZF8KYAKNvGa', 'form': 'dried whole', 'species': 'Cantharellus cibarius (Chanterelle)', 'prices': [{'weight': '100', 'weight_unit': 'g', 'price': '30', 'currency': 'EUR'}]}, {'id': 'chanterelle_powder', 'title': 'Foxes', 'description_cid': 'QmaPtpqwBLjKNwGLccWqMbDRsceJ52xV97Eh9RkdWbCvvE', 'categories': ['mushroom', 'antiparasite', 'immune system', 'vital force'], 'cover_image': 'QmNULQzUp3TGVR6mbSEH9WBjbrGGgN3dy6wZF8KYAKNvGa', 'form': 'dried powder', 'species': 'Cantharellus cibarius (Chanterelle)', 'prices': [{'weight': '100', 'weight_unit': 'g', 'price': '40', 'currency': 'EUR'}]}, {'id': 'aspen_bark_dried_strips', 'title': 'Kora Osiny', 'description_cid': 'QmT1QMFRpSXHQPUv524EdthjxVUeZFgGM3c8FwVvrYbiXJ', 'categories': ['plant', 'antiparasite', 'immune system', 'vital force'], 'cover_image': 'QmZGLPHZxDJP4VRbZbR8CRBY2widf5wMqMvu3rowhJGvCT', 'form': 'dried strips', 'species': 'Populus tremula (Aspen)', 'prices': [{'weight': '200', 'weight_unit': 'g', 'price': '10', 'currency': 'EUR'}]}, {'id': 'lions_mane_powder', 'title': 'Lions Main — Powder', 'description_cid': 'QmWG6Kc4Uj44LwgnyMxc4LxoBGZgdRbsmM5EZn37MBVmh1', 'categories': ['mushroom', 'mental health', 'focus', 'ADHD support', 'mental force'], 'cover_image': 'QmTU5LpEp2qDBpCiWnZHEDuUK7BES3gm8wNWihn7ShqjAv', 'form': 'powder', 'species': "Hericium erinaceus (Lion's Mane)", 'prices': [{'weight': '100', 'weight_unit': 'g', 'price': '40', 'currency': 'EUR'}]}, {'id': "Lion's Mane mushroom — whole dried", 'title': 'Lions Main', 'description_cid': 'QmWG6Kc4Uj44LwgnyMxc4LxoBGZgdRbsmM5EZn37MBVmh1', 'categories': ['mushroom', 'mental health', 'focus', 'ADHD support', 'mental force'], 'cover_image': 'QmXzbH3aeiyYyn5b4YSHe2kvNCQuUXtMngL91MeVjHH3vJ', 'form': 'whole dried', 'species': "Hericium erinaceus (Lion's Mane)", 'prices': [{'weight': '100', 'weight_unit': 'g', 'price': '30', 'currency': 'EUR'}]}]
2025-06-10 23:31:23,611 - INFO - __main__ - 📦 Подготовка данных для реестра...
2025-06-10 23:31:23,613 - INFO - bot.services.ipfs_factory - Using Pinata storage
2025-06-10 23:31:23,615 - INFO - bot.services.pinata - Кэш загружен, 55 записей
2025-06-10 23:31:23,616 - INFO - bot.utility.prepare_products_for_registry - ☀️ Создан файл bot/catalog/product_jsons/amanita1.json
2025-06-10 23:31:23,616 - INFO - bot.utility.prepare_products_for_registry - 🔥 Загружаем bot/catalog/product_jsons/amanita1.json в IPFS
2025-06-10 23:31:23,616 - INFO - bot.services.pinata - Начинаем загрузку в IPFS: bot/catalog/product_jsons/amanita1.json
2025-06-10 23:31:23,617 - DEBUG - bot.services.pinata - SHA-256 хеш файла: a020299b4a26710dd3d1bd5822feb1e5949a1abcf8db4de184cbdd9af8fa916f
2025-06-10 23:31:23,617 - INFO - bot.services.pinata - Загружаем файл: amanita1.json
2025-06-10 23:31:24,360 - INFO - bot.services.pinata - Метрики сохранены в metrics/pinata_metrics_20250610_233124.json
2025-06-10 23:31:24,360 - INFO - bot.services.pinata - Успешно получен CID: QmeGq712hKBE5jH3DqMnUax1mwfYAxg3pinM9Kk4aRCH7z
2025-06-10 23:31:24,361 - DEBUG - bot.services.pinata - Кэш сохранен
2025-06-10 23:31:24,361 - INFO - bot.utility.prepare_products_for_registry - ✅ Загружен amanita1: QmeGq712hKBE5jH3DqMnUax1mwfYAxg3pinM9Kk4aRCH7z
2025-06-10 23:31:24,362 - INFO - bot.utility.prepare_products_for_registry - ☀️ Создан файл bot/catalog/product_jsons/amanita_closed_cups.json
2025-06-10 23:31:24,362 - INFO - bot.utility.prepare_products_for_registry - 🔥 Загружаем bot/catalog/product_jsons/amanita_closed_cups.json в IPFS
2025-06-10 23:31:24,362 - INFO - bot.services.pinata - Начинаем загрузку в IPFS: bot/catalog/product_jsons/amanita_closed_cups.json
2025-06-10 23:31:24,362 - DEBUG - bot.services.pinata - SHA-256 хеш файла: 847b8c55f372847bcaa76a559bfcaffe2cc93d81d5211d204e29258a1041a2a5
2025-06-10 23:31:24,362 - INFO - bot.services.pinata - Загружаем файл: amanita_closed_cups.json
2025-06-10 23:31:24,362 - DEBUG - bot.services.pinata - Rate limiting: sleeping for 1.25 seconds
2025-06-10 23:31:26,576 - INFO - bot.services.pinata - Успешно получен CID: QmdhoN7QQXzwfv9HG86xGNDHjUJnFeMDbbegoXnu4T8ZdU
2025-06-10 23:31:26,577 - DEBUG - bot.services.pinata - Кэш сохранен
2025-06-10 23:31:26,577 - INFO - bot.utility.prepare_products_for_registry - ✅ Загружен amanita_closed_cups: QmdhoN7QQXzwfv9HG86xGNDHjUJnFeMDbbegoXnu4T8ZdU
2025-06-10 23:31:26,578 - INFO - bot.utility.prepare_products_for_registry - ☀️ Создан файл bot/catalog/product_jsons/amanita_broken_closed_cups.json
2025-06-10 23:31:26,578 - INFO - bot.utility.prepare_products_for_registry - 🔥 Загружаем bot/catalog/product_jsons/amanita_broken_closed_cups.json в IPFS
2025-06-10 23:31:26,578 - INFO - bot.services.pinata - Начинаем загрузку в IPFS: bot/catalog/product_jsons/amanita_broken_closed_cups.json
2025-06-10 23:31:26,578 - DEBUG - bot.services.pinata - SHA-256 хеш файла: 92d565a9872ae5d3c00b68910b28652ca74bcae2043852ceb6f6236a2e9b2d56
2025-06-10 23:31:26,578 - INFO - bot.services.pinata - Загружаем файл: amanita_broken_closed_cups.json
2025-06-10 23:31:26,578 - DEBUG - bot.services.pinata - Rate limiting: sleeping for 1.04 seconds
2025-06-10 23:31:28,394 - INFO - bot.services.pinata - Успешно получен CID: QmU1o4AZahdrYTwPA8RyLyRm5MopcQ9PH8sWp8PuZMmMTb
2025-06-10 23:31:28,395 - DEBUG - bot.services.pinata - Кэш сохранен
2025-06-10 23:31:28,395 - INFO - bot.utility.prepare_products_for_registry - ✅ Загружен amanita_broken_closed_cups: QmU1o4AZahdrYTwPA8RyLyRm5MopcQ9PH8sWp8PuZMmMTb
2025-06-10 23:31:28,395 - INFO - bot.utility.prepare_products_for_registry - ☀️ Создан файл bot/catalog/product_jsons/amanita_lux.json
2025-06-10 23:31:28,395 - INFO - bot.utility.prepare_products_for_registry - 🔥 Загружаем bot/catalog/product_jsons/amanita_lux.json в IPFS
2025-06-10 23:31:28,395 - INFO - bot.services.pinata - Начинаем загрузку в IPFS: bot/catalog/product_jsons/amanita_lux.json
2025-06-10 23:31:28,395 - DEBUG - bot.services.pinata - SHA-256 хеш файла: 1a902242b23815a79aa3467b73a786acd8a36ae4b7b5b9b103175affa554e6b7
2025-06-10 23:31:28,395 - INFO - bot.services.pinata - Загружаем файл: amanita_lux.json
2025-06-10 23:31:28,395 - DEBUG - bot.services.pinata - Rate limiting: sleeping for 1.23 seconds
2025-06-10 23:31:30,776 - INFO - bot.services.pinata - Успешно получен CID: QmSrLZMi3XRmPvzYVe9pNCZLqYbjSthgg792s26cyPBhcX
2025-06-10 23:31:30,778 - DEBUG - bot.services.pinata - Кэш сохранен
2025-06-10 23:31:30,778 - INFO - bot.utility.prepare_products_for_registry - ✅ Загружен amanita_lux: QmSrLZMi3XRmPvzYVe9pNCZLqYbjSthgg792s26cyPBhcX
2025-06-10 23:31:30,778 - INFO - bot.utility.prepare_products_for_registry - ☀️ Создан файл bot/catalog/product_jsons/amanita_pantherina_whole.json
2025-06-10 23:31:30,778 - INFO - bot.utility.prepare_products_for_registry - 🔥 Загружаем bot/catalog/product_jsons/amanita_pantherina_whole.json в IPFS
2025-06-10 23:31:30,778 - INFO - bot.services.pinata - Начинаем загрузку в IPFS: bot/catalog/product_jsons/amanita_pantherina_whole.json
2025-06-10 23:31:30,778 - DEBUG - bot.services.pinata - SHA-256 хеш файла: 14f1aec2fef3882a265bb217826ffbe65bf83a4d68e052f9b1d8eecd872b3b05
2025-06-10 23:31:30,778 - INFO - bot.services.pinata - Загружаем файл: amanita_pantherina_whole.json
2025-06-10 23:31:30,778 - DEBUG - bot.services.pinata - Rate limiting: sleeping for 0.85 seconds
2025-06-10 23:31:32,440 - INFO - bot.services.pinata - Успешно получен CID: QmRzWvsnjY1s8Y7NDM3VS661mwZNNi5TpFFefC2Tg91zZ5
2025-06-10 23:31:32,441 - DEBUG - bot.services.pinata - Кэш сохранен
2025-06-10 23:31:32,441 - INFO - bot.utility.prepare_products_for_registry - ✅ Загружен amanita_pantherina_whole: QmRzWvsnjY1s8Y7NDM3VS661mwZNNi5TpFFefC2Tg91zZ5
2025-06-10 23:31:32,442 - INFO - bot.utility.prepare_products_for_registry - ☀️ Создан файл bot/catalog/product_jsons/amanita_pantherina_powder.json
2025-06-10 23:31:32,442 - INFO - bot.utility.prepare_products_for_registry - 🔥 Загружаем bot/catalog/product_jsons/amanita_pantherina_powder.json в IPFS
2025-06-10 23:31:32,442 - INFO - bot.services.pinata - Начинаем загрузку в IPFS: bot/catalog/product_jsons/amanita_pantherina_powder.json
2025-06-10 23:31:32,442 - DEBUG - bot.services.pinata - SHA-256 хеш файла: 7ebb7018d3a618c58f5e8a23f344734279102f6dc14fb6f162202a0384ef11a0
2025-06-10 23:31:32,442 - INFO - bot.services.pinata - Загружаем файл: amanita_pantherina_powder.json
2025-06-10 23:31:32,442 - DEBUG - bot.services.pinata - Rate limiting: sleeping for 1.19 seconds
2025-06-10 23:31:34,371 - INFO - bot.services.pinata - Успешно получен CID: QmaJ1Mz3SsrWzwQ2ijPaxQeaowDLVrLHLSoEADUwSFyTrp
2025-06-10 23:31:34,372 - DEBUG - bot.services.pinata - Кэш сохранен
2025-06-10 23:31:34,373 - INFO - bot.utility.prepare_products_for_registry - ✅ Загружен amanita_pantherina_powder: QmaJ1Mz3SsrWzwQ2ijPaxQeaowDLVrLHLSoEADUwSFyTrp
2025-06-10 23:31:34,374 - INFO - bot.utility.prepare_products_for_registry - ☀️ Создан файл bot/catalog/product_jsons/amanita_tincture.json
2025-06-10 23:31:34,374 - INFO - bot.utility.prepare_products_for_registry - 🔥 Загружаем bot/catalog/product_jsons/amanita_tincture.json в IPFS
2025-06-10 23:31:34,374 - INFO - bot.services.pinata - Начинаем загрузку в IPFS: bot/catalog/product_jsons/amanita_tincture.json
2025-06-10 23:31:34,374 - DEBUG - bot.services.pinata - SHA-256 хеш файла: 32c71a3e872e224043cf44e3b2ce46de9222ba5c1b26281b904a1d0fec0be7dc
2025-06-10 23:31:34,374 - INFO - bot.services.pinata - Загружаем файл: amanita_tincture.json
2025-06-10 23:31:34,374 - DEBUG - bot.services.pinata - Rate limiting: sleeping for 1.27 seconds
2025-06-10 23:31:36,387 - INFO - bot.services.pinata - Успешно получен CID: QmVer4ycsDwFA4um8ngosoASW8toPeSsTs9BfVXJciAU89
2025-06-10 23:31:36,389 - DEBUG - bot.services.pinata - Кэш сохранен
2025-06-10 23:31:36,389 - INFO - bot.utility.prepare_products_for_registry - ✅ Загружен amanita_tincture: QmVer4ycsDwFA4um8ngosoASW8toPeSsTs9BfVXJciAU89
2025-06-10 23:31:36,390 - INFO - bot.utility.prepare_products_for_registry - ☀️ Создан файл bot/catalog/product_jsons/blue_lotus_tincture.json
2025-06-10 23:31:36,390 - INFO - bot.utility.prepare_products_for_registry - 🔥 Загружаем bot/catalog/product_jsons/blue_lotus_tincture.json в IPFS
2025-06-10 23:31:36,390 - INFO - bot.services.pinata - Начинаем загрузку в IPFS: bot/catalog/product_jsons/blue_lotus_tincture.json
2025-06-10 23:31:36,390 - DEBUG - bot.services.pinata - SHA-256 хеш файла: f6ee108786d93e6dd79de9dd98b2370a8ef83e869275ea691336944f45702e1e
2025-06-10 23:31:36,390 - INFO - bot.services.pinata - Загружаем файл: blue_lotus_tincture.json
2025-06-10 23:31:36,390 - DEBUG - bot.services.pinata - Rate limiting: sleeping for 1.25 seconds
2025-06-10 23:31:38,554 - INFO - bot.services.pinata - Успешно получен CID: QmRiYSSFi9feAMuHrHANsSVupLx6e1jGUS7VZ33Xz6pDqr
2025-06-10 23:31:38,555 - DEBUG - bot.services.pinata - Кэш сохранен
2025-06-10 23:31:38,555 - INFO - bot.utility.prepare_products_for_registry - ✅ Загружен blue_lotus_tincture: QmRiYSSFi9feAMuHrHANsSVupLx6e1jGUS7VZ33Xz6pDqr
2025-06-10 23:31:38,556 - INFO - bot.utility.prepare_products_for_registry - ☀️ Создан файл bot/catalog/product_jsons/blue_lotus_flowers.json
2025-06-10 23:31:38,556 - INFO - bot.utility.prepare_products_for_registry - 🔥 Загружаем bot/catalog/product_jsons/blue_lotus_flowers.json в IPFS
2025-06-10 23:31:38,556 - INFO - bot.services.pinata - Начинаем загрузку в IPFS: bot/catalog/product_jsons/blue_lotus_flowers.json
2025-06-10 23:31:38,556 - DEBUG - bot.services.pinata - SHA-256 хеш файла: 9562eeb9d4b126509ecc0d7422863743933af425c5d2985637dc9d5dc2ae0637
2025-06-10 23:31:38,556 - INFO - bot.services.pinata - Загружаем файл: blue_lotus_flowers.json
2025-06-10 23:31:38,556 - DEBUG - bot.services.pinata - Rate limiting: sleeping for 1.09 seconds
2025-06-10 23:31:40,538 - INFO - bot.services.pinata - Успешно получен CID: QmNeu4EnHW9c5so7EUrkwnXWVDyjXQwRcZMoaT4uNLFE6Z
2025-06-10 23:31:40,539 - DEBUG - bot.services.pinata - Кэш сохранен
2025-06-10 23:31:40,539 - INFO - bot.utility.prepare_products_for_registry - ✅ Загружен blue_lotus_flowers: QmNeu4EnHW9c5so7EUrkwnXWVDyjXQwRcZMoaT4uNLFE6Z
2025-06-10 23:31:40,539 - INFO - bot.utility.prepare_products_for_registry - ☀️ Создан файл bot/catalog/product_jsons/chaga_chunks.json
2025-06-10 23:31:40,539 - INFO - bot.utility.prepare_products_for_registry - 🔥 Загружаем bot/catalog/product_jsons/chaga_chunks.json в IPFS
2025-06-10 23:31:40,539 - INFO - bot.services.pinata - Начинаем загрузку в IPFS: bot/catalog/product_jsons/chaga_chunks.json
2025-06-10 23:31:40,539 - DEBUG - bot.services.pinata - SHA-256 хеш файла: 88097c3061f688b782048f99f76dad0d20d72d9b2d46ac793cc2a934ec5f57d4
2025-06-10 23:31:40,539 - INFO - bot.services.pinata - Загружаем файл: chaga_chunks.json
2025-06-10 23:31:40,539 - DEBUG - bot.services.pinata - Rate limiting: sleeping for 1.11 seconds
2025-06-10 23:31:42,447 - INFO - bot.services.pinata - Успешно получен CID: QmdrnC4rbxLRsfTLSAFgMUpX8QWreS4SMZg2y5nZsa4qs1
2025-06-10 23:31:42,449 - DEBUG - bot.services.pinata - Кэш сохранен
2025-06-10 23:31:42,449 - INFO - bot.utility.prepare_products_for_registry - ✅ Загружен chaga_chunks: QmdrnC4rbxLRsfTLSAFgMUpX8QWreS4SMZg2y5nZsa4qs1
2025-06-10 23:31:42,450 - INFO - bot.utility.prepare_products_for_registry - ☀️ Создан файл bot/catalog/product_jsons/cordyceps_militaris_powder.json
2025-06-10 23:31:42,450 - INFO - bot.utility.prepare_products_for_registry - 🔥 Загружаем bot/catalog/product_jsons/cordyceps_militaris_powder.json в IPFS
2025-06-10 23:31:42,450 - INFO - bot.services.pinata - Начинаем загрузку в IPFS: bot/catalog/product_jsons/cordyceps_militaris_powder.json
2025-06-10 23:31:42,450 - DEBUG - bot.services.pinata - SHA-256 хеш файла: 0c89fd385434282fbef08426d7ee0cb5ea45e23ba7b2312c890d2ad335518883
2025-06-10 23:31:42,450 - INFO - bot.services.pinata - Загружаем файл: cordyceps_militaris_powder.json
2025-06-10 23:31:42,450 - DEBUG - bot.services.pinata - Rate limiting: sleeping for 1.20 seconds
2025-06-10 23:31:44,446 - INFO - bot.services.pinata - Успешно получен CID: QmXnknwLebfWJXx44GUVbHFBPt3XboNcfYcMqeNZvUkmZM
2025-06-10 23:31:44,448 - DEBUG - bot.services.pinata - Кэш сохранен
2025-06-10 23:31:44,448 - INFO - bot.utility.prepare_products_for_registry - ✅ Загружен cordyceps_militaris_powder: QmXnknwLebfWJXx44GUVbHFBPt3XboNcfYcMqeNZvUkmZM
2025-06-10 23:31:44,448 - INFO - bot.utility.prepare_products_for_registry - ☀️ Создан файл bot/catalog/product_jsons/cordyceps_militaris_dried_bodies.json
2025-06-10 23:31:44,448 - INFO - bot.utility.prepare_products_for_registry - 🔥 Загружаем bot/catalog/product_jsons/cordyceps_militaris_dried_bodies.json в IPFS
2025-06-10 23:31:44,449 - INFO - bot.services.pinata - Начинаем загрузку в IPFS: bot/catalog/product_jsons/cordyceps_militaris_dried_bodies.json
2025-06-10 23:31:44,449 - DEBUG - bot.services.pinata - SHA-256 хеш файла: 8d4c3bc2a21c50515f7b565897586f0ba20e8bea44c5fa064725413d17a13856
2025-06-10 23:31:44,449 - INFO - bot.services.pinata - Загружаем файл: cordyceps_militaris_dried_bodies.json
2025-06-10 23:31:44,449 - DEBUG - bot.services.pinata - Rate limiting: sleeping for 1.21 seconds
2025-06-10 23:31:46,544 - INFO - bot.services.pinata - Успешно получен CID: QmYxPRZD9aYAxY8yV2nnTKY4dmU7vZDtnY2Y9jF487yHQK
2025-06-10 23:31:46,545 - DEBUG - bot.services.pinata - Кэш сохранен
2025-06-10 23:31:46,545 - INFO - bot.utility.prepare_products_for_registry - ✅ Загружен cordyceps_militaris_dried_bodies: QmYxPRZD9aYAxY8yV2nnTKY4dmU7vZDtnY2Y9jF487yHQK
2025-06-10 23:31:46,546 - INFO - bot.utility.prepare_products_for_registry - ☀️ Создан файл bot/catalog/product_jsons/chanterelle_dried.json
2025-06-10 23:31:46,546 - INFO - bot.utility.prepare_products_for_registry - 🔥 Загружаем bot/catalog/product_jsons/chanterelle_dried.json в IPFS
2025-06-10 23:31:46,546 - INFO - bot.services.pinata - Начинаем загрузку в IPFS: bot/catalog/product_jsons/chanterelle_dried.json
2025-06-10 23:31:46,546 - DEBUG - bot.services.pinata - SHA-256 хеш файла: 2e200079658e161f3247bb1023d96dcda1056dd802750fa15da9e18334b401eb
2025-06-10 23:31:46,546 - INFO - bot.services.pinata - Загружаем файл: chanterelle_dried.json
2025-06-10 23:31:46,546 - DEBUG - bot.services.pinata - Rate limiting: sleeping for 1.11 seconds
2025-06-10 23:31:48,422 - INFO - bot.services.pinata - Успешно получен CID: QmWtDi6u5t5rnmrgxgjbZ5KStwv8YGBzpK1sSxCgjMdZKT
2025-06-10 23:31:48,422 - DEBUG - bot.services.pinata - Кэш сохранен
2025-06-10 23:31:48,423 - INFO - bot.utility.prepare_products_for_registry - ✅ Загружен chanterelle_dried: QmWtDi6u5t5rnmrgxgjbZ5KStwv8YGBzpK1sSxCgjMdZKT
2025-06-10 23:31:48,423 - INFO - bot.utility.prepare_products_for_registry - ☀️ Создан файл bot/catalog/product_jsons/chanterelle_powder.json
2025-06-10 23:31:48,423 - INFO - bot.utility.prepare_products_for_registry - 🔥 Загружаем bot/catalog/product_jsons/chanterelle_powder.json в IPFS
2025-06-10 23:31:48,423 - INFO - bot.services.pinata - Начинаем загрузку в IPFS: bot/catalog/product_jsons/chanterelle_powder.json
2025-06-10 23:31:48,423 - DEBUG - bot.services.pinata - SHA-256 хеш файла: b6849f49ef45be6ca036b075bc7bb0fc9cd21a805b8b17d85ce98ab9568ea477
2025-06-10 23:31:48,423 - INFO - bot.services.pinata - Загружаем файл: chanterelle_powder.json
2025-06-10 23:31:48,423 - DEBUG - bot.services.pinata - Rate limiting: sleeping for 1.24 seconds
2025-06-10 23:31:50,437 - INFO - bot.services.pinata - Успешно получен CID: QmVgK7bn2MVwaqVAcJyvMLdBxrBfoxHPuYMCEmToxsHfYg
2025-06-10 23:31:50,438 - DEBUG - bot.services.pinata - Кэш сохранен
2025-06-10 23:31:50,438 - INFO - bot.utility.prepare_products_for_registry - ✅ Загружен chanterelle_powder: QmVgK7bn2MVwaqVAcJyvMLdBxrBfoxHPuYMCEmToxsHfYg
2025-06-10 23:31:50,439 - INFO - bot.utility.prepare_products_for_registry - ☀️ Создан файл bot/catalog/product_jsons/aspen_bark_dried_strips.json
2025-06-10 23:31:50,439 - INFO - bot.utility.prepare_products_for_registry - 🔥 Загружаем bot/catalog/product_jsons/aspen_bark_dried_strips.json в IPFS
2025-06-10 23:31:50,439 - INFO - bot.services.pinata - Начинаем загрузку в IPFS: bot/catalog/product_jsons/aspen_bark_dried_strips.json
2025-06-10 23:31:50,439 - DEBUG - bot.services.pinata - SHA-256 хеш файла: b4ac616041c9c90c88d5ac427da715ee6aed942b02e0737171bdb01a46d7a63d
2025-06-10 23:31:50,439 - INFO - bot.services.pinata - Загружаем файл: aspen_bark_dried_strips.json
2025-06-10 23:31:50,439 - DEBUG - bot.services.pinata - Rate limiting: sleeping for 1.23 seconds
2025-06-10 23:31:52,574 - INFO - bot.services.pinata - Успешно получен CID: QmcCqsvoF2XZSBbwQoBRbMvyTWNYe2fq6r4kv9VE2shxSD
2025-06-10 23:31:52,575 - DEBUG - bot.services.pinata - Кэш сохранен
2025-06-10 23:31:52,575 - INFO - bot.utility.prepare_products_for_registry - ✅ Загружен aspen_bark_dried_strips: QmcCqsvoF2XZSBbwQoBRbMvyTWNYe2fq6r4kv9VE2shxSD
2025-06-10 23:31:52,576 - INFO - bot.utility.prepare_products_for_registry - ☀️ Создан файл bot/catalog/product_jsons/lions_mane_powder.json
2025-06-10 23:31:52,576 - INFO - bot.utility.prepare_products_for_registry - 🔥 Загружаем bot/catalog/product_jsons/lions_mane_powder.json в IPFS
2025-06-10 23:31:52,576 - INFO - bot.services.pinata - Начинаем загрузку в IPFS: bot/catalog/product_jsons/lions_mane_powder.json
2025-06-10 23:31:52,576 - DEBUG - bot.services.pinata - SHA-256 хеш файла: 267a5d588abcb7ddfedfb087670bb8b011db54243fec47ecd8fe8954acbb1d57
2025-06-10 23:31:52,576 - INFO - bot.services.pinata - Загружаем файл: lions_mane_powder.json
2025-06-10 23:31:52,576 - DEBUG - bot.services.pinata - Rate limiting: sleeping for 1.10 seconds
2025-06-10 23:31:54,459 - INFO - bot.services.pinata - Успешно получен CID: Qmb7s7cjpqYzKhwRFwwmnYkKZYmQgrzWYKwRHFkPHd6pVN
2025-06-10 23:31:54,460 - DEBUG - bot.services.pinata - Кэш сохранен
2025-06-10 23:31:54,460 - INFO - bot.utility.prepare_products_for_registry - ✅ Загружен lions_mane_powder: Qmb7s7cjpqYzKhwRFwwmnYkKZYmQgrzWYKwRHFkPHd6pVN
2025-06-10 23:31:54,461 - INFO - bot.utility.prepare_products_for_registry - ☀️ Создан файл bot/catalog/product_jsons/Lion's Mane mushroom — whole dried.json
2025-06-10 23:31:54,461 - INFO - bot.utility.prepare_products_for_registry - 🔥 Загружаем bot/catalog/product_jsons/Lion's Mane mushroom — whole dried.json в IPFS
2025-06-10 23:31:54,461 - INFO - bot.services.pinata - Начинаем загрузку в IPFS: bot/catalog/product_jsons/Lion's Mane mushroom — whole dried.json
2025-06-10 23:31:54,461 - DEBUG - bot.services.pinata - SHA-256 хеш файла: ebcafd34940c2e4d91bc066d730de06e0fb95b1d536a12fd9db1cc1223b11940
2025-06-10 23:31:54,461 - INFO - bot.services.pinata - Загружаем файл: Lion's Mane mushroom — whole dried.json
2025-06-10 23:31:54,461 - DEBUG - bot.services.pinata - Rate limiting: sleeping for 1.22 seconds
2025-06-10 23:31:56,477 - INFO - bot.services.pinata - Успешно получен CID: QmTnLDtj1k8mHCPQs8v54xDrBUgNsmmjHAMtNzaVVi9oNa
2025-06-10 23:31:56,478 - DEBUG - bot.services.pinata - Кэш сохранен
2025-06-10 23:31:56,478 - INFO - bot.utility.prepare_products_for_registry - ✅ Загружен Lion's Mane mushroom — whole dried: QmTnLDtj1k8mHCPQs8v54xDrBUgNsmmjHAMtNzaVVi9oNa
2025-06-10 23:31:56,479 - INFO - bot.utility.prepare_products_for_registry - 
🎉 Все продукты обработаны и готовы для загрузки в контракт!
2025-06-10 23:31:56,479 - INFO - bot.utility.prepare_products_for_registry - 📝 Итоговый файл: bot/catalog/product_registry_upload_data.json
2025-06-10 23:31:56,479 - INFO - __main__ - 📦 Подготовлены данные для реестра: [{'id': 'amanita1', 'ipfsCID': 'QmeGq712hKBE5jH3DqMnUax1mwfYAxg3pinM9Kk4aRCH7z', 'active': True}, {'id': 'amanita_closed_cups', 'ipfsCID': 'QmdhoN7QQXzwfv9HG86xGNDHjUJnFeMDbbegoXnu4T8ZdU', 'active': True}, {'id': 'amanita_broken_closed_cups', 'ipfsCID': 'QmU1o4AZahdrYTwPA8RyLyRm5MopcQ9PH8sWp8PuZMmMTb', 'active': True}, {'id': 'amanita_lux', 'ipfsCID': 'QmSrLZMi3XRmPvzYVe9pNCZLqYbjSthgg792s26cyPBhcX', 'active': True}, {'id': 'amanita_pantherina_whole', 'ipfsCID': 'QmRzWvsnjY1s8Y7NDM3VS661mwZNNi5TpFFefC2Tg91zZ5', 'active': True}, {'id': 'amanita_pantherina_powder', 'ipfsCID': 'QmaJ1Mz3SsrWzwQ2ijPaxQeaowDLVrLHLSoEADUwSFyTrp', 'active': True}, {'id': 'amanita_tincture', 'ipfsCID': 'QmVer4ycsDwFA4um8ngosoASW8toPeSsTs9BfVXJciAU89', 'active': True}, {'id': 'blue_lotus_tincture', 'ipfsCID': 'QmRiYSSFi9feAMuHrHANsSVupLx6e1jGUS7VZ33Xz6pDqr', 'active': True}, {'id': 'blue_lotus_flowers', 'ipfsCID': 'QmNeu4EnHW9c5so7EUrkwnXWVDyjXQwRcZMoaT4uNLFE6Z', 'active': True}, {'id': 'chaga_chunks', 'ipfsCID': 'QmdrnC4rbxLRsfTLSAFgMUpX8QWreS4SMZg2y5nZsa4qs1', 'active': True}, {'id': 'cordyceps_militaris_powder', 'ipfsCID': 'QmXnknwLebfWJXx44GUVbHFBPt3XboNcfYcMqeNZvUkmZM', 'active': True}, {'id': 'cordyceps_militaris_dried_bodies', 'ipfsCID': 'QmYxPRZD9aYAxY8yV2nnTKY4dmU7vZDtnY2Y9jF487yHQK', 'active': True}, {'id': 'chanterelle_dried', 'ipfsCID': 'QmWtDi6u5t5rnmrgxgjbZ5KStwv8YGBzpK1sSxCgjMdZKT', 'active': True}, {'id': 'chanterelle_powder', 'ipfsCID': 'QmVgK7bn2MVwaqVAcJyvMLdBxrBfoxHPuYMCEmToxsHfYg', 'active': True}, {'id': 'aspen_bark_dried_strips', 'ipfsCID': 'QmcCqsvoF2XZSBbwQoBRbMvyTWNYe2fq6r4kv9VE2shxSD', 'active': True}, {'id': 'lions_mane_powder', 'ipfsCID': 'Qmb7s7cjpqYzKhwRFwwmnYkKZYmQgrzWYKwRHFkPHd6pVN', 'active': True}, {'id': "Lion's Mane mushroom — whole dried", 'ipfsCID': 'QmTnLDtj1k8mHCPQs8v54xDrBUgNsmmjHAMtNzaVVi9oNa', 'active': True}]
2025-06-10 23:31:56,479 - INFO - __main__ - 🚀 Загрузка продуктов в реестр...
2025-06-10 23:31:56,480 - INFO - __main__ - 📝 Загрузка продуктов в реестр...
2025-06-10 23:31:56,480 - ERROR - __main__ - ❌ Ошибка загрузки продукта amanita1: 'CatalogPipeline' object has no attribute 'productRegistry'
2025-06-10 23:31:56,480 - ERROR - __main__ - ❌ Ошибка загрузки продукта amanita_closed_cups: 'CatalogPipeline' object has no attribute 'productRegistry'
2025-06-10 23:31:56,480 - ERROR - __main__ - ❌ Ошибка загрузки продукта amanita_broken_closed_cups: 'CatalogPipeline' object has no attribute 'productRegistry'
2025-06-10 23:31:56,480 - ERROR - __main__ - ❌ Ошибка загрузки продукта amanita_lux: 'CatalogPipeline' object has no attribute 'productRegistry'
2025-06-10 23:31:56,480 - ERROR - __main__ - ❌ Ошибка загрузки продукта amanita_pantherina_whole: 'CatalogPipeline' object has no attribute 'productRegistry'
2025-06-10 23:31:56,480 - ERROR - __main__ - ❌ Ошибка загрузки продукта amanita_pantherina_powder: 'CatalogPipeline' object has no attribute 'productRegistry'
2025-06-10 23:31:56,480 - ERROR - __main__ - ❌ Ошибка загрузки продукта amanita_tincture: 'CatalogPipeline' object has no attribute 'productRegistry'
2025-06-10 23:31:56,480 - ERROR - __main__ - ❌ Ошибка загрузки продукта blue_lotus_tincture: 'CatalogPipeline' object has no attribute 'productRegistry'
2025-06-10 23:31:56,480 - ERROR - __main__ - ❌ Ошибка загрузки продукта blue_lotus_flowers: 'CatalogPipeline' object has no attribute 'productRegistry'
2025-06-10 23:31:56,480 - ERROR - __main__ - ❌ Ошибка загрузки продукта chaga_chunks: 'CatalogPipeline' object has no attribute 'productRegistry'
2025-06-10 23:31:56,480 - ERROR - __main__ - ❌ Ошибка загрузки продукта cordyceps_militaris_powder: 'CatalogPipeline' object has no attribute 'productRegistry'
2025-06-10 23:31:56,480 - ERROR - __main__ - ❌ Ошибка загрузки продукта cordyceps_militaris_dried_bodies: 'CatalogPipeline' object has no attribute 'productRegistry'
2025-06-10 23:31:56,480 - ERROR - __main__ - ❌ Ошибка загрузки продукта chanterelle_dried: 'CatalogPipeline' object has no attribute 'productRegistry'
2025-06-10 23:31:56,480 - ERROR - __main__ - ❌ Ошибка загрузки продукта chanterelle_powder: 'CatalogPipeline' object has no attribute 'productRegistry'
2025-06-10 23:31:56,480 - ERROR - __main__ - ❌ Ошибка загрузки продукта aspen_bark_dried_strips: 'CatalogPipeline' object has no attribute 'productRegistry'
2025-06-10 23:31:56,480 - ERROR - __main__ - ❌ Ошибка загрузки продукта lions_mane_powder: 'CatalogPipeline' object has no attribute 'productRegistry'
2025-06-10 23:31:56,480 - ERROR - __main__ - ❌ Ошибка загрузки продукта Lion's Mane mushroom — whole dried: 'CatalogPipeline' object has no attribute 'productRegistry'
2025-06-10 23:31:56,481 - INFO - __main__ - 🚀 Загружены продукты в реестр: [{'id': 'amanita1', 'ipfsCID': 'QmeGq712hKBE5jH3DqMnUax1mwfYAxg3pinM9Kk4aRCH7z', 'active': True, 'error': "'CatalogPipeline' object has no attribute 'productRegistry'"}, {'id': 'amanita_closed_cups', 'ipfsCID': 'QmdhoN7QQXzwfv9HG86xGNDHjUJnFeMDbbegoXnu4T8ZdU', 'active': True, 'error': "'CatalogPipeline' object has no attribute 'productRegistry'"}, {'id': 'amanita_broken_closed_cups', 'ipfsCID': 'QmU1o4AZahdrYTwPA8RyLyRm5MopcQ9PH8sWp8PuZMmMTb', 'active': True, 'error': "'CatalogPipeline' object has no attribute 'productRegistry'"}, {'id': 'amanita_lux', 'ipfsCID': 'QmSrLZMi3XRmPvzYVe9pNCZLqYbjSthgg792s26cyPBhcX', 'active': True, 'error': "'CatalogPipeline' object has no attribute 'productRegistry'"}, {'id': 'amanita_pantherina_whole', 'ipfsCID': 'QmRzWvsnjY1s8Y7NDM3VS661mwZNNi5TpFFefC2Tg91zZ5', 'active': True, 'error': "'CatalogPipeline' object has no attribute 'productRegistry'"}, {'id': 'amanita_pantherina_powder', 'ipfsCID': 'QmaJ1Mz3SsrWzwQ2ijPaxQeaowDLVrLHLSoEADUwSFyTrp', 'active': True, 'error': "'CatalogPipeline' object has no attribute 'productRegistry'"}, {'id': 'amanita_tincture', 'ipfsCID': 'QmVer4ycsDwFA4um8ngosoASW8toPeSsTs9BfVXJciAU89', 'active': True, 'error': "'CatalogPipeline' object has no attribute 'productRegistry'"}, {'id': 'blue_lotus_tincture', 'ipfsCID': 'QmRiYSSFi9feAMuHrHANsSVupLx6e1jGUS7VZ33Xz6pDqr', 'active': True, 'error': "'CatalogPipeline' object has no attribute 'productRegistry'"}, {'id': 'blue_lotus_flowers', 'ipfsCID': 'QmNeu4EnHW9c5so7EUrkwnXWVDyjXQwRcZMoaT4uNLFE6Z', 'active': True, 'error': "'CatalogPipeline' object has no attribute 'productRegistry'"}, {'id': 'chaga_chunks', 'ipfsCID': 'QmdrnC4rbxLRsfTLSAFgMUpX8QWreS4SMZg2y5nZsa4qs1', 'active': True, 'error': "'CatalogPipeline' object has no attribute 'productRegistry'"}, {'id': 'cordyceps_militaris_powder', 'ipfsCID': 'QmXnknwLebfWJXx44GUVbHFBPt3XboNcfYcMqeNZvUkmZM', 'active': True, 'error': "'CatalogPipeline' object has no attribute 'productRegistry'"}, {'id': 'cordyceps_militaris_dried_bodies', 'ipfsCID': 'QmYxPRZD9aYAxY8yV2nnTKY4dmU7vZDtnY2Y9jF487yHQK', 'active': True, 'error': "'CatalogPipeline' object has no attribute 'productRegistry'"}, {'id': 'chanterelle_dried', 'ipfsCID': 'QmWtDi6u5t5rnmrgxgjbZ5KStwv8YGBzpK1sSxCgjMdZKT', 'active': True, 'error': "'CatalogPipeline' object has no attribute 'productRegistry'"}, {'id': 'chanterelle_powder', 'ipfsCID': 'QmVgK7bn2MVwaqVAcJyvMLdBxrBfoxHPuYMCEmToxsHfYg', 'active': True, 'error': "'CatalogPipeline' object has no attribute 'productRegistry'"}, {'id': 'aspen_bark_dried_strips', 'ipfsCID': 'QmcCqsvoF2XZSBbwQoBRbMvyTWNYe2fq6r4kv9VE2shxSD', 'active': True, 'error': "'CatalogPipeline' object has no attribute 'productRegistry'"}, {'id': 'lions_mane_powder', 'ipfsCID': 'Qmb7s7cjpqYzKhwRFwwmnYkKZYmQgrzWYKwRHFkPHd6pVN', 'active': True, 'error': "'CatalogPipeline' object has no attribute 'productRegistry'"}, {'id': "Lion's Mane mushroom — whole dried", 'ipfsCID': 'QmTnLDtj1k8mHCPQs8v54xDrBUgNsmmjHAMtNzaVVi9oNa', 'active': True, 'error': "'CatalogPipeline' object has no attribute 'productRegistry'"}]
2025-06-10 23:31:56,482 - INFO - __main__ - ✅ Процесс успешно завершен!
2025-06-10 23:31:56,482 - INFO - __main__ - ✨ Пайплайн успешно завершен
2025-06-10 23:36:52,059 - INFO - __main__ - 🚀 Запуск загрузки продуктов в смарт-контракт
2025-06-10 23:36:52,060 - INFO - __main__ - 📦 Загрузка данных из JSON...
2025-06-10 23:36:52,060 - INFO - __main__ - 📦 Загружено 17 продуктов
2025-06-10 23:36:52,060 - INFO - __main__ - 📝 Загрузка продуктов в реестр...
2025-06-10 23:36:52,061 - ERROR - __main__ - ❌ Ошибка загрузки продукта amanita1: 'ipfs_cid'
2025-06-10 23:36:52,061 - ERROR - __main__ - ❌ Ошибка загрузки продукта amanita_closed_cups: 'ipfs_cid'
2025-06-10 23:36:52,061 - ERROR - __main__ - ❌ Ошибка загрузки продукта amanita_broken_closed_cups: 'ipfs_cid'
2025-06-10 23:36:52,061 - ERROR - __main__ - ❌ Ошибка загрузки продукта amanita_lux: 'ipfs_cid'
2025-06-10 23:36:52,061 - ERROR - __main__ - ❌ Ошибка загрузки продукта amanita_pantherina_whole: 'ipfs_cid'
2025-06-10 23:36:52,061 - ERROR - __main__ - ❌ Ошибка загрузки продукта amanita_pantherina_powder: 'ipfs_cid'
2025-06-10 23:36:52,061 - ERROR - __main__ - ❌ Ошибка загрузки продукта amanita_tincture: 'ipfs_cid'
2025-06-10 23:36:52,061 - ERROR - __main__ - ❌ Ошибка загрузки продукта blue_lotus_tincture: 'ipfs_cid'
2025-06-10 23:36:52,061 - ERROR - __main__ - ❌ Ошибка загрузки продукта blue_lotus_flowers: 'ipfs_cid'
2025-06-10 23:36:52,061 - ERROR - __main__ - ❌ Ошибка загрузки продукта chaga_chunks: 'ipfs_cid'
2025-06-10 23:36:52,061 - ERROR - __main__ - ❌ Ошибка загрузки продукта cordyceps_militaris_powder: 'ipfs_cid'
2025-06-10 23:36:52,061 - ERROR - __main__ - ❌ Ошибка загрузки продукта cordyceps_militaris_dried_bodies: 'ipfs_cid'
2025-06-10 23:36:52,061 - ERROR - __main__ - ❌ Ошибка загрузки продукта chanterelle_dried: 'ipfs_cid'
2025-06-10 23:36:52,061 - ERROR - __main__ - ❌ Ошибка загрузки продукта chanterelle_powder: 'ipfs_cid'
2025-06-10 23:36:52,061 - ERROR - __main__ - ❌ Ошибка загрузки продукта aspen_bark_dried_strips: 'ipfs_cid'
2025-06-10 23:36:52,061 - ERROR - __main__ - ❌ Ошибка загрузки продукта lions_mane_powder: 'ipfs_cid'
2025-06-10 23:36:52,061 - ERROR - __main__ - ❌ Ошибка загрузки продукта Lion's Mane mushroom — whole dried: 'ipfs_cid'
2025-06-10 23:36:52,062 - INFO - __main__ - 📊 Итоги загрузки:
2025-06-10 23:36:52,062 - INFO - __main__ - ✅ Успешно загружено: 0
2025-06-10 23:36:52,062 - INFO - __main__ - ❌ Ошибок: 17
2025-06-10 23:36:52,062 - INFO - __main__ - 🔍 Детали ошибок:
2025-06-10 23:36:52,062 - ERROR - __main__ -   - Продукт amanita1: 'ipfs_cid'
2025-06-10 23:36:52,062 - ERROR - __main__ -   - Продукт amanita_closed_cups: 'ipfs_cid'
2025-06-10 23:36:52,062 - ERROR - __main__ -   - Продукт amanita_broken_closed_cups: 'ipfs_cid'
2025-06-10 23:36:52,062 - ERROR - __main__ -   - Продукт amanita_lux: 'ipfs_cid'
2025-06-10 23:36:52,062 - ERROR - __main__ -   - Продукт amanita_pantherina_whole: 'ipfs_cid'
2025-06-10 23:36:52,062 - ERROR - __main__ -   - Продукт amanita_pantherina_powder: 'ipfs_cid'
2025-06-10 23:36:52,062 - ERROR - __main__ -   - Продукт amanita_tincture: 'ipfs_cid'
2025-06-10 23:36:52,062 - ERROR - __main__ -   - Продукт blue_lotus_tincture: 'ipfs_cid'
2025-06-10 23:36:52,062 - ERROR - __main__ -   - Продукт blue_lotus_flowers: 'ipfs_cid'
2025-06-10 23:36:52,062 - ERROR - __main__ -   - Продукт chaga_chunks: 'ipfs_cid'
2025-06-10 23:36:52,062 - ERROR - __main__ -   - Продукт cordyceps_militaris_powder: 'ipfs_cid'
2025-06-10 23:36:52,062 - ERROR - __main__ -   - Продукт cordyceps_militaris_dried_bodies: 'ipfs_cid'
2025-06-10 23:36:52,062 - ERROR - __main__ -   - Продукт chanterelle_dried: 'ipfs_cid'
2025-06-10 23:36:52,062 - ERROR - __main__ -   - Продукт chanterelle_powder: 'ipfs_cid'
2025-06-10 23:36:52,062 - ERROR - __main__ -   - Продукт aspen_bark_dried_strips: 'ipfs_cid'
2025-06-10 23:36:52,062 - ERROR - __main__ -   - Продукт lions_mane_powder: 'ipfs_cid'
2025-06-10 23:36:52,062 - ERROR - __main__ -   - Продукт Lion's Mane mushroom — whole dried: 'ipfs_cid'
2025-06-10 23:36:52,063 - ERROR - __main__ - ❌ Процесс завершился с ошибками
2025-06-10 23:37:23,372 - INFO - __main__ - 🚀 Запуск загрузки продуктов в смарт-контракт
2025-06-10 23:37:23,373 - INFO - __main__ - 📦 Загрузка данных из JSON...
2025-06-10 23:37:23,375 - INFO - __main__ - 📦 Загружено 17 продуктов
2025-06-10 23:37:23,375 - INFO - __main__ - 📝 Загрузка продуктов в реестр...
2025-06-10 23:37:23,375 - INFO - bot.services.product_registry - [ProductRegistry] Создание продукта в смарт-контракте с CID: QmeGq712hKBE5jH3DqMnUax1mwfYAxg3pinM9Kk4aRCH7z
2025-06-10 23:37:23,376 - ERROR - bot.services.product_registry - [ProductRegistry] Ошибка создания продукта: 'BlockchainService' object has no attribute 'w3'
Traceback (most recent call last):
  File "/Users/eslinko/Development/amanita/bot/services/product_registry.py", line 445, in create_product_on_chain
    'nonce': self.blockchain.w3.eth.get_transaction_count(self.seller_account.address)
             ^^^^^^^^^^^^^^^^^^
AttributeError: 'BlockchainService' object has no attribute 'w3'

2025-06-10 23:37:23,376 - ERROR - __main__ - ❌ Ошибка загрузки продукта amanita1: 'BlockchainService' object has no attribute 'w3'
2025-06-10 23:37:23,376 - INFO - bot.services.product_registry - [ProductRegistry] Создание продукта в смарт-контракте с CID: QmdhoN7QQXzwfv9HG86xGNDHjUJnFeMDbbegoXnu4T8ZdU
2025-06-10 23:37:23,376 - ERROR - bot.services.product_registry - [ProductRegistry] Ошибка создания продукта: 'BlockchainService' object has no attribute 'w3'
Traceback (most recent call last):
  File "/Users/eslinko/Development/amanita/bot/services/product_registry.py", line 445, in create_product_on_chain
    'nonce': self.blockchain.w3.eth.get_transaction_count(self.seller_account.address)
             ^^^^^^^^^^^^^^^^^^
AttributeError: 'BlockchainService' object has no attribute 'w3'

2025-06-10 23:37:23,376 - ERROR - __main__ - ❌ Ошибка загрузки продукта amanita_closed_cups: 'BlockchainService' object has no attribute 'w3'
2025-06-10 23:37:23,376 - INFO - bot.services.product_registry - [ProductRegistry] Создание продукта в смарт-контракте с CID: QmU1o4AZahdrYTwPA8RyLyRm5MopcQ9PH8sWp8PuZMmMTb
2025-06-10 23:37:23,376 - ERROR - bot.services.product_registry - [ProductRegistry] Ошибка создания продукта: 'BlockchainService' object has no attribute 'w3'
Traceback (most recent call last):
  File "/Users/eslinko/Development/amanita/bot/services/product_registry.py", line 445, in create_product_on_chain
    'nonce': self.blockchain.w3.eth.get_transaction_count(self.seller_account.address)
             ^^^^^^^^^^^^^^^^^^
AttributeError: 'BlockchainService' object has no attribute 'w3'

2025-06-10 23:37:23,376 - ERROR - __main__ - ❌ Ошибка загрузки продукта amanita_broken_closed_cups: 'BlockchainService' object has no attribute 'w3'
2025-06-10 23:37:23,376 - INFO - bot.services.product_registry - [ProductRegistry] Создание продукта в смарт-контракте с CID: QmSrLZMi3XRmPvzYVe9pNCZLqYbjSthgg792s26cyPBhcX
2025-06-10 23:37:23,376 - ERROR - bot.services.product_registry - [ProductRegistry] Ошибка создания продукта: 'BlockchainService' object has no attribute 'w3'
Traceback (most recent call last):
  File "/Users/eslinko/Development/amanita/bot/services/product_registry.py", line 445, in create_product_on_chain
    'nonce': self.blockchain.w3.eth.get_transaction_count(self.seller_account.address)
             ^^^^^^^^^^^^^^^^^^
AttributeError: 'BlockchainService' object has no attribute 'w3'

2025-06-10 23:37:23,377 - ERROR - __main__ - ❌ Ошибка загрузки продукта amanita_lux: 'BlockchainService' object has no attribute 'w3'
2025-06-10 23:37:23,377 - INFO - bot.services.product_registry - [ProductRegistry] Создание продукта в смарт-контракте с CID: QmRzWvsnjY1s8Y7NDM3VS661mwZNNi5TpFFefC2Tg91zZ5
2025-06-10 23:37:23,378 - ERROR - bot.services.product_registry - [ProductRegistry] Ошибка создания продукта: 'BlockchainService' object has no attribute 'w3'
Traceback (most recent call last):
  File "/Users/eslinko/Development/amanita/bot/services/product_registry.py", line 445, in create_product_on_chain
    'nonce': self.blockchain.w3.eth.get_transaction_count(self.seller_account.address)
             ^^^^^^^^^^^^^^^^^^
AttributeError: 'BlockchainService' object has no attribute 'w3'

2025-06-10 23:37:23,378 - ERROR - __main__ - ❌ Ошибка загрузки продукта amanita_pantherina_whole: 'BlockchainService' object has no attribute 'w3'
2025-06-10 23:37:23,381 - INFO - bot.services.product_registry - [ProductRegistry] Создание продукта в смарт-контракте с CID: QmaJ1Mz3SsrWzwQ2ijPaxQeaowDLVrLHLSoEADUwSFyTrp
2025-06-10 23:37:23,382 - ERROR - bot.services.product_registry - [ProductRegistry] Ошибка создания продукта: 'BlockchainService' object has no attribute 'w3'
Traceback (most recent call last):
  File "/Users/eslinko/Development/amanita/bot/services/product_registry.py", line 445, in create_product_on_chain
    'nonce': self.blockchain.w3.eth.get_transaction_count(self.seller_account.address)
             ^^^^^^^^^^^^^^^^^^
AttributeError: 'BlockchainService' object has no attribute 'w3'

2025-06-10 23:37:23,382 - ERROR - __main__ - ❌ Ошибка загрузки продукта amanita_pantherina_powder: 'BlockchainService' object has no attribute 'w3'
2025-06-10 23:37:23,382 - INFO - bot.services.product_registry - [ProductRegistry] Создание продукта в смарт-контракте с CID: QmVer4ycsDwFA4um8ngosoASW8toPeSsTs9BfVXJciAU89
2025-06-10 23:37:23,382 - ERROR - bot.services.product_registry - [ProductRegistry] Ошибка создания продукта: 'BlockchainService' object has no attribute 'w3'
Traceback (most recent call last):
  File "/Users/eslinko/Development/amanita/bot/services/product_registry.py", line 445, in create_product_on_chain
    'nonce': self.blockchain.w3.eth.get_transaction_count(self.seller_account.address)
             ^^^^^^^^^^^^^^^^^^
AttributeError: 'BlockchainService' object has no attribute 'w3'

2025-06-10 23:37:23,382 - ERROR - __main__ - ❌ Ошибка загрузки продукта amanita_tincture: 'BlockchainService' object has no attribute 'w3'
2025-06-10 23:37:23,382 - INFO - bot.services.product_registry - [ProductRegistry] Создание продукта в смарт-контракте с CID: QmRiYSSFi9feAMuHrHANsSVupLx6e1jGUS7VZ33Xz6pDqr
2025-06-10 23:37:23,382 - ERROR - bot.services.product_registry - [ProductRegistry] Ошибка создания продукта: 'BlockchainService' object has no attribute 'w3'
Traceback (most recent call last):
  File "/Users/eslinko/Development/amanita/bot/services/product_registry.py", line 445, in create_product_on_chain
    'nonce': self.blockchain.w3.eth.get_transaction_count(self.seller_account.address)
             ^^^^^^^^^^^^^^^^^^
AttributeError: 'BlockchainService' object has no attribute 'w3'

2025-06-10 23:37:23,382 - ERROR - __main__ - ❌ Ошибка загрузки продукта blue_lotus_tincture: 'BlockchainService' object has no attribute 'w3'
2025-06-10 23:37:23,382 - INFO - bot.services.product_registry - [ProductRegistry] Создание продукта в смарт-контракте с CID: QmNeu4EnHW9c5so7EUrkwnXWVDyjXQwRcZMoaT4uNLFE6Z
2025-06-10 23:37:23,382 - ERROR - bot.services.product_registry - [ProductRegistry] Ошибка создания продукта: 'BlockchainService' object has no attribute 'w3'
Traceback (most recent call last):
  File "/Users/eslinko/Development/amanita/bot/services/product_registry.py", line 445, in create_product_on_chain
    'nonce': self.blockchain.w3.eth.get_transaction_count(self.seller_account.address)
             ^^^^^^^^^^^^^^^^^^
AttributeError: 'BlockchainService' object has no attribute 'w3'

2025-06-10 23:37:23,382 - ERROR - __main__ - ❌ Ошибка загрузки продукта blue_lotus_flowers: 'BlockchainService' object has no attribute 'w3'
2025-06-10 23:37:23,382 - INFO - bot.services.product_registry - [ProductRegistry] Создание продукта в смарт-контракте с CID: QmdrnC4rbxLRsfTLSAFgMUpX8QWreS4SMZg2y5nZsa4qs1
2025-06-10 23:37:23,383 - ERROR - bot.services.product_registry - [ProductRegistry] Ошибка создания продукта: 'BlockchainService' object has no attribute 'w3'
Traceback (most recent call last):
  File "/Users/eslinko/Development/amanita/bot/services/product_registry.py", line 445, in create_product_on_chain
    'nonce': self.blockchain.w3.eth.get_transaction_count(self.seller_account.address)
             ^^^^^^^^^^^^^^^^^^
AttributeError: 'BlockchainService' object has no attribute 'w3'

2025-06-10 23:37:23,383 - ERROR - __main__ - ❌ Ошибка загрузки продукта chaga_chunks: 'BlockchainService' object has no attribute 'w3'
2025-06-10 23:37:23,383 - INFO - bot.services.product_registry - [ProductRegistry] Создание продукта в смарт-контракте с CID: QmXnknwLebfWJXx44GUVbHFBPt3XboNcfYcMqeNZvUkmZM
2025-06-10 23:37:23,383 - ERROR - bot.services.product_registry - [ProductRegistry] Ошибка создания продукта: 'BlockchainService' object has no attribute 'w3'
Traceback (most recent call last):
  File "/Users/eslinko/Development/amanita/bot/services/product_registry.py", line 445, in create_product_on_chain
    'nonce': self.blockchain.w3.eth.get_transaction_count(self.seller_account.address)
             ^^^^^^^^^^^^^^^^^^
AttributeError: 'BlockchainService' object has no attribute 'w3'

2025-06-10 23:37:23,383 - ERROR - __main__ - ❌ Ошибка загрузки продукта cordyceps_militaris_powder: 'BlockchainService' object has no attribute 'w3'
2025-06-10 23:37:23,383 - INFO - bot.services.product_registry - [ProductRegistry] Создание продукта в смарт-контракте с CID: QmYxPRZD9aYAxY8yV2nnTKY4dmU7vZDtnY2Y9jF487yHQK
2025-06-10 23:37:23,383 - ERROR - bot.services.product_registry - [ProductRegistry] Ошибка создания продукта: 'BlockchainService' object has no attribute 'w3'
Traceback (most recent call last):
  File "/Users/eslinko/Development/amanita/bot/services/product_registry.py", line 445, in create_product_on_chain
    'nonce': self.blockchain.w3.eth.get_transaction_count(self.seller_account.address)
             ^^^^^^^^^^^^^^^^^^
AttributeError: 'BlockchainService' object has no attribute 'w3'

2025-06-10 23:37:23,383 - ERROR - __main__ - ❌ Ошибка загрузки продукта cordyceps_militaris_dried_bodies: 'BlockchainService' object has no attribute 'w3'
2025-06-10 23:37:23,383 - INFO - bot.services.product_registry - [ProductRegistry] Создание продукта в смарт-контракте с CID: QmWtDi6u5t5rnmrgxgjbZ5KStwv8YGBzpK1sSxCgjMdZKT
2025-06-10 23:37:23,383 - ERROR - bot.services.product_registry - [ProductRegistry] Ошибка создания продукта: 'BlockchainService' object has no attribute 'w3'
Traceback (most recent call last):
  File "/Users/eslinko/Development/amanita/bot/services/product_registry.py", line 445, in create_product_on_chain
    'nonce': self.blockchain.w3.eth.get_transaction_count(self.seller_account.address)
             ^^^^^^^^^^^^^^^^^^
AttributeError: 'BlockchainService' object has no attribute 'w3'

2025-06-10 23:37:23,383 - ERROR - __main__ - ❌ Ошибка загрузки продукта chanterelle_dried: 'BlockchainService' object has no attribute 'w3'
2025-06-10 23:37:23,383 - INFO - bot.services.product_registry - [ProductRegistry] Создание продукта в смарт-контракте с CID: QmVgK7bn2MVwaqVAcJyvMLdBxrBfoxHPuYMCEmToxsHfYg
2025-06-10 23:37:23,384 - ERROR - bot.services.product_registry - [ProductRegistry] Ошибка создания продукта: 'BlockchainService' object has no attribute 'w3'
Traceback (most recent call last):
  File "/Users/eslinko/Development/amanita/bot/services/product_registry.py", line 445, in create_product_on_chain
    'nonce': self.blockchain.w3.eth.get_transaction_count(self.seller_account.address)
             ^^^^^^^^^^^^^^^^^^
AttributeError: 'BlockchainService' object has no attribute 'w3'

2025-06-10 23:37:23,384 - ERROR - __main__ - ❌ Ошибка загрузки продукта chanterelle_powder: 'BlockchainService' object has no attribute 'w3'
2025-06-10 23:37:23,384 - INFO - bot.services.product_registry - [ProductRegistry] Создание продукта в смарт-контракте с CID: QmcCqsvoF2XZSBbwQoBRbMvyTWNYe2fq6r4kv9VE2shxSD
2025-06-10 23:37:23,384 - ERROR - bot.services.product_registry - [ProductRegistry] Ошибка создания продукта: 'BlockchainService' object has no attribute 'w3'
Traceback (most recent call last):
  File "/Users/eslinko/Development/amanita/bot/services/product_registry.py", line 445, in create_product_on_chain
    'nonce': self.blockchain.w3.eth.get_transaction_count(self.seller_account.address)
             ^^^^^^^^^^^^^^^^^^
AttributeError: 'BlockchainService' object has no attribute 'w3'

2025-06-10 23:37:23,384 - ERROR - __main__ - ❌ Ошибка загрузки продукта aspen_bark_dried_strips: 'BlockchainService' object has no attribute 'w3'
2025-06-10 23:37:23,384 - INFO - bot.services.product_registry - [ProductRegistry] Создание продукта в смарт-контракте с CID: Qmb7s7cjpqYzKhwRFwwmnYkKZYmQgrzWYKwRHFkPHd6pVN
2025-06-10 23:37:23,384 - ERROR - bot.services.product_registry - [ProductRegistry] Ошибка создания продукта: 'BlockchainService' object has no attribute 'w3'
Traceback (most recent call last):
  File "/Users/eslinko/Development/amanita/bot/services/product_registry.py", line 445, in create_product_on_chain
    'nonce': self.blockchain.w3.eth.get_transaction_count(self.seller_account.address)
             ^^^^^^^^^^^^^^^^^^
AttributeError: 'BlockchainService' object has no attribute 'w3'

2025-06-10 23:37:23,384 - ERROR - __main__ - ❌ Ошибка загрузки продукта lions_mane_powder: 'BlockchainService' object has no attribute 'w3'
2025-06-10 23:37:23,384 - INFO - bot.services.product_registry - [ProductRegistry] Создание продукта в смарт-контракте с CID: QmTnLDtj1k8mHCPQs8v54xDrBUgNsmmjHAMtNzaVVi9oNa
2025-06-10 23:37:23,384 - ERROR - bot.services.product_registry - [ProductRegistry] Ошибка создания продукта: 'BlockchainService' object has no attribute 'w3'
Traceback (most recent call last):
  File "/Users/eslinko/Development/amanita/bot/services/product_registry.py", line 445, in create_product_on_chain
    'nonce': self.blockchain.w3.eth.get_transaction_count(self.seller_account.address)
             ^^^^^^^^^^^^^^^^^^
AttributeError: 'BlockchainService' object has no attribute 'w3'

2025-06-10 23:37:23,384 - ERROR - __main__ - ❌ Ошибка загрузки продукта Lion's Mane mushroom — whole dried: 'BlockchainService' object has no attribute 'w3'
2025-06-10 23:37:23,385 - INFO - __main__ - 📊 Итоги загрузки:
2025-06-10 23:37:23,385 - INFO - __main__ - ✅ Успешно загружено: 0
2025-06-10 23:37:23,385 - INFO - __main__ - ❌ Ошибок: 17
2025-06-10 23:37:23,385 - INFO - __main__ - 🔍 Детали ошибок:
2025-06-10 23:37:23,385 - ERROR - __main__ -   - Продукт amanita1: 'BlockchainService' object has no attribute 'w3'
2025-06-10 23:37:23,385 - ERROR - __main__ -   - Продукт amanita_closed_cups: 'BlockchainService' object has no attribute 'w3'
2025-06-10 23:37:23,385 - ERROR - __main__ -   - Продукт amanita_broken_closed_cups: 'BlockchainService' object has no attribute 'w3'
2025-06-10 23:37:23,385 - ERROR - __main__ -   - Продукт amanita_lux: 'BlockchainService' object has no attribute 'w3'
2025-06-10 23:37:23,385 - ERROR - __main__ -   - Продукт amanita_pantherina_whole: 'BlockchainService' object has no attribute 'w3'
2025-06-10 23:37:23,385 - ERROR - __main__ -   - Продукт amanita_pantherina_powder: 'BlockchainService' object has no attribute 'w3'
2025-06-10 23:37:23,385 - ERROR - __main__ -   - Продукт amanita_tincture: 'BlockchainService' object has no attribute 'w3'
2025-06-10 23:37:23,385 - ERROR - __main__ -   - Продукт blue_lotus_tincture: 'BlockchainService' object has no attribute 'w3'
2025-06-10 23:37:23,385 - ERROR - __main__ -   - Продукт blue_lotus_flowers: 'BlockchainService' object has no attribute 'w3'
2025-06-10 23:37:23,385 - ERROR - __main__ -   - Продукт chaga_chunks: 'BlockchainService' object has no attribute 'w3'
2025-06-10 23:37:23,385 - ERROR - __main__ -   - Продукт cordyceps_militaris_powder: 'BlockchainService' object has no attribute 'w3'
2025-06-10 23:37:23,385 - ERROR - __main__ -   - Продукт cordyceps_militaris_dried_bodies: 'BlockchainService' object has no attribute 'w3'
2025-06-10 23:37:23,385 - ERROR - __main__ -   - Продукт chanterelle_dried: 'BlockchainService' object has no attribute 'w3'
2025-06-10 23:37:23,385 - ERROR - __main__ -   - Продукт chanterelle_powder: 'BlockchainService' object has no attribute 'w3'
2025-06-10 23:37:23,385 - ERROR - __main__ -   - Продукт aspen_bark_dried_strips: 'BlockchainService' object has no attribute 'w3'
2025-06-10 23:37:23,385 - ERROR - __main__ -   - Продукт lions_mane_powder: 'BlockchainService' object has no attribute 'w3'
2025-06-10 23:37:23,385 - ERROR - __main__ -   - Продукт Lion's Mane mushroom — whole dried: 'BlockchainService' object has no attribute 'w3'
2025-06-10 23:37:23,385 - ERROR - __main__ - ❌ Процесс завершился с ошибками
2025-06-10 23:38:58,274 - INFO - __main__ - 🚀 Запуск загрузки продуктов в смарт-контракт
2025-06-10 23:38:58,274 - INFO - __main__ - 📦 Загрузка данных из JSON...
2025-06-10 23:38:58,275 - INFO - __main__ - 📦 Загружено 17 продуктов
2025-06-10 23:38:58,275 - INFO - __main__ - 📝 Загрузка продуктов в реестр...
2025-06-10 23:38:58,275 - INFO - bot.services.product_registry - [ProductRegistry] Создание продукта в смарт-контракте с CID: QmeGq712hKBE5jH3DqMnUax1mwfYAxg3pinM9Kk4aRCH7z
2025-06-10 23:38:58,305 - ERROR - bot.services.product_registry - [ProductRegistry] Ошибка создания продукта: 'SignedTransaction' object has no attribute 'rawTransaction'
Traceback (most recent call last):
  File "/Users/eslinko/Development/amanita/bot/services/product_registry.py", line 450, in create_product_on_chain
    tx_hash = self.blockchain.web3.eth.send_raw_transaction(signed_tx.rawTransaction)
                                                            ^^^^^^^^^^^^^^^^^^^^^^^^
AttributeError: 'SignedTransaction' object has no attribute 'rawTransaction'

2025-06-10 23:38:58,305 - ERROR - __main__ - ❌ Ошибка загрузки продукта amanita1: 'SignedTransaction' object has no attribute 'rawTransaction'
2025-06-10 23:38:58,305 - INFO - bot.services.product_registry - [ProductRegistry] Создание продукта в смарт-контракте с CID: QmdhoN7QQXzwfv9HG86xGNDHjUJnFeMDbbegoXnu4T8ZdU
2025-06-10 23:38:58,323 - ERROR - bot.services.product_registry - [ProductRegistry] Ошибка создания продукта: 'SignedTransaction' object has no attribute 'rawTransaction'
Traceback (most recent call last):
  File "/Users/eslinko/Development/amanita/bot/services/product_registry.py", line 450, in create_product_on_chain
    tx_hash = self.blockchain.web3.eth.send_raw_transaction(signed_tx.rawTransaction)
                                                            ^^^^^^^^^^^^^^^^^^^^^^^^
AttributeError: 'SignedTransaction' object has no attribute 'rawTransaction'

2025-06-10 23:38:58,323 - ERROR - __main__ - ❌ Ошибка загрузки продукта amanita_closed_cups: 'SignedTransaction' object has no attribute 'rawTransaction'
2025-06-10 23:38:58,323 - INFO - bot.services.product_registry - [ProductRegistry] Создание продукта в смарт-контракте с CID: QmU1o4AZahdrYTwPA8RyLyRm5MopcQ9PH8sWp8PuZMmMTb
2025-06-10 23:38:58,337 - ERROR - bot.services.product_registry - [ProductRegistry] Ошибка создания продукта: 'SignedTransaction' object has no attribute 'rawTransaction'
Traceback (most recent call last):
  File "/Users/eslinko/Development/amanita/bot/services/product_registry.py", line 450, in create_product_on_chain
    tx_hash = self.blockchain.web3.eth.send_raw_transaction(signed_tx.rawTransaction)
                                                            ^^^^^^^^^^^^^^^^^^^^^^^^
AttributeError: 'SignedTransaction' object has no attribute 'rawTransaction'

2025-06-10 23:38:58,337 - ERROR - __main__ - ❌ Ошибка загрузки продукта amanita_broken_closed_cups: 'SignedTransaction' object has no attribute 'rawTransaction'
2025-06-10 23:38:58,337 - INFO - bot.services.product_registry - [ProductRegistry] Создание продукта в смарт-контракте с CID: QmSrLZMi3XRmPvzYVe9pNCZLqYbjSthgg792s26cyPBhcX
2025-06-10 23:38:58,353 - ERROR - bot.services.product_registry - [ProductRegistry] Ошибка создания продукта: 'SignedTransaction' object has no attribute 'rawTransaction'
Traceback (most recent call last):
  File "/Users/eslinko/Development/amanita/bot/services/product_registry.py", line 450, in create_product_on_chain
    tx_hash = self.blockchain.web3.eth.send_raw_transaction(signed_tx.rawTransaction)
                                                            ^^^^^^^^^^^^^^^^^^^^^^^^
AttributeError: 'SignedTransaction' object has no attribute 'rawTransaction'

2025-06-10 23:38:58,353 - ERROR - __main__ - ❌ Ошибка загрузки продукта amanita_lux: 'SignedTransaction' object has no attribute 'rawTransaction'
2025-06-10 23:38:58,353 - INFO - bot.services.product_registry - [ProductRegistry] Создание продукта в смарт-контракте с CID: QmRzWvsnjY1s8Y7NDM3VS661mwZNNi5TpFFefC2Tg91zZ5
2025-06-10 23:38:58,379 - ERROR - bot.services.product_registry - [ProductRegistry] Ошибка создания продукта: 'SignedTransaction' object has no attribute 'rawTransaction'
Traceback (most recent call last):
  File "/Users/eslinko/Development/amanita/bot/services/product_registry.py", line 450, in create_product_on_chain
    tx_hash = self.blockchain.web3.eth.send_raw_transaction(signed_tx.rawTransaction)
                                                            ^^^^^^^^^^^^^^^^^^^^^^^^
AttributeError: 'SignedTransaction' object has no attribute 'rawTransaction'

2025-06-10 23:38:58,379 - ERROR - __main__ - ❌ Ошибка загрузки продукта amanita_pantherina_whole: 'SignedTransaction' object has no attribute 'rawTransaction'
2025-06-10 23:38:58,379 - INFO - bot.services.product_registry - [ProductRegistry] Создание продукта в смарт-контракте с CID: QmaJ1Mz3SsrWzwQ2ijPaxQeaowDLVrLHLSoEADUwSFyTrp
2025-06-10 23:38:58,420 - ERROR - bot.services.product_registry - [ProductRegistry] Ошибка создания продукта: 'SignedTransaction' object has no attribute 'rawTransaction'
Traceback (most recent call last):
  File "/Users/eslinko/Development/amanita/bot/services/product_registry.py", line 450, in create_product_on_chain
    tx_hash = self.blockchain.web3.eth.send_raw_transaction(signed_tx.rawTransaction)
                                                            ^^^^^^^^^^^^^^^^^^^^^^^^
AttributeError: 'SignedTransaction' object has no attribute 'rawTransaction'

2025-06-10 23:38:58,420 - ERROR - __main__ - ❌ Ошибка загрузки продукта amanita_pantherina_powder: 'SignedTransaction' object has no attribute 'rawTransaction'
2025-06-10 23:38:58,420 - INFO - bot.services.product_registry - [ProductRegistry] Создание продукта в смарт-контракте с CID: QmVer4ycsDwFA4um8ngosoASW8toPeSsTs9BfVXJciAU89
2025-06-10 23:38:58,439 - ERROR - bot.services.product_registry - [ProductRegistry] Ошибка создания продукта: 'SignedTransaction' object has no attribute 'rawTransaction'
Traceback (most recent call last):
  File "/Users/eslinko/Development/amanita/bot/services/product_registry.py", line 450, in create_product_on_chain
    tx_hash = self.blockchain.web3.eth.send_raw_transaction(signed_tx.rawTransaction)
                                                            ^^^^^^^^^^^^^^^^^^^^^^^^
AttributeError: 'SignedTransaction' object has no attribute 'rawTransaction'

2025-06-10 23:38:58,440 - ERROR - __main__ - ❌ Ошибка загрузки продукта amanita_tincture: 'SignedTransaction' object has no attribute 'rawTransaction'
2025-06-10 23:38:58,440 - INFO - bot.services.product_registry - [ProductRegistry] Создание продукта в смарт-контракте с CID: QmRiYSSFi9feAMuHrHANsSVupLx6e1jGUS7VZ33Xz6pDqr
2025-06-10 23:38:58,454 - ERROR - bot.services.product_registry - [ProductRegistry] Ошибка создания продукта: 'SignedTransaction' object has no attribute 'rawTransaction'
Traceback (most recent call last):
  File "/Users/eslinko/Development/amanita/bot/services/product_registry.py", line 450, in create_product_on_chain
    tx_hash = self.blockchain.web3.eth.send_raw_transaction(signed_tx.rawTransaction)
                                                            ^^^^^^^^^^^^^^^^^^^^^^^^
AttributeError: 'SignedTransaction' object has no attribute 'rawTransaction'

2025-06-10 23:38:58,454 - ERROR - __main__ - ❌ Ошибка загрузки продукта blue_lotus_tincture: 'SignedTransaction' object has no attribute 'rawTransaction'
2025-06-10 23:38:58,454 - INFO - bot.services.product_registry - [ProductRegistry] Создание продукта в смарт-контракте с CID: QmNeu4EnHW9c5so7EUrkwnXWVDyjXQwRcZMoaT4uNLFE6Z
2025-06-10 23:38:58,474 - ERROR - bot.services.product_registry - [ProductRegistry] Ошибка создания продукта: 'SignedTransaction' object has no attribute 'rawTransaction'
Traceback (most recent call last):
  File "/Users/eslinko/Development/amanita/bot/services/product_registry.py", line 450, in create_product_on_chain
    tx_hash = self.blockchain.web3.eth.send_raw_transaction(signed_tx.rawTransaction)
                                                            ^^^^^^^^^^^^^^^^^^^^^^^^
AttributeError: 'SignedTransaction' object has no attribute 'rawTransaction'

2025-06-10 23:38:58,474 - ERROR - __main__ - ❌ Ошибка загрузки продукта blue_lotus_flowers: 'SignedTransaction' object has no attribute 'rawTransaction'
2025-06-10 23:38:58,474 - INFO - bot.services.product_registry - [ProductRegistry] Создание продукта в смарт-контракте с CID: QmdrnC4rbxLRsfTLSAFgMUpX8QWreS4SMZg2y5nZsa4qs1
2025-06-10 23:38:58,493 - ERROR - bot.services.product_registry - [ProductRegistry] Ошибка создания продукта: 'SignedTransaction' object has no attribute 'rawTransaction'
Traceback (most recent call last):
  File "/Users/eslinko/Development/amanita/bot/services/product_registry.py", line 450, in create_product_on_chain
    tx_hash = self.blockchain.web3.eth.send_raw_transaction(signed_tx.rawTransaction)
                                                            ^^^^^^^^^^^^^^^^^^^^^^^^
AttributeError: 'SignedTransaction' object has no attribute 'rawTransaction'

2025-06-10 23:38:58,494 - ERROR - __main__ - ❌ Ошибка загрузки продукта chaga_chunks: 'SignedTransaction' object has no attribute 'rawTransaction'
2025-06-10 23:38:58,494 - INFO - bot.services.product_registry - [ProductRegistry] Создание продукта в смарт-контракте с CID: QmXnknwLebfWJXx44GUVbHFBPt3XboNcfYcMqeNZvUkmZM
2025-06-10 23:38:58,506 - ERROR - bot.services.product_registry - [ProductRegistry] Ошибка создания продукта: 'SignedTransaction' object has no attribute 'rawTransaction'
Traceback (most recent call last):
  File "/Users/eslinko/Development/amanita/bot/services/product_registry.py", line 450, in create_product_on_chain
    tx_hash = self.blockchain.web3.eth.send_raw_transaction(signed_tx.rawTransaction)
                                                            ^^^^^^^^^^^^^^^^^^^^^^^^
AttributeError: 'SignedTransaction' object has no attribute 'rawTransaction'

2025-06-10 23:38:58,506 - ERROR - __main__ - ❌ Ошибка загрузки продукта cordyceps_militaris_powder: 'SignedTransaction' object has no attribute 'rawTransaction'
2025-06-10 23:38:58,506 - INFO - bot.services.product_registry - [ProductRegistry] Создание продукта в смарт-контракте с CID: QmYxPRZD9aYAxY8yV2nnTKY4dmU7vZDtnY2Y9jF487yHQK
2025-06-10 23:38:58,520 - ERROR - bot.services.product_registry - [ProductRegistry] Ошибка создания продукта: 'SignedTransaction' object has no attribute 'rawTransaction'
Traceback (most recent call last):
  File "/Users/eslinko/Development/amanita/bot/services/product_registry.py", line 450, in create_product_on_chain
    tx_hash = self.blockchain.web3.eth.send_raw_transaction(signed_tx.rawTransaction)
                                                            ^^^^^^^^^^^^^^^^^^^^^^^^
AttributeError: 'SignedTransaction' object has no attribute 'rawTransaction'

2025-06-10 23:38:58,520 - ERROR - __main__ - ❌ Ошибка загрузки продукта cordyceps_militaris_dried_bodies: 'SignedTransaction' object has no attribute 'rawTransaction'
2025-06-10 23:38:58,520 - INFO - bot.services.product_registry - [ProductRegistry] Создание продукта в смарт-контракте с CID: QmWtDi6u5t5rnmrgxgjbZ5KStwv8YGBzpK1sSxCgjMdZKT
2025-06-10 23:38:58,536 - ERROR - bot.services.product_registry - [ProductRegistry] Ошибка создания продукта: 'SignedTransaction' object has no attribute 'rawTransaction'
Traceback (most recent call last):
  File "/Users/eslinko/Development/amanita/bot/services/product_registry.py", line 450, in create_product_on_chain
    tx_hash = self.blockchain.web3.eth.send_raw_transaction(signed_tx.rawTransaction)
                                                            ^^^^^^^^^^^^^^^^^^^^^^^^
AttributeError: 'SignedTransaction' object has no attribute 'rawTransaction'

2025-06-10 23:38:58,536 - ERROR - __main__ - ❌ Ошибка загрузки продукта chanterelle_dried: 'SignedTransaction' object has no attribute 'rawTransaction'
2025-06-10 23:38:58,536 - INFO - bot.services.product_registry - [ProductRegistry] Создание продукта в смарт-контракте с CID: QmVgK7bn2MVwaqVAcJyvMLdBxrBfoxHPuYMCEmToxsHfYg
2025-06-10 23:38:58,550 - ERROR - bot.services.product_registry - [ProductRegistry] Ошибка создания продукта: 'SignedTransaction' object has no attribute 'rawTransaction'
Traceback (most recent call last):
  File "/Users/eslinko/Development/amanita/bot/services/product_registry.py", line 450, in create_product_on_chain
    tx_hash = self.blockchain.web3.eth.send_raw_transaction(signed_tx.rawTransaction)
                                                            ^^^^^^^^^^^^^^^^^^^^^^^^
AttributeError: 'SignedTransaction' object has no attribute 'rawTransaction'

2025-06-10 23:38:58,550 - ERROR - __main__ - ❌ Ошибка загрузки продукта chanterelle_powder: 'SignedTransaction' object has no attribute 'rawTransaction'
2025-06-10 23:38:58,550 - INFO - bot.services.product_registry - [ProductRegistry] Создание продукта в смарт-контракте с CID: QmcCqsvoF2XZSBbwQoBRbMvyTWNYe2fq6r4kv9VE2shxSD
2025-06-10 23:38:58,562 - ERROR - bot.services.product_registry - [ProductRegistry] Ошибка создания продукта: 'SignedTransaction' object has no attribute 'rawTransaction'
Traceback (most recent call last):
  File "/Users/eslinko/Development/amanita/bot/services/product_registry.py", line 450, in create_product_on_chain
    tx_hash = self.blockchain.web3.eth.send_raw_transaction(signed_tx.rawTransaction)
                                                            ^^^^^^^^^^^^^^^^^^^^^^^^
AttributeError: 'SignedTransaction' object has no attribute 'rawTransaction'

2025-06-10 23:38:58,562 - ERROR - __main__ - ❌ Ошибка загрузки продукта aspen_bark_dried_strips: 'SignedTransaction' object has no attribute 'rawTransaction'
2025-06-10 23:38:58,562 - INFO - bot.services.product_registry - [ProductRegistry] Создание продукта в смарт-контракте с CID: Qmb7s7cjpqYzKhwRFwwmnYkKZYmQgrzWYKwRHFkPHd6pVN
2025-06-10 23:38:58,575 - ERROR - bot.services.product_registry - [ProductRegistry] Ошибка создания продукта: 'SignedTransaction' object has no attribute 'rawTransaction'
Traceback (most recent call last):
  File "/Users/eslinko/Development/amanita/bot/services/product_registry.py", line 450, in create_product_on_chain
    tx_hash = self.blockchain.web3.eth.send_raw_transaction(signed_tx.rawTransaction)
                                                            ^^^^^^^^^^^^^^^^^^^^^^^^
AttributeError: 'SignedTransaction' object has no attribute 'rawTransaction'

2025-06-10 23:38:58,575 - ERROR - __main__ - ❌ Ошибка загрузки продукта lions_mane_powder: 'SignedTransaction' object has no attribute 'rawTransaction'
2025-06-10 23:38:58,575 - INFO - bot.services.product_registry - [ProductRegistry] Создание продукта в смарт-контракте с CID: QmTnLDtj1k8mHCPQs8v54xDrBUgNsmmjHAMtNzaVVi9oNa
2025-06-10 23:38:58,588 - ERROR - bot.services.product_registry - [ProductRegistry] Ошибка создания продукта: 'SignedTransaction' object has no attribute 'rawTransaction'
Traceback (most recent call last):
  File "/Users/eslinko/Development/amanita/bot/services/product_registry.py", line 450, in create_product_on_chain
    tx_hash = self.blockchain.web3.eth.send_raw_transaction(signed_tx.rawTransaction)
                                                            ^^^^^^^^^^^^^^^^^^^^^^^^
AttributeError: 'SignedTransaction' object has no attribute 'rawTransaction'

2025-06-10 23:38:58,588 - ERROR - __main__ - ❌ Ошибка загрузки продукта Lion's Mane mushroom — whole dried: 'SignedTransaction' object has no attribute 'rawTransaction'
2025-06-10 23:38:58,588 - INFO - __main__ - 📊 Итоги загрузки:
2025-06-10 23:38:58,588 - INFO - __main__ - ✅ Успешно загружено: 0
2025-06-10 23:38:58,588 - INFO - __main__ - ❌ Ошибок: 17
2025-06-10 23:38:58,588 - INFO - __main__ - 🔍 Детали ошибок:
2025-06-10 23:38:58,588 - ERROR - __main__ -   - Продукт amanita1: 'SignedTransaction' object has no attribute 'rawTransaction'
2025-06-10 23:38:58,588 - ERROR - __main__ -   - Продукт amanita_closed_cups: 'SignedTransaction' object has no attribute 'rawTransaction'
2025-06-10 23:38:58,588 - ERROR - __main__ -   - Продукт amanita_broken_closed_cups: 'SignedTransaction' object has no attribute 'rawTransaction'
2025-06-10 23:38:58,588 - ERROR - __main__ -   - Продукт amanita_lux: 'SignedTransaction' object has no attribute 'rawTransaction'
2025-06-10 23:38:58,588 - ERROR - __main__ -   - Продукт amanita_pantherina_whole: 'SignedTransaction' object has no attribute 'rawTransaction'
2025-06-10 23:38:58,588 - ERROR - __main__ -   - Продукт amanita_pantherina_powder: 'SignedTransaction' object has no attribute 'rawTransaction'
2025-06-10 23:38:58,588 - ERROR - __main__ -   - Продукт amanita_tincture: 'SignedTransaction' object has no attribute 'rawTransaction'
2025-06-10 23:38:58,588 - ERROR - __main__ -   - Продукт blue_lotus_tincture: 'SignedTransaction' object has no attribute 'rawTransaction'
2025-06-10 23:38:58,589 - ERROR - __main__ -   - Продукт blue_lotus_flowers: 'SignedTransaction' object has no attribute 'rawTransaction'
2025-06-10 23:38:58,589 - ERROR - __main__ -   - Продукт chaga_chunks: 'SignedTransaction' object has no attribute 'rawTransaction'
2025-06-10 23:38:58,589 - ERROR - __main__ -   - Продукт cordyceps_militaris_powder: 'SignedTransaction' object has no attribute 'rawTransaction'
2025-06-10 23:38:58,589 - ERROR - __main__ -   - Продукт cordyceps_militaris_dried_bodies: 'SignedTransaction' object has no attribute 'rawTransaction'
2025-06-10 23:38:58,589 - ERROR - __main__ -   - Продукт chanterelle_dried: 'SignedTransaction' object has no attribute 'rawTransaction'
2025-06-10 23:38:58,589 - ERROR - __main__ -   - Продукт chanterelle_powder: 'SignedTransaction' object has no attribute 'rawTransaction'
2025-06-10 23:38:58,589 - ERROR - __main__ -   - Продукт aspen_bark_dried_strips: 'SignedTransaction' object has no attribute 'rawTransaction'
2025-06-10 23:38:58,589 - ERROR - __main__ -   - Продукт lions_mane_powder: 'SignedTransaction' object has no attribute 'rawTransaction'
2025-06-10 23:38:58,589 - ERROR - __main__ -   - Продукт Lion's Mane mushroom — whole dried: 'SignedTransaction' object has no attribute 'rawTransaction'
2025-06-10 23:38:58,589 - ERROR - __main__ - ❌ Процесс завершился с ошибками
2025-06-10 23:41:36,915 - INFO - __main__ - 🚀 Запуск загрузки продуктов в смарт-контракт
2025-06-10 23:41:36,915 - INFO - __main__ - 📦 Загрузка данных из JSON...
2025-06-10 23:41:36,916 - INFO - __main__ - 📦 Загружено 17 продуктов
2025-06-10 23:41:36,916 - INFO - __main__ - 📝 Загрузка продуктов в реестр...
2025-06-10 23:41:36,916 - INFO - bot.services.product_registry - [ProductRegistry] Создание продукта в смарт-контракте с CID: QmeGq712hKBE5jH3DqMnUax1mwfYAxg3pinM9Kk4aRCH7z
2025-06-10 23:41:36,916 - INFO - bot.services.blockchain - [BlockchainService] Создание продукта с CID: QmeGq712hKBE5jH3DqMnUax1mwfYAxg3pinM9Kk4aRCH7z
2025-06-10 23:41:36,960 - INFO - bot.services.product_registry - [ProductRegistry] Продукт успешно создан. Хэш транзакции: e92a9a34cfb3b2a4797a05957b41963f56f6c64c8a19bcc3a2cb4e244dadb801
2025-06-10 23:41:36,961 - INFO - __main__ - ✅ Продукт amanita1 успешно загружен в смарт контракт. TX: e92a9a34cfb3b2a4797a05957b41963f56f6c64c8a19bcc3a2cb4e244dadb801
2025-06-10 23:41:36,961 - INFO - bot.services.product_registry - [ProductRegistry] Создание продукта в смарт-контракте с CID: QmdhoN7QQXzwfv9HG86xGNDHjUJnFeMDbbegoXnu4T8ZdU
2025-06-10 23:41:36,961 - INFO - bot.services.blockchain - [BlockchainService] Создание продукта с CID: QmdhoN7QQXzwfv9HG86xGNDHjUJnFeMDbbegoXnu4T8ZdU
2025-06-10 23:41:36,992 - INFO - bot.services.product_registry - [ProductRegistry] Продукт успешно создан. Хэш транзакции: c73cf784baee927e0d612bf7d9803497479d2fa4246dca92960345225579b6d4
2025-06-10 23:41:36,992 - INFO - __main__ - ✅ Продукт amanita_closed_cups успешно загружен в смарт контракт. TX: c73cf784baee927e0d612bf7d9803497479d2fa4246dca92960345225579b6d4
2025-06-10 23:41:36,992 - INFO - bot.services.product_registry - [ProductRegistry] Создание продукта в смарт-контракте с CID: QmU1o4AZahdrYTwPA8RyLyRm5MopcQ9PH8sWp8PuZMmMTb
2025-06-10 23:41:36,992 - INFO - bot.services.blockchain - [BlockchainService] Создание продукта с CID: QmU1o4AZahdrYTwPA8RyLyRm5MopcQ9PH8sWp8PuZMmMTb
2025-06-10 23:41:37,035 - INFO - bot.services.product_registry - [ProductRegistry] Продукт успешно создан. Хэш транзакции: 711d86c4486da1ae956c1352d5ffc3130ab5c69795b0d69650f5b3d08275edfe
2025-06-10 23:41:37,036 - INFO - __main__ - ✅ Продукт amanita_broken_closed_cups успешно загружен в смарт контракт. TX: 711d86c4486da1ae956c1352d5ffc3130ab5c69795b0d69650f5b3d08275edfe
2025-06-10 23:41:37,036 - INFO - bot.services.product_registry - [ProductRegistry] Создание продукта в смарт-контракте с CID: QmSrLZMi3XRmPvzYVe9pNCZLqYbjSthgg792s26cyPBhcX
2025-06-10 23:41:37,036 - INFO - bot.services.blockchain - [BlockchainService] Создание продукта с CID: QmSrLZMi3XRmPvzYVe9pNCZLqYbjSthgg792s26cyPBhcX
2025-06-10 23:41:37,084 - INFO - bot.services.product_registry - [ProductRegistry] Продукт успешно создан. Хэш транзакции: d70325c6a71eddb073cb8a202567902b804981b71ff1b3f4ac954e0bb3900126
2025-06-10 23:41:37,084 - INFO - __main__ - ✅ Продукт amanita_lux успешно загружен в смарт контракт. TX: d70325c6a71eddb073cb8a202567902b804981b71ff1b3f4ac954e0bb3900126
2025-06-10 23:41:37,085 - INFO - bot.services.product_registry - [ProductRegistry] Создание продукта в смарт-контракте с CID: QmRzWvsnjY1s8Y7NDM3VS661mwZNNi5TpFFefC2Tg91zZ5
2025-06-10 23:41:37,085 - INFO - bot.services.blockchain - [BlockchainService] Создание продукта с CID: QmRzWvsnjY1s8Y7NDM3VS661mwZNNi5TpFFefC2Tg91zZ5
2025-06-10 23:41:37,107 - INFO - bot.services.product_registry - [ProductRegistry] Продукт успешно создан. Хэш транзакции: 5e7d89051d2888b1ad7ce165336ec45cffcbaf0e79af81a29d25dbeaa508ffcc
2025-06-10 23:41:37,107 - INFO - __main__ - ✅ Продукт amanita_pantherina_whole успешно загружен в смарт контракт. TX: 5e7d89051d2888b1ad7ce165336ec45cffcbaf0e79af81a29d25dbeaa508ffcc
2025-06-10 23:41:37,107 - INFO - bot.services.product_registry - [ProductRegistry] Создание продукта в смарт-контракте с CID: QmaJ1Mz3SsrWzwQ2ijPaxQeaowDLVrLHLSoEADUwSFyTrp
2025-06-10 23:41:37,107 - INFO - bot.services.blockchain - [BlockchainService] Создание продукта с CID: QmaJ1Mz3SsrWzwQ2ijPaxQeaowDLVrLHLSoEADUwSFyTrp
2025-06-10 23:41:37,121 - INFO - bot.services.product_registry - [ProductRegistry] Продукт успешно создан. Хэш транзакции: fee2262e043f1cca23595115d73c0061ae5fc5e4ae787fad5d6db2fa9614bbe2
2025-06-10 23:41:37,121 - INFO - __main__ - ✅ Продукт amanita_pantherina_powder успешно загружен в смарт контракт. TX: fee2262e043f1cca23595115d73c0061ae5fc5e4ae787fad5d6db2fa9614bbe2
2025-06-10 23:41:37,121 - INFO - bot.services.product_registry - [ProductRegistry] Создание продукта в смарт-контракте с CID: QmVer4ycsDwFA4um8ngosoASW8toPeSsTs9BfVXJciAU89
2025-06-10 23:41:37,121 - INFO - bot.services.blockchain - [BlockchainService] Создание продукта с CID: QmVer4ycsDwFA4um8ngosoASW8toPeSsTs9BfVXJciAU89
2025-06-10 23:41:37,136 - INFO - bot.services.product_registry - [ProductRegistry] Продукт успешно создан. Хэш транзакции: 709a197e3176a6949b104d43146582b9b5c102b788baadf0c26dfc42557a5787
2025-06-10 23:41:37,136 - INFO - __main__ - ✅ Продукт amanita_tincture успешно загружен в смарт контракт. TX: 709a197e3176a6949b104d43146582b9b5c102b788baadf0c26dfc42557a5787
2025-06-10 23:41:37,136 - INFO - bot.services.product_registry - [ProductRegistry] Создание продукта в смарт-контракте с CID: QmRiYSSFi9feAMuHrHANsSVupLx6e1jGUS7VZ33Xz6pDqr
2025-06-10 23:41:37,137 - INFO - bot.services.blockchain - [BlockchainService] Создание продукта с CID: QmRiYSSFi9feAMuHrHANsSVupLx6e1jGUS7VZ33Xz6pDqr
2025-06-10 23:41:37,153 - INFO - bot.services.product_registry - [ProductRegistry] Продукт успешно создан. Хэш транзакции: 6e6b8261603d3e3e0a03e08c8850bf256205fc98c9ad85b684c8f53c21e70ac2
2025-06-10 23:41:37,153 - INFO - __main__ - ✅ Продукт blue_lotus_tincture успешно загружен в смарт контракт. TX: 6e6b8261603d3e3e0a03e08c8850bf256205fc98c9ad85b684c8f53c21e70ac2
2025-06-10 23:41:37,153 - INFO - bot.services.product_registry - [ProductRegistry] Создание продукта в смарт-контракте с CID: QmNeu4EnHW9c5so7EUrkwnXWVDyjXQwRcZMoaT4uNLFE6Z
2025-06-10 23:41:37,153 - INFO - bot.services.blockchain - [BlockchainService] Создание продукта с CID: QmNeu4EnHW9c5so7EUrkwnXWVDyjXQwRcZMoaT4uNLFE6Z
2025-06-10 23:41:37,166 - INFO - bot.services.product_registry - [ProductRegistry] Продукт успешно создан. Хэш транзакции: 0ca25df0242b853a836ae261cb67e24ae932be33760947559048d85a911f448a
2025-06-10 23:41:37,166 - INFO - __main__ - ✅ Продукт blue_lotus_flowers успешно загружен в смарт контракт. TX: 0ca25df0242b853a836ae261cb67e24ae932be33760947559048d85a911f448a
2025-06-10 23:41:37,166 - INFO - bot.services.product_registry - [ProductRegistry] Создание продукта в смарт-контракте с CID: QmdrnC4rbxLRsfTLSAFgMUpX8QWreS4SMZg2y5nZsa4qs1
2025-06-10 23:41:37,166 - INFO - bot.services.blockchain - [BlockchainService] Создание продукта с CID: QmdrnC4rbxLRsfTLSAFgMUpX8QWreS4SMZg2y5nZsa4qs1
2025-06-10 23:41:37,179 - INFO - bot.services.product_registry - [ProductRegistry] Продукт успешно создан. Хэш транзакции: ba537c680be041d04e6829b50bdcfb5f0aedd328d1cca1a5186385d720a6c7c7
2025-06-10 23:41:37,179 - INFO - __main__ - ✅ Продукт chaga_chunks успешно загружен в смарт контракт. TX: ba537c680be041d04e6829b50bdcfb5f0aedd328d1cca1a5186385d720a6c7c7
2025-06-10 23:41:37,179 - INFO - bot.services.product_registry - [ProductRegistry] Создание продукта в смарт-контракте с CID: QmXnknwLebfWJXx44GUVbHFBPt3XboNcfYcMqeNZvUkmZM
2025-06-10 23:41:37,179 - INFO - bot.services.blockchain - [BlockchainService] Создание продукта с CID: QmXnknwLebfWJXx44GUVbHFBPt3XboNcfYcMqeNZvUkmZM
2025-06-10 23:41:37,191 - INFO - bot.services.product_registry - [ProductRegistry] Продукт успешно создан. Хэш транзакции: a127b3c6ded56feab201c14d1f1ccee292dde4379f3eb91297682ef0ff45740a
2025-06-10 23:41:37,192 - INFO - __main__ - ✅ Продукт cordyceps_militaris_powder успешно загружен в смарт контракт. TX: a127b3c6ded56feab201c14d1f1ccee292dde4379f3eb91297682ef0ff45740a
2025-06-10 23:41:37,192 - INFO - bot.services.product_registry - [ProductRegistry] Создание продукта в смарт-контракте с CID: QmYxPRZD9aYAxY8yV2nnTKY4dmU7vZDtnY2Y9jF487yHQK
2025-06-10 23:41:37,192 - INFO - bot.services.blockchain - [BlockchainService] Создание продукта с CID: QmYxPRZD9aYAxY8yV2nnTKY4dmU7vZDtnY2Y9jF487yHQK
2025-06-10 23:41:37,203 - INFO - bot.services.product_registry - [ProductRegistry] Продукт успешно создан. Хэш транзакции: 059ea1d407ff6c5fdb9c79c6faf91ec1f7335bb026845e0c343869a02ee1a95b
2025-06-10 23:41:37,203 - INFO - __main__ - ✅ Продукт cordyceps_militaris_dried_bodies успешно загружен в смарт контракт. TX: 059ea1d407ff6c5fdb9c79c6faf91ec1f7335bb026845e0c343869a02ee1a95b
2025-06-10 23:41:37,203 - INFO - bot.services.product_registry - [ProductRegistry] Создание продукта в смарт-контракте с CID: QmWtDi6u5t5rnmrgxgjbZ5KStwv8YGBzpK1sSxCgjMdZKT
2025-06-10 23:41:37,203 - INFO - bot.services.blockchain - [BlockchainService] Создание продукта с CID: QmWtDi6u5t5rnmrgxgjbZ5KStwv8YGBzpK1sSxCgjMdZKT
2025-06-10 23:41:37,215 - INFO - bot.services.product_registry - [ProductRegistry] Продукт успешно создан. Хэш транзакции: f58145993488bb172fc96748c505014bebead7c3983deb5583f8c6307c5c2411
2025-06-10 23:41:37,216 - INFO - __main__ - ✅ Продукт chanterelle_dried успешно загружен в смарт контракт. TX: f58145993488bb172fc96748c505014bebead7c3983deb5583f8c6307c5c2411
2025-06-10 23:41:37,216 - INFO - bot.services.product_registry - [ProductRegistry] Создание продукта в смарт-контракте с CID: QmVgK7bn2MVwaqVAcJyvMLdBxrBfoxHPuYMCEmToxsHfYg
2025-06-10 23:41:37,216 - INFO - bot.services.blockchain - [BlockchainService] Создание продукта с CID: QmVgK7bn2MVwaqVAcJyvMLdBxrBfoxHPuYMCEmToxsHfYg
2025-06-10 23:41:37,228 - INFO - bot.services.product_registry - [ProductRegistry] Продукт успешно создан. Хэш транзакции: cf4686fe3cbad0e26054aa578f65a608d8decd642242f5a18b34ed7c4bf5ee16
2025-06-10 23:41:37,228 - INFO - __main__ - ✅ Продукт chanterelle_powder успешно загружен в смарт контракт. TX: cf4686fe3cbad0e26054aa578f65a608d8decd642242f5a18b34ed7c4bf5ee16
2025-06-10 23:41:37,228 - INFO - bot.services.product_registry - [ProductRegistry] Создание продукта в смарт-контракте с CID: QmcCqsvoF2XZSBbwQoBRbMvyTWNYe2fq6r4kv9VE2shxSD
2025-06-10 23:41:37,228 - INFO - bot.services.blockchain - [BlockchainService] Создание продукта с CID: QmcCqsvoF2XZSBbwQoBRbMvyTWNYe2fq6r4kv9VE2shxSD
2025-06-10 23:41:37,238 - INFO - bot.services.product_registry - [ProductRegistry] Продукт успешно создан. Хэш транзакции: d0276f3549ca9e8e2813f7b40d22d53c4a54b97e97b5dda9a127b765efd18c9a
2025-06-10 23:41:37,238 - INFO - __main__ - ✅ Продукт aspen_bark_dried_strips успешно загружен в смарт контракт. TX: d0276f3549ca9e8e2813f7b40d22d53c4a54b97e97b5dda9a127b765efd18c9a
2025-06-10 23:41:37,238 - INFO - bot.services.product_registry - [ProductRegistry] Создание продукта в смарт-контракте с CID: Qmb7s7cjpqYzKhwRFwwmnYkKZYmQgrzWYKwRHFkPHd6pVN
2025-06-10 23:41:37,238 - INFO - bot.services.blockchain - [BlockchainService] Создание продукта с CID: Qmb7s7cjpqYzKhwRFwwmnYkKZYmQgrzWYKwRHFkPHd6pVN
2025-06-10 23:41:37,251 - INFO - bot.services.product_registry - [ProductRegistry] Продукт успешно создан. Хэш транзакции: 268292e62dbb33c2e4408ba1609d8ec5fb9fbb675906d3bba250405b02d7f8a1
2025-06-10 23:41:37,251 - INFO - __main__ - ✅ Продукт lions_mane_powder успешно загружен в смарт контракт. TX: 268292e62dbb33c2e4408ba1609d8ec5fb9fbb675906d3bba250405b02d7f8a1
2025-06-10 23:41:37,251 - INFO - bot.services.product_registry - [ProductRegistry] Создание продукта в смарт-контракте с CID: QmTnLDtj1k8mHCPQs8v54xDrBUgNsmmjHAMtNzaVVi9oNa
2025-06-10 23:41:37,251 - INFO - bot.services.blockchain - [BlockchainService] Создание продукта с CID: QmTnLDtj1k8mHCPQs8v54xDrBUgNsmmjHAMtNzaVVi9oNa
2025-06-10 23:41:37,262 - INFO - bot.services.product_registry - [ProductRegistry] Продукт успешно создан. Хэш транзакции: 877865c1e3253ab0bd411ce97964930ad1895b8876d67ab9f973ac2abfdd3e54
2025-06-10 23:41:37,262 - INFO - __main__ - ✅ Продукт Lion's Mane mushroom — whole dried успешно загружен в смарт контракт. TX: 877865c1e3253ab0bd411ce97964930ad1895b8876d67ab9f973ac2abfdd3e54
2025-06-10 23:41:37,263 - INFO - __main__ - 📊 Итоги загрузки:
2025-06-10 23:41:37,263 - INFO - __main__ - ✅ Успешно загружено: 17
2025-06-10 23:41:37,263 - INFO - __main__ - ❌ Ошибок: 17
2025-06-10 23:41:37,263 - INFO - __main__ - 🔍 Детали ошибок:
2025-06-10 23:41:37,263 - ERROR - __main__ -   - Продукт amanita1: 'SignedTransaction' object has no attribute 'rawTransaction'
2025-06-10 23:41:37,263 - ERROR - __main__ -   - Продукт amanita_closed_cups: 'SignedTransaction' object has no attribute 'rawTransaction'
2025-06-10 23:41:37,263 - ERROR - __main__ -   - Продукт amanita_broken_closed_cups: 'SignedTransaction' object has no attribute 'rawTransaction'
2025-06-10 23:41:37,263 - ERROR - __main__ -   - Продукт amanita_lux: 'SignedTransaction' object has no attribute 'rawTransaction'
2025-06-10 23:41:37,263 - ERROR - __main__ -   - Продукт amanita_pantherina_whole: 'SignedTransaction' object has no attribute 'rawTransaction'
2025-06-10 23:41:37,263 - ERROR - __main__ -   - Продукт amanita_pantherina_powder: 'SignedTransaction' object has no attribute 'rawTransaction'
2025-06-10 23:41:37,263 - ERROR - __main__ -   - Продукт amanita_tincture: 'SignedTransaction' object has no attribute 'rawTransaction'
2025-06-10 23:41:37,263 - ERROR - __main__ -   - Продукт blue_lotus_tincture: 'SignedTransaction' object has no attribute 'rawTransaction'
2025-06-10 23:41:37,263 - ERROR - __main__ -   - Продукт blue_lotus_flowers: 'SignedTransaction' object has no attribute 'rawTransaction'
2025-06-10 23:41:37,263 - ERROR - __main__ -   - Продукт chaga_chunks: 'SignedTransaction' object has no attribute 'rawTransaction'
2025-06-10 23:41:37,263 - ERROR - __main__ -   - Продукт cordyceps_militaris_powder: 'SignedTransaction' object has no attribute 'rawTransaction'
2025-06-10 23:41:37,263 - ERROR - __main__ -   - Продукт cordyceps_militaris_dried_bodies: 'SignedTransaction' object has no attribute 'rawTransaction'
2025-06-10 23:41:37,263 - ERROR - __main__ -   - Продукт chanterelle_dried: 'SignedTransaction' object has no attribute 'rawTransaction'
2025-06-10 23:41:37,263 - ERROR - __main__ -   - Продукт chanterelle_powder: 'SignedTransaction' object has no attribute 'rawTransaction'
2025-06-10 23:41:37,263 - ERROR - __main__ -   - Продукт aspen_bark_dried_strips: 'SignedTransaction' object has no attribute 'rawTransaction'
2025-06-10 23:41:37,263 - ERROR - __main__ -   - Продукт lions_mane_powder: 'SignedTransaction' object has no attribute 'rawTransaction'
2025-06-10 23:41:37,263 - ERROR - __main__ -   - Продукт Lion's Mane mushroom — whole dried: 'SignedTransaction' object has no attribute 'rawTransaction'
2025-06-10 23:41:37,263 - ERROR - __main__ - ❌ Процесс завершился с ошибками
2025-06-10 23:43:01,238 - INFO - __main__ - 🚀 Запуск загрузки продуктов в смарт-контракт
2025-06-10 23:43:01,238 - INFO - __main__ - 📦 Загрузка данных из JSON...
2025-06-10 23:43:01,239 - INFO - __main__ - 📦 Загружено 17 продуктов
2025-06-10 23:43:01,239 - INFO - __main__ - 📝 Загрузка продуктов в реестр...
2025-06-10 23:43:01,239 - INFO - bot.services.product_registry - [ProductRegistry] Создание продукта в смарт-контракте с CID: QmeGq712hKBE5jH3DqMnUax1mwfYAxg3pinM9Kk4aRCH7z
2025-06-10 23:43:01,240 - INFO - bot.services.blockchain - [BlockchainService] Создание продукта с CID: QmeGq712hKBE5jH3DqMnUax1mwfYAxg3pinM9Kk4aRCH7z
2025-06-10 23:43:01,245 - INFO - bot.services.blockchain - [Web3] [TX] account.address: 0x70997970C51812dc3A010C7d01b50e0d17dc79C8
2025-06-10 23:43:01,245 - INFO - bot.services.blockchain - [Web3] [TX] func: <Function createProduct(string)>, args: ('QmeGq712hKBE5jH3DqMnUax1mwfYAxg3pinM9Kk4aRCH7z',), kwargs: {}
2025-06-10 23:43:01,245 - ERROR - bot.services.blockchain - [Web3] Ошибка в transact_contract_function: 'BlockchainService' object has no attribute 'chain_id'
2025-06-10 23:43:01,245 - ERROR - bot.services.product_registry - [ProductRegistry] Ошибка создания продукта: Транзакция не прошла
2025-06-10 23:43:01,245 - ERROR - __main__ - ❌ Ошибка загрузки продукта amanita1: Транзакция не прошла
2025-06-10 23:43:01,245 - INFO - bot.services.product_registry - [ProductRegistry] Создание продукта в смарт-контракте с CID: QmdhoN7QQXzwfv9HG86xGNDHjUJnFeMDbbegoXnu4T8ZdU
2025-06-10 23:43:01,246 - INFO - bot.services.blockchain - [BlockchainService] Создание продукта с CID: QmdhoN7QQXzwfv9HG86xGNDHjUJnFeMDbbegoXnu4T8ZdU
2025-06-10 23:43:01,250 - INFO - bot.services.blockchain - [Web3] [TX] account.address: 0x70997970C51812dc3A010C7d01b50e0d17dc79C8
2025-06-10 23:43:01,250 - INFO - bot.services.blockchain - [Web3] [TX] func: <Function createProduct(string)>, args: ('QmdhoN7QQXzwfv9HG86xGNDHjUJnFeMDbbegoXnu4T8ZdU',), kwargs: {}
2025-06-10 23:43:01,250 - ERROR - bot.services.blockchain - [Web3] Ошибка в transact_contract_function: 'BlockchainService' object has no attribute 'chain_id'
2025-06-10 23:43:01,251 - ERROR - bot.services.product_registry - [ProductRegistry] Ошибка создания продукта: Транзакция не прошла
2025-06-10 23:43:01,251 - ERROR - __main__ - ❌ Ошибка загрузки продукта amanita_closed_cups: Транзакция не прошла
2025-06-10 23:43:01,251 - INFO - bot.services.product_registry - [ProductRegistry] Создание продукта в смарт-контракте с CID: QmU1o4AZahdrYTwPA8RyLyRm5MopcQ9PH8sWp8PuZMmMTb
2025-06-10 23:43:01,251 - INFO - bot.services.blockchain - [BlockchainService] Создание продукта с CID: QmU1o4AZahdrYTwPA8RyLyRm5MopcQ9PH8sWp8PuZMmMTb
2025-06-10 23:43:01,253 - INFO - bot.services.blockchain - [Web3] [TX] account.address: 0x70997970C51812dc3A010C7d01b50e0d17dc79C8
2025-06-10 23:43:01,253 - INFO - bot.services.blockchain - [Web3] [TX] func: <Function createProduct(string)>, args: ('QmU1o4AZahdrYTwPA8RyLyRm5MopcQ9PH8sWp8PuZMmMTb',), kwargs: {}
2025-06-10 23:43:01,253 - ERROR - bot.services.blockchain - [Web3] Ошибка в transact_contract_function: 'BlockchainService' object has no attribute 'chain_id'
2025-06-10 23:43:01,253 - ERROR - bot.services.product_registry - [ProductRegistry] Ошибка создания продукта: Транзакция не прошла
2025-06-10 23:43:01,254 - ERROR - __main__ - ❌ Ошибка загрузки продукта amanita_broken_closed_cups: Транзакция не прошла
2025-06-10 23:43:01,254 - INFO - bot.services.product_registry - [ProductRegistry] Создание продукта в смарт-контракте с CID: QmSrLZMi3XRmPvzYVe9pNCZLqYbjSthgg792s26cyPBhcX
2025-06-10 23:43:01,254 - INFO - bot.services.blockchain - [BlockchainService] Создание продукта с CID: QmSrLZMi3XRmPvzYVe9pNCZLqYbjSthgg792s26cyPBhcX
2025-06-10 23:43:01,259 - INFO - bot.services.blockchain - [Web3] [TX] account.address: 0x70997970C51812dc3A010C7d01b50e0d17dc79C8
2025-06-10 23:43:01,259 - INFO - bot.services.blockchain - [Web3] [TX] func: <Function createProduct(string)>, args: ('QmSrLZMi3XRmPvzYVe9pNCZLqYbjSthgg792s26cyPBhcX',), kwargs: {}
2025-06-10 23:43:01,259 - ERROR - bot.services.blockchain - [Web3] Ошибка в transact_contract_function: 'BlockchainService' object has no attribute 'chain_id'
2025-06-10 23:43:01,259 - ERROR - bot.services.product_registry - [ProductRegistry] Ошибка создания продукта: Транзакция не прошла
2025-06-10 23:43:01,259 - ERROR - __main__ - ❌ Ошибка загрузки продукта amanita_lux: Транзакция не прошла
2025-06-10 23:43:01,259 - INFO - bot.services.product_registry - [ProductRegistry] Создание продукта в смарт-контракте с CID: QmRzWvsnjY1s8Y7NDM3VS661mwZNNi5TpFFefC2Tg91zZ5
2025-06-10 23:43:01,259 - INFO - bot.services.blockchain - [BlockchainService] Создание продукта с CID: QmRzWvsnjY1s8Y7NDM3VS661mwZNNi5TpFFefC2Tg91zZ5
2025-06-10 23:43:01,262 - INFO - bot.services.blockchain - [Web3] [TX] account.address: 0x70997970C51812dc3A010C7d01b50e0d17dc79C8
2025-06-10 23:43:01,262 - INFO - bot.services.blockchain - [Web3] [TX] func: <Function createProduct(string)>, args: ('QmRzWvsnjY1s8Y7NDM3VS661mwZNNi5TpFFefC2Tg91zZ5',), kwargs: {}
2025-06-10 23:43:01,263 - ERROR - bot.services.blockchain - [Web3] Ошибка в transact_contract_function: 'BlockchainService' object has no attribute 'chain_id'
2025-06-10 23:43:01,263 - ERROR - bot.services.product_registry - [ProductRegistry] Ошибка создания продукта: Транзакция не прошла
2025-06-10 23:43:01,263 - ERROR - __main__ - ❌ Ошибка загрузки продукта amanita_pantherina_whole: Транзакция не прошла
2025-06-10 23:43:01,263 - INFO - bot.services.product_registry - [ProductRegistry] Создание продукта в смарт-контракте с CID: QmaJ1Mz3SsrWzwQ2ijPaxQeaowDLVrLHLSoEADUwSFyTrp
2025-06-10 23:43:01,263 - INFO - bot.services.blockchain - [BlockchainService] Создание продукта с CID: QmaJ1Mz3SsrWzwQ2ijPaxQeaowDLVrLHLSoEADUwSFyTrp
2025-06-10 23:43:01,271 - INFO - bot.services.blockchain - [Web3] [TX] account.address: 0x70997970C51812dc3A010C7d01b50e0d17dc79C8
2025-06-10 23:43:01,271 - INFO - bot.services.blockchain - [Web3] [TX] func: <Function createProduct(string)>, args: ('QmaJ1Mz3SsrWzwQ2ijPaxQeaowDLVrLHLSoEADUwSFyTrp',), kwargs: {}
2025-06-10 23:43:01,272 - ERROR - bot.services.blockchain - [Web3] Ошибка в transact_contract_function: 'BlockchainService' object has no attribute 'chain_id'
2025-06-10 23:43:01,272 - ERROR - bot.services.product_registry - [ProductRegistry] Ошибка создания продукта: Транзакция не прошла
2025-06-10 23:43:01,273 - ERROR - __main__ - ❌ Ошибка загрузки продукта amanita_pantherina_powder: Транзакция не прошла
2025-06-10 23:43:01,273 - INFO - bot.services.product_registry - [ProductRegistry] Создание продукта в смарт-контракте с CID: QmVer4ycsDwFA4um8ngosoASW8toPeSsTs9BfVXJciAU89
2025-06-10 23:43:01,273 - INFO - bot.services.blockchain - [BlockchainService] Создание продукта с CID: QmVer4ycsDwFA4um8ngosoASW8toPeSsTs9BfVXJciAU89
2025-06-10 23:43:01,282 - INFO - bot.services.blockchain - [Web3] [TX] account.address: 0x70997970C51812dc3A010C7d01b50e0d17dc79C8
2025-06-10 23:43:01,282 - INFO - bot.services.blockchain - [Web3] [TX] func: <Function createProduct(string)>, args: ('QmVer4ycsDwFA4um8ngosoASW8toPeSsTs9BfVXJciAU89',), kwargs: {}
2025-06-10 23:43:01,283 - ERROR - bot.services.blockchain - [Web3] Ошибка в transact_contract_function: 'BlockchainService' object has no attribute 'chain_id'
2025-06-10 23:43:01,283 - ERROR - bot.services.product_registry - [ProductRegistry] Ошибка создания продукта: Транзакция не прошла
2025-06-10 23:43:01,283 - ERROR - __main__ - ❌ Ошибка загрузки продукта amanita_tincture: Транзакция не прошла
2025-06-10 23:43:01,283 - INFO - bot.services.product_registry - [ProductRegistry] Создание продукта в смарт-контракте с CID: QmRiYSSFi9feAMuHrHANsSVupLx6e1jGUS7VZ33Xz6pDqr
2025-06-10 23:43:01,283 - INFO - bot.services.blockchain - [BlockchainService] Создание продукта с CID: QmRiYSSFi9feAMuHrHANsSVupLx6e1jGUS7VZ33Xz6pDqr
2025-06-10 23:43:01,289 - INFO - bot.services.blockchain - [Web3] [TX] account.address: 0x70997970C51812dc3A010C7d01b50e0d17dc79C8
2025-06-10 23:43:01,289 - INFO - bot.services.blockchain - [Web3] [TX] func: <Function createProduct(string)>, args: ('QmRiYSSFi9feAMuHrHANsSVupLx6e1jGUS7VZ33Xz6pDqr',), kwargs: {}
2025-06-10 23:43:01,289 - ERROR - bot.services.blockchain - [Web3] Ошибка в transact_contract_function: 'BlockchainService' object has no attribute 'chain_id'
2025-06-10 23:43:01,289 - ERROR - bot.services.product_registry - [ProductRegistry] Ошибка создания продукта: Транзакция не прошла
2025-06-10 23:43:01,289 - ERROR - __main__ - ❌ Ошибка загрузки продукта blue_lotus_tincture: Транзакция не прошла
2025-06-10 23:43:01,289 - INFO - bot.services.product_registry - [ProductRegistry] Создание продукта в смарт-контракте с CID: QmNeu4EnHW9c5so7EUrkwnXWVDyjXQwRcZMoaT4uNLFE6Z
2025-06-10 23:43:01,289 - INFO - bot.services.blockchain - [BlockchainService] Создание продукта с CID: QmNeu4EnHW9c5so7EUrkwnXWVDyjXQwRcZMoaT4uNLFE6Z
2025-06-10 23:43:01,292 - INFO - bot.services.blockchain - [Web3] [TX] account.address: 0x70997970C51812dc3A010C7d01b50e0d17dc79C8
2025-06-10 23:43:01,293 - INFO - bot.services.blockchain - [Web3] [TX] func: <Function createProduct(string)>, args: ('QmNeu4EnHW9c5so7EUrkwnXWVDyjXQwRcZMoaT4uNLFE6Z',), kwargs: {}
2025-06-10 23:43:01,294 - ERROR - bot.services.blockchain - [Web3] Ошибка в transact_contract_function: 'BlockchainService' object has no attribute 'chain_id'
2025-06-10 23:43:01,294 - ERROR - bot.services.product_registry - [ProductRegistry] Ошибка создания продукта: Транзакция не прошла
2025-06-10 23:43:01,294 - ERROR - __main__ - ❌ Ошибка загрузки продукта blue_lotus_flowers: Транзакция не прошла
2025-06-10 23:43:01,294 - INFO - bot.services.product_registry - [ProductRegistry] Создание продукта в смарт-контракте с CID: QmdrnC4rbxLRsfTLSAFgMUpX8QWreS4SMZg2y5nZsa4qs1
2025-06-10 23:43:01,294 - INFO - bot.services.blockchain - [BlockchainService] Создание продукта с CID: QmdrnC4rbxLRsfTLSAFgMUpX8QWreS4SMZg2y5nZsa4qs1
2025-06-10 23:43:01,299 - INFO - bot.services.blockchain - [Web3] [TX] account.address: 0x70997970C51812dc3A010C7d01b50e0d17dc79C8
2025-06-10 23:43:01,300 - INFO - bot.services.blockchain - [Web3] [TX] func: <Function createProduct(string)>, args: ('QmdrnC4rbxLRsfTLSAFgMUpX8QWreS4SMZg2y5nZsa4qs1',), kwargs: {}
2025-06-10 23:43:01,300 - ERROR - bot.services.blockchain - [Web3] Ошибка в transact_contract_function: 'BlockchainService' object has no attribute 'chain_id'
2025-06-10 23:43:01,300 - ERROR - bot.services.product_registry - [ProductRegistry] Ошибка создания продукта: Транзакция не прошла
2025-06-10 23:43:01,300 - ERROR - __main__ - ❌ Ошибка загрузки продукта chaga_chunks: Транзакция не прошла
2025-06-10 23:43:01,300 - INFO - bot.services.product_registry - [ProductRegistry] Создание продукта в смарт-контракте с CID: QmXnknwLebfWJXx44GUVbHFBPt3XboNcfYcMqeNZvUkmZM
2025-06-10 23:43:01,300 - INFO - bot.services.blockchain - [BlockchainService] Создание продукта с CID: QmXnknwLebfWJXx44GUVbHFBPt3XboNcfYcMqeNZvUkmZM
2025-06-10 23:43:01,305 - INFO - bot.services.blockchain - [Web3] [TX] account.address: 0x70997970C51812dc3A010C7d01b50e0d17dc79C8
2025-06-10 23:43:01,306 - INFO - bot.services.blockchain - [Web3] [TX] func: <Function createProduct(string)>, args: ('QmXnknwLebfWJXx44GUVbHFBPt3XboNcfYcMqeNZvUkmZM',), kwargs: {}
2025-06-10 23:43:01,306 - ERROR - bot.services.blockchain - [Web3] Ошибка в transact_contract_function: 'BlockchainService' object has no attribute 'chain_id'
2025-06-10 23:43:01,306 - ERROR - bot.services.product_registry - [ProductRegistry] Ошибка создания продукта: Транзакция не прошла
2025-06-10 23:43:01,307 - ERROR - __main__ - ❌ Ошибка загрузки продукта cordyceps_militaris_powder: Транзакция не прошла
2025-06-10 23:43:01,307 - INFO - bot.services.product_registry - [ProductRegistry] Создание продукта в смарт-контракте с CID: QmYxPRZD9aYAxY8yV2nnTKY4dmU7vZDtnY2Y9jF487yHQK
2025-06-10 23:43:01,307 - INFO - bot.services.blockchain - [BlockchainService] Создание продукта с CID: QmYxPRZD9aYAxY8yV2nnTKY4dmU7vZDtnY2Y9jF487yHQK
2025-06-10 23:43:01,314 - INFO - bot.services.blockchain - [Web3] [TX] account.address: 0x70997970C51812dc3A010C7d01b50e0d17dc79C8
2025-06-10 23:43:01,315 - INFO - bot.services.blockchain - [Web3] [TX] func: <Function createProduct(string)>, args: ('QmYxPRZD9aYAxY8yV2nnTKY4dmU7vZDtnY2Y9jF487yHQK',), kwargs: {}
2025-06-10 23:43:01,316 - ERROR - bot.services.blockchain - [Web3] Ошибка в transact_contract_function: 'BlockchainService' object has no attribute 'chain_id'
2025-06-10 23:43:01,317 - ERROR - bot.services.product_registry - [ProductRegistry] Ошибка создания продукта: Транзакция не прошла
2025-06-10 23:43:01,317 - ERROR - __main__ - ❌ Ошибка загрузки продукта cordyceps_militaris_dried_bodies: Транзакция не прошла
2025-06-10 23:43:01,317 - INFO - bot.services.product_registry - [ProductRegistry] Создание продукта в смарт-контракте с CID: QmWtDi6u5t5rnmrgxgjbZ5KStwv8YGBzpK1sSxCgjMdZKT
2025-06-10 23:43:01,317 - INFO - bot.services.blockchain - [BlockchainService] Создание продукта с CID: QmWtDi6u5t5rnmrgxgjbZ5KStwv8YGBzpK1sSxCgjMdZKT
2025-06-10 23:43:01,324 - INFO - bot.services.blockchain - [Web3] [TX] account.address: 0x70997970C51812dc3A010C7d01b50e0d17dc79C8
2025-06-10 23:43:01,324 - INFO - bot.services.blockchain - [Web3] [TX] func: <Function createProduct(string)>, args: ('QmWtDi6u5t5rnmrgxgjbZ5KStwv8YGBzpK1sSxCgjMdZKT',), kwargs: {}
2025-06-10 23:43:01,324 - ERROR - bot.services.blockchain - [Web3] Ошибка в transact_contract_function: 'BlockchainService' object has no attribute 'chain_id'
2025-06-10 23:43:01,325 - ERROR - bot.services.product_registry - [ProductRegistry] Ошибка создания продукта: Транзакция не прошла
2025-06-10 23:43:01,325 - ERROR - __main__ - ❌ Ошибка загрузки продукта chanterelle_dried: Транзакция не прошла
2025-06-10 23:43:01,325 - INFO - bot.services.product_registry - [ProductRegistry] Создание продукта в смарт-контракте с CID: QmVgK7bn2MVwaqVAcJyvMLdBxrBfoxHPuYMCEmToxsHfYg
2025-06-10 23:43:01,325 - INFO - bot.services.blockchain - [BlockchainService] Создание продукта с CID: QmVgK7bn2MVwaqVAcJyvMLdBxrBfoxHPuYMCEmToxsHfYg
2025-06-10 23:43:01,328 - INFO - bot.services.blockchain - [Web3] [TX] account.address: 0x70997970C51812dc3A010C7d01b50e0d17dc79C8
2025-06-10 23:43:01,328 - INFO - bot.services.blockchain - [Web3] [TX] func: <Function createProduct(string)>, args: ('QmVgK7bn2MVwaqVAcJyvMLdBxrBfoxHPuYMCEmToxsHfYg',), kwargs: {}
2025-06-10 23:43:01,329 - ERROR - bot.services.blockchain - [Web3] Ошибка в transact_contract_function: 'BlockchainService' object has no attribute 'chain_id'
2025-06-10 23:43:01,329 - ERROR - bot.services.product_registry - [ProductRegistry] Ошибка создания продукта: Транзакция не прошла
2025-06-10 23:43:01,329 - ERROR - __main__ - ❌ Ошибка загрузки продукта chanterelle_powder: Транзакция не прошла
2025-06-10 23:43:01,330 - INFO - bot.services.product_registry - [ProductRegistry] Создание продукта в смарт-контракте с CID: QmcCqsvoF2XZSBbwQoBRbMvyTWNYe2fq6r4kv9VE2shxSD
2025-06-10 23:43:01,330 - INFO - bot.services.blockchain - [BlockchainService] Создание продукта с CID: QmcCqsvoF2XZSBbwQoBRbMvyTWNYe2fq6r4kv9VE2shxSD
2025-06-10 23:43:01,332 - INFO - bot.services.blockchain - [Web3] [TX] account.address: 0x70997970C51812dc3A010C7d01b50e0d17dc79C8
2025-06-10 23:43:01,332 - INFO - bot.services.blockchain - [Web3] [TX] func: <Function createProduct(string)>, args: ('QmcCqsvoF2XZSBbwQoBRbMvyTWNYe2fq6r4kv9VE2shxSD',), kwargs: {}
2025-06-10 23:43:01,333 - ERROR - bot.services.blockchain - [Web3] Ошибка в transact_contract_function: 'BlockchainService' object has no attribute 'chain_id'
2025-06-10 23:43:01,333 - ERROR - bot.services.product_registry - [ProductRegistry] Ошибка создания продукта: Транзакция не прошла
2025-06-10 23:43:01,333 - ERROR - __main__ - ❌ Ошибка загрузки продукта aspen_bark_dried_strips: Транзакция не прошла
2025-06-10 23:43:01,333 - INFO - bot.services.product_registry - [ProductRegistry] Создание продукта в смарт-контракте с CID: Qmb7s7cjpqYzKhwRFwwmnYkKZYmQgrzWYKwRHFkPHd6pVN
2025-06-10 23:43:01,333 - INFO - bot.services.blockchain - [BlockchainService] Создание продукта с CID: Qmb7s7cjpqYzKhwRFwwmnYkKZYmQgrzWYKwRHFkPHd6pVN
2025-06-10 23:43:01,335 - INFO - bot.services.blockchain - [Web3] [TX] account.address: 0x70997970C51812dc3A010C7d01b50e0d17dc79C8
2025-06-10 23:43:01,335 - INFO - bot.services.blockchain - [Web3] [TX] func: <Function createProduct(string)>, args: ('Qmb7s7cjpqYzKhwRFwwmnYkKZYmQgrzWYKwRHFkPHd6pVN',), kwargs: {}
2025-06-10 23:43:01,335 - ERROR - bot.services.blockchain - [Web3] Ошибка в transact_contract_function: 'BlockchainService' object has no attribute 'chain_id'
2025-06-10 23:43:01,335 - ERROR - bot.services.product_registry - [ProductRegistry] Ошибка создания продукта: Транзакция не прошла
2025-06-10 23:43:01,335 - ERROR - __main__ - ❌ Ошибка загрузки продукта lions_mane_powder: Транзакция не прошла
2025-06-10 23:43:01,335 - INFO - bot.services.product_registry - [ProductRegistry] Создание продукта в смарт-контракте с CID: QmTnLDtj1k8mHCPQs8v54xDrBUgNsmmjHAMtNzaVVi9oNa
2025-06-10 23:43:01,336 - INFO - bot.services.blockchain - [BlockchainService] Создание продукта с CID: QmTnLDtj1k8mHCPQs8v54xDrBUgNsmmjHAMtNzaVVi9oNa
2025-06-10 23:43:01,338 - INFO - bot.services.blockchain - [Web3] [TX] account.address: 0x70997970C51812dc3A010C7d01b50e0d17dc79C8
2025-06-10 23:43:01,338 - INFO - bot.services.blockchain - [Web3] [TX] func: <Function createProduct(string)>, args: ('QmTnLDtj1k8mHCPQs8v54xDrBUgNsmmjHAMtNzaVVi9oNa',), kwargs: {}
2025-06-10 23:43:01,339 - ERROR - bot.services.blockchain - [Web3] Ошибка в transact_contract_function: 'BlockchainService' object has no attribute 'chain_id'
2025-06-10 23:43:01,339 - ERROR - bot.services.product_registry - [ProductRegistry] Ошибка создания продукта: Транзакция не прошла
2025-06-10 23:43:01,339 - ERROR - __main__ - ❌ Ошибка загрузки продукта Lion's Mane mushroom — whole dried: Транзакция не прошла
2025-06-10 23:43:01,342 - INFO - __main__ - 📊 Итоги загрузки:
2025-06-10 23:43:01,342 - INFO - __main__ - ✅ Успешно загружено: 17
2025-06-10 23:43:01,342 - INFO - __main__ - ❌ Ошибок: 17
2025-06-10 23:43:01,342 - INFO - __main__ - 🔍 Детали ошибок:
2025-06-10 23:43:01,342 - ERROR - __main__ -   - Продукт amanita1: Транзакция не прошла
2025-06-10 23:43:01,342 - ERROR - __main__ -   - Продукт amanita_closed_cups: Транзакция не прошла
2025-06-10 23:43:01,342 - ERROR - __main__ -   - Продукт amanita_broken_closed_cups: Транзакция не прошла
2025-06-10 23:43:01,342 - ERROR - __main__ -   - Продукт amanita_lux: Транзакция не прошла
2025-06-10 23:43:01,342 - ERROR - __main__ -   - Продукт amanita_pantherina_whole: Транзакция не прошла
2025-06-10 23:43:01,342 - ERROR - __main__ -   - Продукт amanita_pantherina_powder: Транзакция не прошла
2025-06-10 23:43:01,342 - ERROR - __main__ -   - Продукт amanita_tincture: Транзакция не прошла
2025-06-10 23:43:01,342 - ERROR - __main__ -   - Продукт blue_lotus_tincture: Транзакция не прошла
2025-06-10 23:43:01,342 - ERROR - __main__ -   - Продукт blue_lotus_flowers: Транзакция не прошла
2025-06-10 23:43:01,342 - ERROR - __main__ -   - Продукт chaga_chunks: Транзакция не прошла
2025-06-10 23:43:01,342 - ERROR - __main__ -   - Продукт cordyceps_militaris_powder: Транзакция не прошла
2025-06-10 23:43:01,342 - ERROR - __main__ -   - Продукт cordyceps_militaris_dried_bodies: Транзакция не прошла
2025-06-10 23:43:01,342 - ERROR - __main__ -   - Продукт chanterelle_dried: Транзакция не прошла
2025-06-10 23:43:01,342 - ERROR - __main__ -   - Продукт chanterelle_powder: Транзакция не прошла
2025-06-10 23:43:01,342 - ERROR - __main__ -   - Продукт aspen_bark_dried_strips: Транзакция не прошла
2025-06-10 23:43:01,342 - ERROR - __main__ -   - Продукт lions_mane_powder: Транзакция не прошла
2025-06-10 23:43:01,342 - ERROR - __main__ -   - Продукт Lion's Mane mushroom — whole dried: Транзакция не прошла
2025-06-10 23:43:01,342 - ERROR - __main__ - ❌ Процесс завершился с ошибками
2025-06-10 23:50:59,467 - INFO - __main__ - 🚀 Запуск загрузки продуктов в смарт-контракт
2025-06-10 23:50:59,468 - INFO - __main__ - 📦 Загрузка данных из JSON...
2025-06-10 23:50:59,468 - INFO - __main__ - 📦 Загружено 17 продуктов
2025-06-10 23:50:59,468 - INFO - __main__ - 📝 Загрузка продуктов в реестр...
2025-06-10 23:50:59,468 - INFO - bot.services.product_registry - [ProductRegistry] Создание продукта в смарт-контракте с CID: QmeGq712hKBE5jH3DqMnUax1mwfYAxg3pinM9Kk4aRCH7z
2025-06-10 23:50:59,468 - INFO - bot.services.blockchain - [BlockchainService] Создание продукта с CID: QmeGq712hKBE5jH3DqMnUax1mwfYAxg3pinM9Kk4aRCH7z
2025-06-10 23:50:59,470 - INFO - bot.services.blockchain - [Web3] [TX] account.address: 0x70997970C51812dc3A010C7d01b50e0d17dc79C8
2025-06-10 23:50:59,470 - INFO - bot.services.blockchain - [Web3] [TX] func: <Function createProduct(string)>, args: ('QmeGq712hKBE5jH3DqMnUax1mwfYAxg3pinM9Kk4aRCH7z',), kwargs: {}
2025-06-10 23:50:59,475 - INFO - bot.services.blockchain - [Web3] [TX] txn (build_transaction): {'value': 0, 'chainId': 31337, 'from': '0x70997970C51812dc3A010C7d01b50e0d17dc79C8', 'nonce': 43, 'gas': 2000000, 'gasPrice': 1001317492, 'to': '0xDc64a140Aa3E981100a9becA4E685f962f0cF6C9', 'data': '0x02ec06be0000000000000000000000000000000000000000000000000000000000000020000000000000000000000000000000000000000000000000000000000000002e516d654771373132684b4245356a483344714d6e556178316d7766594178673370696e4d394b6b3461524348377a000000000000000000000000000000000000'}
2025-06-10 23:50:59,479 - INFO - bot.services.blockchain - [Web3] [TX] signed_txn: SignedTransaction(raw_transaction=HexBytes('0xf8eb2b843baee474831e848094dc64a140aa3e981100a9beca4e685f962f0cf6c980b88402ec06be0000000000000000000000000000000000000000000000000000000000000020000000000000000000000000000000000000000000000000000000000000002e516d654771373132684b4245356a483344714d6e556178316d7766594178673370696e4d394b6b3461524348377a00000000000000000000000000000000000082f4f6a0a7ba08b0fcd0632fb7a9cb35356d913f3e7ec9e04170a6494f76ebfdf1435744a04a87fb1bfd9c04fd8302ed8805d680f8163ced56513c2fac874480012cea1b60'), hash=HexBytes('0xe61e8bed141f3232803ff98f1c7d471b462a7607003424f233c6ccb901a154a2'), r=75864939253000077210521218348507078756689278593028425876714340479320635692868, s=33711408241866591557649456042036024115672438839728780521568265893959155981152, v=62710), type: <class 'eth_account.datastructures.SignedTransaction'>
2025-06-10 23:50:59,489 - INFO - bot.services.blockchain - [Web3] [TX] tx_hash: b'\xe6\x1e\x8b\xed\x14\x1f22\x80?\xf9\x8f\x1c}G\x1bF*v\x07\x004$\xf23\xc6\xcc\xb9\x01\xa1T\xa2', type: <class 'hexbytes.main.HexBytes'>
2025-06-10 23:50:59,494 - INFO - bot.services.blockchain - [Web3] Транзакция ProductRegistry.createProduct отправлена: e61e8bed141f3232803ff98f1c7d471b462a7607003424f233c6ccb901a154a2
2025-06-10 23:50:59,495 - INFO - bot.services.product_registry - [ProductRegistry] Продукт успешно создан. Хэш транзакции: e61e8bed141f3232803ff98f1c7d471b462a7607003424f233c6ccb901a154a2
2025-06-10 23:50:59,495 - INFO - __main__ - ✅ Продукт amanita1 успешно загружен в смарт контракт. TX: e61e8bed141f3232803ff98f1c7d471b462a7607003424f233c6ccb901a154a2
2025-06-10 23:50:59,495 - INFO - bot.services.product_registry - [ProductRegistry] Создание продукта в смарт-контракте с CID: QmdhoN7QQXzwfv9HG86xGNDHjUJnFeMDbbegoXnu4T8ZdU
2025-06-10 23:50:59,495 - INFO - bot.services.blockchain - [BlockchainService] Создание продукта с CID: QmdhoN7QQXzwfv9HG86xGNDHjUJnFeMDbbegoXnu4T8ZdU
2025-06-10 23:50:59,497 - INFO - bot.services.blockchain - [Web3] [TX] account.address: 0x70997970C51812dc3A010C7d01b50e0d17dc79C8
2025-06-10 23:50:59,497 - INFO - bot.services.blockchain - [Web3] [TX] func: <Function createProduct(string)>, args: ('QmdhoN7QQXzwfv9HG86xGNDHjUJnFeMDbbegoXnu4T8ZdU',), kwargs: {}
2025-06-10 23:50:59,503 - INFO - bot.services.blockchain - [Web3] [TX] txn (build_transaction): {'value': 0, 'chainId': 31337, 'from': '0x70997970C51812dc3A010C7d01b50e0d17dc79C8', 'nonce': 44, 'gas': 2000000, 'gasPrice': 1001155506, 'to': '0xDc64a140Aa3E981100a9becA4E685f962f0cF6C9', 'data': '0x02ec06be0000000000000000000000000000000000000000000000000000000000000020000000000000000000000000000000000000000000000000000000000000002e516d64686f4e375151587a776676394847383678474e44486a554a6e46654d44626265676f586e753454385a6455000000000000000000000000000000000000'}
2025-06-10 23:50:59,508 - INFO - bot.services.blockchain - [Web3] [TX] signed_txn: SignedTransaction(raw_transaction=HexBytes('0xf8eb2c843bac6bb2831e848094dc64a140aa3e981100a9beca4e685f962f0cf6c980b88402ec06be0000000000000000000000000000000000000000000000000000000000000020000000000000000000000000000000000000000000000000000000000000002e516d64686f4e375151587a776676394847383678474e44486a554a6e46654d44626265676f586e753454385a645500000000000000000000000000000000000082f4f5a09d868be7ab79a4fd4d05c77c5482b687abab4af76d35d3be04d802d6bcf369dca03a547fe8dabb0de16812541a38831fee481c8136bb1957c3aa45d1431169b529'), hash=HexBytes('0xbe4ee3b46a262712d4877f4e5d7a89dc5007cdd46aef0f236123ad53bd30dce6'), r=71250840322801453990957131997110247461792869094198173727728152361940875962844, s=26383443170799533216781761873266089983972131837702885508000908835258779677993, v=62709), type: <class 'eth_account.datastructures.SignedTransaction'>
2025-06-10 23:50:59,513 - INFO - bot.services.blockchain - [Web3] [TX] tx_hash: b"\xbeN\xe3\xb4j&'\x12\xd4\x87\x7fN]z\x89\xdcP\x07\xcd\xd4j\xef\x0f#a#\xadS\xbd0\xdc\xe6", type: <class 'hexbytes.main.HexBytes'>
2025-06-10 23:50:59,516 - INFO - bot.services.blockchain - [Web3] Транзакция ProductRegistry.createProduct отправлена: be4ee3b46a262712d4877f4e5d7a89dc5007cdd46aef0f236123ad53bd30dce6
2025-06-10 23:50:59,516 - INFO - bot.services.product_registry - [ProductRegistry] Продукт успешно создан. Хэш транзакции: be4ee3b46a262712d4877f4e5d7a89dc5007cdd46aef0f236123ad53bd30dce6
2025-06-10 23:50:59,516 - INFO - __main__ - ✅ Продукт amanita_closed_cups успешно загружен в смарт контракт. TX: be4ee3b46a262712d4877f4e5d7a89dc5007cdd46aef0f236123ad53bd30dce6
2025-06-10 23:50:59,516 - INFO - bot.services.product_registry - [ProductRegistry] Создание продукта в смарт-контракте с CID: QmU1o4AZahdrYTwPA8RyLyRm5MopcQ9PH8sWp8PuZMmMTb
2025-06-10 23:50:59,516 - INFO - bot.services.blockchain - [BlockchainService] Создание продукта с CID: QmU1o4AZahdrYTwPA8RyLyRm5MopcQ9PH8sWp8PuZMmMTb
2025-06-10 23:50:59,519 - INFO - bot.services.blockchain - [Web3] [TX] account.address: 0x70997970C51812dc3A010C7d01b50e0d17dc79C8
2025-06-10 23:50:59,519 - INFO - bot.services.blockchain - [Web3] [TX] func: <Function createProduct(string)>, args: ('QmU1o4AZahdrYTwPA8RyLyRm5MopcQ9PH8sWp8PuZMmMTb',), kwargs: {}
2025-06-10 23:50:59,522 - INFO - bot.services.blockchain - [Web3] [TX] txn (build_transaction): {'value': 0, 'chainId': 31337, 'from': '0x70997970C51812dc3A010C7d01b50e0d17dc79C8', 'nonce': 45, 'gas': 2000000, 'gasPrice': 1001013437, 'to': '0xDc64a140Aa3E981100a9becA4E685f962f0cF6C9', 'data': '0x02ec06be0000000000000000000000000000000000000000000000000000000000000020000000000000000000000000000000000000000000000000000000000000002e516d55316f34415a6168647259547750413852794c79526d354d6f706351395048387357703850755a4d6d4d5462000000000000000000000000000000000000'}
2025-06-10 23:50:59,527 - INFO - bot.services.blockchain - [Web3] [TX] signed_txn: SignedTransaction(raw_transaction=HexBytes('0xf8eb2d843baa40bd831e848094dc64a140aa3e981100a9beca4e685f962f0cf6c980b88402ec06be0000000000000000000000000000000000000000000000000000000000000020000000000000000000000000000000000000000000000000000000000000002e516d55316f34415a6168647259547750413852794c79526d354d6f706351395048387357703850755a4d6d4d546200000000000000000000000000000000000082f4f5a09613b3add1822d948826df2a513a135c636f6e863cf2a2078edc033ed393f340a07836f18d46090c93eddc088817346510d4db03527d22c4ef9684662d19271232'), hash=HexBytes('0x3960cef5512e5acbaf0760328be26abb5c478b5a4c4b0743553630c35b90f107'), r=67881737480451417587642215157647195560379332932702828428457802453989530530624, s=54374618701087638966585140200951407528837647699893715533859544042791038816818, v=62709), type: <class 'eth_account.datastructures.SignedTransaction'>
2025-06-10 23:50:59,531 - INFO - bot.services.blockchain - [Web3] [TX] tx_hash: b'9`\xce\xf5Q.Z\xcb\xaf\x07`2\x8b\xe2j\xbb\\G\x8bZLK\x07CU60\xc3[\x90\xf1\x07', type: <class 'hexbytes.main.HexBytes'>
2025-06-10 23:50:59,535 - INFO - bot.services.blockchain - [Web3] Транзакция ProductRegistry.createProduct отправлена: 3960cef5512e5acbaf0760328be26abb5c478b5a4c4b0743553630c35b90f107
2025-06-10 23:50:59,535 - INFO - bot.services.product_registry - [ProductRegistry] Продукт успешно создан. Хэш транзакции: 3960cef5512e5acbaf0760328be26abb5c478b5a4c4b0743553630c35b90f107
2025-06-10 23:50:59,535 - INFO - __main__ - ✅ Продукт amanita_broken_closed_cups успешно загружен в смарт контракт. TX: 3960cef5512e5acbaf0760328be26abb5c478b5a4c4b0743553630c35b90f107
2025-06-10 23:50:59,535 - INFO - bot.services.product_registry - [ProductRegistry] Создание продукта в смарт-контракте с CID: QmSrLZMi3XRmPvzYVe9pNCZLqYbjSthgg792s26cyPBhcX
2025-06-10 23:50:59,535 - INFO - bot.services.blockchain - [BlockchainService] Создание продукта с CID: QmSrLZMi3XRmPvzYVe9pNCZLqYbjSthgg792s26cyPBhcX
2025-06-10 23:50:59,537 - INFO - bot.services.blockchain - [Web3] [TX] account.address: 0x70997970C51812dc3A010C7d01b50e0d17dc79C8
2025-06-10 23:50:59,537 - INFO - bot.services.blockchain - [Web3] [TX] func: <Function createProduct(string)>, args: ('QmSrLZMi3XRmPvzYVe9pNCZLqYbjSthgg792s26cyPBhcX',), kwargs: {}
2025-06-10 23:50:59,543 - INFO - bot.services.blockchain - [Web3] [TX] txn (build_transaction): {'value': 0, 'chainId': 31337, 'from': '0x70997970C51812dc3A010C7d01b50e0d17dc79C8', 'nonce': 46, 'gas': 2000000, 'gasPrice': 1000888835, 'to': '0xDc64a140Aa3E981100a9becA4E685f962f0cF6C9', 'data': '0x02ec06be0000000000000000000000000000000000000000000000000000000000000020000000000000000000000000000000000000000000000000000000000000002e516d53724c5a4d693358526d50767a59566539704e435a4c7159626a537468676737393273323663795042686358000000000000000000000000000000000000'}
2025-06-10 23:50:59,547 - INFO - bot.services.blockchain - [Web3] [TX] signed_txn: SignedTransaction(raw_transaction=HexBytes('0xf8eb2e843ba85a03831e848094dc64a140aa3e981100a9beca4e685f962f0cf6c980b88402ec06be0000000000000000000000000000000000000000000000000000000000000020000000000000000000000000000000000000000000000000000000000000002e516d53724c5a4d693358526d50767a59566539704e435a4c7159626a53746867673739327332366379504268635800000000000000000000000000000000000082f4f5a0314c7196929e46c38c0d1b1a3e8f3ac38640575be1b4638365de7824aef1e4dca072ca82642f7313851e68c5e60b8579d5ada6fda62789196b6ba141d754eac3df'), hash=HexBytes('0x9ebb5bd5bc16647a8c2690c9ebe141853065298dae39712408b0788a17243a94'), r=22298393914273103372400682517545578169040998816352457032598984932777027298524, s=51921467773594368729359303640845868672632119793929961380541629190729773007839, v=62709), type: <class 'eth_account.datastructures.SignedTransaction'>
2025-06-10 23:50:59,550 - INFO - bot.services.blockchain - [Web3] [TX] tx_hash: b'\x9e\xbb[\xd5\xbc\x16dz\x8c&\x90\xc9\xeb\xe1A\x850e)\x8d\xae9q$\x08\xb0x\x8a\x17$:\x94', type: <class 'hexbytes.main.HexBytes'>
2025-06-10 23:50:59,553 - INFO - bot.services.blockchain - [Web3] Транзакция ProductRegistry.createProduct отправлена: 9ebb5bd5bc16647a8c2690c9ebe141853065298dae39712408b0788a17243a94
2025-06-10 23:50:59,553 - INFO - bot.services.product_registry - [ProductRegistry] Продукт успешно создан. Хэш транзакции: 9ebb5bd5bc16647a8c2690c9ebe141853065298dae39712408b0788a17243a94
2025-06-10 23:50:59,553 - INFO - __main__ - ✅ Продукт amanita_lux успешно загружен в смарт контракт. TX: 9ebb5bd5bc16647a8c2690c9ebe141853065298dae39712408b0788a17243a94
2025-06-10 23:50:59,553 - INFO - bot.services.product_registry - [ProductRegistry] Создание продукта в смарт-контракте с CID: QmRzWvsnjY1s8Y7NDM3VS661mwZNNi5TpFFefC2Tg91zZ5
2025-06-10 23:50:59,553 - INFO - bot.services.blockchain - [BlockchainService] Создание продукта с CID: QmRzWvsnjY1s8Y7NDM3VS661mwZNNi5TpFFefC2Tg91zZ5
2025-06-10 23:50:59,555 - INFO - bot.services.blockchain - [Web3] [TX] account.address: 0x70997970C51812dc3A010C7d01b50e0d17dc79C8
2025-06-10 23:50:59,555 - INFO - bot.services.blockchain - [Web3] [TX] func: <Function createProduct(string)>, args: ('QmRzWvsnjY1s8Y7NDM3VS661mwZNNi5TpFFefC2Tg91zZ5',), kwargs: {}
2025-06-10 23:50:59,559 - INFO - bot.services.blockchain - [Web3] [TX] txn (build_transaction): {'value': 0, 'chainId': 31337, 'from': '0x70997970C51812dc3A010C7d01b50e0d17dc79C8', 'nonce': 47, 'gas': 2000000, 'gasPrice': 1000779553, 'to': '0xDc64a140Aa3E981100a9becA4E685f962f0cF6C9', 'data': '0x02ec06be0000000000000000000000000000000000000000000000000000000000000020000000000000000000000000000000000000000000000000000000000000002e516d527a5776736e6a5931733859374e444d3356533636316d775a4e4e69355470464665664332546739317a5a35000000000000000000000000000000000000'}
2025-06-10 23:50:59,563 - INFO - bot.services.blockchain - [Web3] [TX] signed_txn: SignedTransaction(raw_transaction=HexBytes('0xf8eb2f843ba6af21831e848094dc64a140aa3e981100a9beca4e685f962f0cf6c980b88402ec06be0000000000000000000000000000000000000000000000000000000000000020000000000000000000000000000000000000000000000000000000000000002e516d527a5776736e6a5931733859374e444d3356533636316d775a4e4e69355470464665664332546739317a5a3500000000000000000000000000000000000082f4f5a039a2aa0630209b4cf4c472ea90dc01b3e96556b89c3c392a65ead481633e2f8ba01cfe2c1763ccddda2b9dc2395aa2492cacd761a027609be31937d1640f640326'), hash=HexBytes('0xeec09c99667fbaabbd039a4bec7a234417f3e3f55ec21d0acea03ac6097e60a0'), r=26069235057447320392427259302375654762207646548364789711113738498044818501515, s=13113843222213394733834566211955133937153828417219227941385710693630882349862, v=62709), type: <class 'eth_account.datastructures.SignedTransaction'>
2025-06-10 23:50:59,571 - INFO - bot.services.blockchain - [Web3] [TX] tx_hash: b'\xee\xc0\x9c\x99f\x7f\xba\xab\xbd\x03\x9aK\xecz#D\x17\xf3\xe3\xf5^\xc2\x1d\n\xce\xa0:\xc6\t~`\xa0', type: <class 'hexbytes.main.HexBytes'>
2025-06-10 23:50:59,578 - INFO - bot.services.blockchain - [Web3] Транзакция ProductRegistry.createProduct отправлена: eec09c99667fbaabbd039a4bec7a234417f3e3f55ec21d0acea03ac6097e60a0
2025-06-10 23:50:59,578 - INFO - bot.services.product_registry - [ProductRegistry] Продукт успешно создан. Хэш транзакции: eec09c99667fbaabbd039a4bec7a234417f3e3f55ec21d0acea03ac6097e60a0
2025-06-10 23:50:59,578 - INFO - __main__ - ✅ Продукт amanita_pantherina_whole успешно загружен в смарт контракт. TX: eec09c99667fbaabbd039a4bec7a234417f3e3f55ec21d0acea03ac6097e60a0
2025-06-10 23:50:59,578 - INFO - bot.services.product_registry - [ProductRegistry] Создание продукта в смарт-контракте с CID: QmaJ1Mz3SsrWzwQ2ijPaxQeaowDLVrLHLSoEADUwSFyTrp
2025-06-10 23:50:59,578 - INFO - bot.services.blockchain - [BlockchainService] Создание продукта с CID: QmaJ1Mz3SsrWzwQ2ijPaxQeaowDLVrLHLSoEADUwSFyTrp
2025-06-10 23:50:59,580 - INFO - bot.services.blockchain - [Web3] [TX] account.address: 0x70997970C51812dc3A010C7d01b50e0d17dc79C8
2025-06-10 23:50:59,580 - INFO - bot.services.blockchain - [Web3] [TX] func: <Function createProduct(string)>, args: ('QmaJ1Mz3SsrWzwQ2ijPaxQeaowDLVrLHLSoEADUwSFyTrp',), kwargs: {}
2025-06-10 23:50:59,583 - INFO - bot.services.blockchain - [Web3] [TX] txn (build_transaction): {'value': 0, 'chainId': 31337, 'from': '0x70997970C51812dc3A010C7d01b50e0d17dc79C8', 'nonce': 48, 'gas': 2000000, 'gasPrice': 1000683707, 'to': '0xDc64a140Aa3E981100a9becA4E685f962f0cF6C9', 'data': '0x02ec06be0000000000000000000000000000000000000000000000000000000000000020000000000000000000000000000000000000000000000000000000000000002e516d614a314d7a33537372577a775132696a5061785165616f77444c56724c484c536f4541445577534679547270000000000000000000000000000000000000'}
2025-06-10 23:50:59,587 - INFO - bot.services.blockchain - [Web3] [TX] signed_txn: SignedTransaction(raw_transaction=HexBytes('0xf8eb30843ba538bb831e848094dc64a140aa3e981100a9beca4e685f962f0cf6c980b88402ec06be0000000000000000000000000000000000000000000000000000000000000020000000000000000000000000000000000000000000000000000000000000002e516d614a314d7a33537372577a775132696a5061785165616f77444c56724c484c536f454144557753467954727000000000000000000000000000000000000082f4f5a048365f9c9445c84bd1000535f129be6444871690315c1a2c9505f6e246bdec71a01d336b3fd40867c7cedb7c090d6a2cd724add3118c6a175cd921519d3a5e13cd'), hash=HexBytes('0xdbb7c12c91ab36ae89c858c819fe16e6162b702da83022b3391f532bba9d9e1a'), r=32662594726762763879812855294384081167971488666051125162568807731184843746417, s=13207922016883833096133409153490961026711491747165007557907777751292783236045, v=62709), type: <class 'eth_account.datastructures.SignedTransaction'>
2025-06-10 23:50:59,592 - INFO - bot.services.blockchain - [Web3] [TX] tx_hash: b'\xdb\xb7\xc1,\x91\xab6\xae\x89\xc8X\xc8\x19\xfe\x16\xe6\x16+p-\xa80"\xb39\x1fS+\xba\x9d\x9e\x1a', type: <class 'hexbytes.main.HexBytes'>
2025-06-10 23:50:59,594 - INFO - bot.services.blockchain - [Web3] Транзакция ProductRegistry.createProduct отправлена: dbb7c12c91ab36ae89c858c819fe16e6162b702da83022b3391f532bba9d9e1a
2025-06-10 23:50:59,594 - INFO - bot.services.product_registry - [ProductRegistry] Продукт успешно создан. Хэш транзакции: dbb7c12c91ab36ae89c858c819fe16e6162b702da83022b3391f532bba9d9e1a
2025-06-10 23:50:59,594 - INFO - __main__ - ✅ Продукт amanita_pantherina_powder успешно загружен в смарт контракт. TX: dbb7c12c91ab36ae89c858c819fe16e6162b702da83022b3391f532bba9d9e1a
2025-06-10 23:50:59,594 - INFO - bot.services.product_registry - [ProductRegistry] Создание продукта в смарт-контракте с CID: QmVer4ycsDwFA4um8ngosoASW8toPeSsTs9BfVXJciAU89
2025-06-10 23:50:59,594 - INFO - bot.services.blockchain - [BlockchainService] Создание продукта с CID: QmVer4ycsDwFA4um8ngosoASW8toPeSsTs9BfVXJciAU89
2025-06-10 23:50:59,597 - INFO - bot.services.blockchain - [Web3] [TX] account.address: 0x70997970C51812dc3A010C7d01b50e0d17dc79C8
2025-06-10 23:50:59,597 - INFO - bot.services.blockchain - [Web3] [TX] func: <Function createProduct(string)>, args: ('QmVer4ycsDwFA4um8ngosoASW8toPeSsTs9BfVXJciAU89',), kwargs: {}
2025-06-10 23:50:59,599 - INFO - bot.services.blockchain - [Web3] [TX] txn (build_transaction): {'value': 0, 'chainId': 31337, 'from': '0x70997970C51812dc3A010C7d01b50e0d17dc79C8', 'nonce': 49, 'gas': 2000000, 'gasPrice': 1000599645, 'to': '0xDc64a140Aa3E981100a9becA4E685f962f0cF6C9', 'data': '0x02ec06be0000000000000000000000000000000000000000000000000000000000000020000000000000000000000000000000000000000000000000000000000000002e516d566572347963734477464134756d386e676f736f41535738746f50655373547339426656584a636941553839000000000000000000000000000000000000'}
2025-06-10 23:50:59,604 - INFO - bot.services.blockchain - [Web3] [TX] signed_txn: SignedTransaction(raw_transaction=HexBytes('0xf8eb31843ba3f05d831e848094dc64a140aa3e981100a9beca4e685f962f0cf6c980b88402ec06be0000000000000000000000000000000000000000000000000000000000000020000000000000000000000000000000000000000000000000000000000000002e516d566572347963734477464134756d386e676f736f41535738746f50655373547339426656584a63694155383900000000000000000000000000000000000082f4f6a0fbf6cb38af732007aee010ce527f212c1847ec52cc1cbf28cd1c5a6b29b4c3a0a015903d17bf3a75d60989d893c346482a545365cced382afdd441ada58e06a173'), hash=HexBytes('0x9cce8c85a51f0d1c7f223452c61afe375b7ca77e606b2b3a8d7c1dd5a7ea97cf'), r=113966571955077768639932082742149583266237774112693032704666323013191607829408, s=9753417444321305948215963205178819563690560570286228004533680967964514754931, v=62710), type: <class 'eth_account.datastructures.SignedTransaction'>
2025-06-10 23:50:59,606 - INFO - bot.services.blockchain - [Web3] [TX] tx_hash: b'\x9c\xce\x8c\x85\xa5\x1f\r\x1c\x7f"4R\xc6\x1a\xfe7[|\xa7~`k+:\x8d|\x1d\xd5\xa7\xea\x97\xcf', type: <class 'hexbytes.main.HexBytes'>
2025-06-10 23:50:59,608 - INFO - bot.services.blockchain - [Web3] Транзакция ProductRegistry.createProduct отправлена: 9cce8c85a51f0d1c7f223452c61afe375b7ca77e606b2b3a8d7c1dd5a7ea97cf
2025-06-10 23:50:59,608 - INFO - bot.services.product_registry - [ProductRegistry] Продукт успешно создан. Хэш транзакции: 9cce8c85a51f0d1c7f223452c61afe375b7ca77e606b2b3a8d7c1dd5a7ea97cf
2025-06-10 23:50:59,608 - INFO - __main__ - ✅ Продукт amanita_tincture успешно загружен в смарт контракт. TX: 9cce8c85a51f0d1c7f223452c61afe375b7ca77e606b2b3a8d7c1dd5a7ea97cf
2025-06-10 23:50:59,608 - INFO - bot.services.product_registry - [ProductRegistry] Создание продукта в смарт-контракте с CID: QmRiYSSFi9feAMuHrHANsSVupLx6e1jGUS7VZ33Xz6pDqr
2025-06-10 23:50:59,608 - INFO - bot.services.blockchain - [BlockchainService] Создание продукта с CID: QmRiYSSFi9feAMuHrHANsSVupLx6e1jGUS7VZ33Xz6pDqr
2025-06-10 23:50:59,610 - INFO - bot.services.blockchain - [Web3] [TX] account.address: 0x70997970C51812dc3A010C7d01b50e0d17dc79C8
2025-06-10 23:50:59,610 - INFO - bot.services.blockchain - [Web3] [TX] func: <Function createProduct(string)>, args: ('QmRiYSSFi9feAMuHrHANsSVupLx6e1jGUS7VZ33Xz6pDqr',), kwargs: {}
2025-06-10 23:50:59,613 - INFO - bot.services.blockchain - [Web3] [TX] txn (build_transaction): {'value': 0, 'chainId': 31337, 'from': '0x70997970C51812dc3A010C7d01b50e0d17dc79C8', 'nonce': 50, 'gas': 2000000, 'gasPrice': 1000525919, 'to': '0xDc64a140Aa3E981100a9becA4E685f962f0cF6C9', 'data': '0x02ec06be0000000000000000000000000000000000000000000000000000000000000020000000000000000000000000000000000000000000000000000000000000002e516d52695953534669396665414d75487248414e73535675704c783665316a47555337565a3333587a3670447172000000000000000000000000000000000000'}
2025-06-10 23:50:59,617 - INFO - bot.services.blockchain - [Web3] [TX] signed_txn: SignedTransaction(raw_transaction=HexBytes('0xf8eb32843ba2d05f831e848094dc64a140aa3e981100a9beca4e685f962f0cf6c980b88402ec06be0000000000000000000000000000000000000000000000000000000000000020000000000000000000000000000000000000000000000000000000000000002e516d52695953534669396665414d75487248414e73535675704c783665316a47555337565a3333587a367044717200000000000000000000000000000000000082f4f6a09280179d41e6895f511bf9c9424b928ebe2467a04d62a2dc2a731b0c7c8da3d5a042ee3be5c6f12a6a81ce240c272fdfdf1d20cbb2014f71f4c7d4ab52df37997f'), hash=HexBytes('0xf69e2d82259d90f0e2553fcdf635ddad841969878c2c0d84d4899a1d08bcd2cd'), r=66263995297266265041637256819447702378102499584931497070747453840616632198101, s=30273571005726128083746574629275505715125641472373533510603812930758894918015, v=62710), type: <class 'eth_account.datastructures.SignedTransaction'>
2025-06-10 23:50:59,620 - INFO - bot.services.blockchain - [Web3] [TX] tx_hash: b'\xf6\x9e-\x82%\x9d\x90\xf0\xe2U?\xcd\xf65\xdd\xad\x84\x19i\x87\x8c,\r\x84\xd4\x89\x9a\x1d\x08\xbc\xd2\xcd', type: <class 'hexbytes.main.HexBytes'>
2025-06-10 23:50:59,622 - INFO - bot.services.blockchain - [Web3] Транзакция ProductRegistry.createProduct отправлена: f69e2d82259d90f0e2553fcdf635ddad841969878c2c0d84d4899a1d08bcd2cd
2025-06-10 23:50:59,622 - INFO - bot.services.product_registry - [ProductRegistry] Продукт успешно создан. Хэш транзакции: f69e2d82259d90f0e2553fcdf635ddad841969878c2c0d84d4899a1d08bcd2cd
2025-06-10 23:50:59,622 - INFO - __main__ - ✅ Продукт blue_lotus_tincture успешно загружен в смарт контракт. TX: f69e2d82259d90f0e2553fcdf635ddad841969878c2c0d84d4899a1d08bcd2cd
2025-06-10 23:50:59,622 - INFO - bot.services.product_registry - [ProductRegistry] Создание продукта в смарт-контракте с CID: QmNeu4EnHW9c5so7EUrkwnXWVDyjXQwRcZMoaT4uNLFE6Z
2025-06-10 23:50:59,623 - INFO - bot.services.blockchain - [BlockchainService] Создание продукта с CID: QmNeu4EnHW9c5so7EUrkwnXWVDyjXQwRcZMoaT4uNLFE6Z
2025-06-10 23:50:59,625 - INFO - bot.services.blockchain - [Web3] [TX] account.address: 0x70997970C51812dc3A010C7d01b50e0d17dc79C8
2025-06-10 23:50:59,625 - INFO - bot.services.blockchain - [Web3] [TX] func: <Function createProduct(string)>, args: ('QmNeu4EnHW9c5so7EUrkwnXWVDyjXQwRcZMoaT4uNLFE6Z',), kwargs: {}
2025-06-10 23:50:59,628 - INFO - bot.services.blockchain - [Web3] [TX] txn (build_transaction): {'value': 0, 'chainId': 31337, 'from': '0x70997970C51812dc3A010C7d01b50e0d17dc79C8', 'nonce': 51, 'gas': 2000000, 'gasPrice': 1000461258, 'to': '0xDc64a140Aa3E981100a9becA4E685f962f0cF6C9', 'data': '0x02ec06be0000000000000000000000000000000000000000000000000000000000000020000000000000000000000000000000000000000000000000000000000000002e516d4e657534456e4857396335736f374555726b776e58575644796a58517752635a4d6f615434754e4c4645365a000000000000000000000000000000000000'}
2025-06-10 23:50:59,632 - INFO - bot.services.blockchain - [Web3] [TX] signed_txn: SignedTransaction(raw_transaction=HexBytes('0xf8eb33843ba1d3ca831e848094dc64a140aa3e981100a9beca4e685f962f0cf6c980b88402ec06be0000000000000000000000000000000000000000000000000000000000000020000000000000000000000000000000000000000000000000000000000000002e516d4e657534456e4857396335736f374555726b776e58575644796a58517752635a4d6f615434754e4c4645365a00000000000000000000000000000000000082f4f6a00af240bfe67bdd427f4d0babad6b4664e6036b5142a8b597e01663c6fdad7d51a053acf00b46c8b7683804b468972728d04f09de9ad846d125e214a9ad36aba37c'), hash=HexBytes('0x59b8cadf935562a95ce47352047f06e7e9b9b0358ada75aed2aed9faa16d434b'), r=4951152360897822812970682441871303561124159205630339117949452002368261291345, s=37847520850690065782159564422410263337875442132955338171206386389000859132796, v=62710), type: <class 'eth_account.datastructures.SignedTransaction'>
2025-06-10 23:50:59,635 - INFO - bot.services.blockchain - [Web3] [TX] tx_hash: b'Y\xb8\xca\xdf\x93Ub\xa9\\\xe4sR\x04\x7f\x06\xe7\xe9\xb9\xb05\x8a\xdau\xae\xd2\xae\xd9\xfa\xa1mCK', type: <class 'hexbytes.main.HexBytes'>
2025-06-10 23:50:59,637 - INFO - bot.services.blockchain - [Web3] Транзакция ProductRegistry.createProduct отправлена: 59b8cadf935562a95ce47352047f06e7e9b9b0358ada75aed2aed9faa16d434b
2025-06-10 23:50:59,637 - INFO - bot.services.product_registry - [ProductRegistry] Продукт успешно создан. Хэш транзакции: 59b8cadf935562a95ce47352047f06e7e9b9b0358ada75aed2aed9faa16d434b
2025-06-10 23:50:59,637 - INFO - __main__ - ✅ Продукт blue_lotus_flowers успешно загружен в смарт контракт. TX: 59b8cadf935562a95ce47352047f06e7e9b9b0358ada75aed2aed9faa16d434b
2025-06-10 23:50:59,637 - INFO - bot.services.product_registry - [ProductRegistry] Создание продукта в смарт-контракте с CID: QmdrnC4rbxLRsfTLSAFgMUpX8QWreS4SMZg2y5nZsa4qs1
2025-06-10 23:50:59,637 - INFO - bot.services.blockchain - [BlockchainService] Создание продукта с CID: QmdrnC4rbxLRsfTLSAFgMUpX8QWreS4SMZg2y5nZsa4qs1
2025-06-10 23:50:59,640 - INFO - bot.services.blockchain - [Web3] [TX] account.address: 0x70997970C51812dc3A010C7d01b50e0d17dc79C8
2025-06-10 23:50:59,640 - INFO - bot.services.blockchain - [Web3] [TX] func: <Function createProduct(string)>, args: ('QmdrnC4rbxLRsfTLSAFgMUpX8QWreS4SMZg2y5nZsa4qs1',), kwargs: {}
2025-06-10 23:50:59,642 - INFO - bot.services.blockchain - [Web3] [TX] txn (build_transaction): {'value': 0, 'chainId': 31337, 'from': '0x70997970C51812dc3A010C7d01b50e0d17dc79C8', 'nonce': 52, 'gas': 2000000, 'gasPrice': 1000404547, 'to': '0xDc64a140Aa3E981100a9becA4E685f962f0cF6C9', 'data': '0x02ec06be0000000000000000000000000000000000000000000000000000000000000020000000000000000000000000000000000000000000000000000000000000002e516d64726e43347262784c527366544c534146674d55705838515772655334534d5a673279356e5a736134717331000000000000000000000000000000000000'}
2025-06-10 23:50:59,647 - INFO - bot.services.blockchain - [Web3] [TX] signed_txn: SignedTransaction(raw_transaction=HexBytes('0xf8eb34843ba0f643831e848094dc64a140aa3e981100a9beca4e685f962f0cf6c980b88402ec06be0000000000000000000000000000000000000000000000000000000000000020000000000000000000000000000000000000000000000000000000000000002e516d64726e43347262784c527366544c534146674d55705838515772655334534d5a673279356e5a73613471733100000000000000000000000000000000000082f4f5a0798833debd465cf7bbebd3420b6dbb67e2c85d8925a453c06f031283bbb6692aa0273a7fd976cded00899b6574afe13230c1c1477866efa9c1f94a3bee99482d07'), hash=HexBytes('0x89b213a36c1482ff15e2c3cbe9327cd9de326e6a62968652a54d7c629c117bed'), r=54970503873489908536653189518523727373702347622098301045560162352722246789418, s=17743560609110567984108376615162030542543641674748555643129911386909086067975, v=62709), type: <class 'eth_account.datastructures.SignedTransaction'>
2025-06-10 23:50:59,649 - INFO - bot.services.blockchain - [Web3] [TX] tx_hash: b'\x89\xb2\x13\xa3l\x14\x82\xff\x15\xe2\xc3\xcb\xe92|\xd9\xde2njb\x96\x86R\xa5M|b\x9c\x11{\xed', type: <class 'hexbytes.main.HexBytes'>
2025-06-10 23:50:59,651 - INFO - bot.services.blockchain - [Web3] Транзакция ProductRegistry.createProduct отправлена: 89b213a36c1482ff15e2c3cbe9327cd9de326e6a62968652a54d7c629c117bed
2025-06-10 23:50:59,651 - INFO - bot.services.product_registry - [ProductRegistry] Продукт успешно создан. Хэш транзакции: 89b213a36c1482ff15e2c3cbe9327cd9de326e6a62968652a54d7c629c117bed
2025-06-10 23:50:59,651 - INFO - __main__ - ✅ Продукт chaga_chunks успешно загружен в смарт контракт. TX: 89b213a36c1482ff15e2c3cbe9327cd9de326e6a62968652a54d7c629c117bed
2025-06-10 23:50:59,651 - INFO - bot.services.product_registry - [ProductRegistry] Создание продукта в смарт-контракте с CID: QmXnknwLebfWJXx44GUVbHFBPt3XboNcfYcMqeNZvUkmZM
2025-06-10 23:50:59,651 - INFO - bot.services.blockchain - [BlockchainService] Создание продукта с CID: QmXnknwLebfWJXx44GUVbHFBPt3XboNcfYcMqeNZvUkmZM
2025-06-10 23:50:59,654 - INFO - bot.services.blockchain - [Web3] [TX] account.address: 0x70997970C51812dc3A010C7d01b50e0d17dc79C8
2025-06-10 23:50:59,654 - INFO - bot.services.blockchain - [Web3] [TX] func: <Function createProduct(string)>, args: ('QmXnknwLebfWJXx44GUVbHFBPt3XboNcfYcMqeNZvUkmZM',), kwargs: {}
2025-06-10 23:50:59,657 - INFO - bot.services.blockchain - [Web3] [TX] txn (build_transaction): {'value': 0, 'chainId': 31337, 'from': '0x70997970C51812dc3A010C7d01b50e0d17dc79C8', 'nonce': 53, 'gas': 2000000, 'gasPrice': 1000354808, 'to': '0xDc64a140Aa3E981100a9becA4E685f962f0cF6C9', 'data': '0x02ec06be0000000000000000000000000000000000000000000000000000000000000020000000000000000000000000000000000000000000000000000000000000002e516d586e6b6e774c656266574a587834344755566248464250743358626f4e636659634d71654e5a76556b6d5a4d000000000000000000000000000000000000'}
2025-06-10 23:50:59,661 - INFO - bot.services.blockchain - [Web3] [TX] signed_txn: SignedTransaction(raw_transaction=HexBytes('0xf8eb35843ba033f8831e848094dc64a140aa3e981100a9beca4e685f962f0cf6c980b88402ec06be0000000000000000000000000000000000000000000000000000000000000020000000000000000000000000000000000000000000000000000000000000002e516d586e6b6e774c656266574a587834344755566248464250743358626f4e636659634d71654e5a76556b6d5a4d00000000000000000000000000000000000082f4f6a0d107e6f6fd06c27a7824f86e08007424d12079c8276d133f34e1d4b962cefd48a03461a9e2efa780c17067d1efc356099f89894bf1d1873871c77e1a4db75d3271'), hash=HexBytes('0x4192edf2b686f4a342886d260d287960520a2c68b391e5bc5b0f368579f2026a'), r=94547347343809556372774212551169617481945405269902349132208424666185956523336, s=23692824804932454283066910305268628204808291048101184578031035428663604359793, v=62710), type: <class 'eth_account.datastructures.SignedTransaction'>
2025-06-10 23:50:59,664 - INFO - bot.services.blockchain - [Web3] [TX] tx_hash: b'A\x92\xed\xf2\xb6\x86\xf4\xa3B\x88m&\r(y`R\n,h\xb3\x91\xe5\xbc[\x0f6\x85y\xf2\x02j', type: <class 'hexbytes.main.HexBytes'>
2025-06-10 23:50:59,666 - INFO - bot.services.blockchain - [Web3] Транзакция ProductRegistry.createProduct отправлена: 4192edf2b686f4a342886d260d287960520a2c68b391e5bc5b0f368579f2026a
2025-06-10 23:50:59,666 - INFO - bot.services.product_registry - [ProductRegistry] Продукт успешно создан. Хэш транзакции: 4192edf2b686f4a342886d260d287960520a2c68b391e5bc5b0f368579f2026a
2025-06-10 23:50:59,666 - INFO - __main__ - ✅ Продукт cordyceps_militaris_powder успешно загружен в смарт контракт. TX: 4192edf2b686f4a342886d260d287960520a2c68b391e5bc5b0f368579f2026a
2025-06-10 23:50:59,666 - INFO - bot.services.product_registry - [ProductRegistry] Создание продукта в смарт-контракте с CID: QmYxPRZD9aYAxY8yV2nnTKY4dmU7vZDtnY2Y9jF487yHQK
2025-06-10 23:50:59,666 - INFO - bot.services.blockchain - [BlockchainService] Создание продукта с CID: QmYxPRZD9aYAxY8yV2nnTKY4dmU7vZDtnY2Y9jF487yHQK
2025-06-10 23:50:59,668 - INFO - bot.services.blockchain - [Web3] [TX] account.address: 0x70997970C51812dc3A010C7d01b50e0d17dc79C8
2025-06-10 23:50:59,668 - INFO - bot.services.blockchain - [Web3] [TX] func: <Function createProduct(string)>, args: ('QmYxPRZD9aYAxY8yV2nnTKY4dmU7vZDtnY2Y9jF487yHQK',), kwargs: {}
2025-06-10 23:50:59,673 - INFO - bot.services.blockchain - [Web3] [TX] txn (build_transaction): {'value': 0, 'chainId': 31337, 'from': '0x70997970C51812dc3A010C7d01b50e0d17dc79C8', 'nonce': 54, 'gas': 2000000, 'gasPrice': 1000311185, 'to': '0xDc64a140Aa3E981100a9becA4E685f962f0cF6C9', 'data': '0x02ec06be0000000000000000000000000000000000000000000000000000000000000020000000000000000000000000000000000000000000000000000000000000002e516d597850525a44396159417859387956326e6e544b5934646d5537765a44746e593259396a463438377948514b000000000000000000000000000000000000'}
2025-06-10 23:50:59,678 - INFO - bot.services.blockchain - [Web3] [TX] signed_txn: SignedTransaction(raw_transaction=HexBytes('0xf8eb36843b9f8991831e848094dc64a140aa3e981100a9beca4e685f962f0cf6c980b88402ec06be0000000000000000000000000000000000000000000000000000000000000020000000000000000000000000000000000000000000000000000000000000002e516d597850525a44396159417859387956326e6e544b5934646d5537765a44746e593259396a463438377948514b00000000000000000000000000000000000082f4f5a0b7578e6dfc597bdc7e65f96ceed1c14fcf5723574adebe7e1b1770ada00a7423a01ab2c0ccd3226b30daeaee57752ad206bc75c662f523c6950676565ec453cca9'), hash=HexBytes('0x22b3f8db268c05f107247360f81573fb13eafd0378ab74c568e3ae054d2db00e'), r=82927949998564408502787533284246231322638438224832304153819260172582588675107, s=12075963498058234975192222728429613366330457724278185185210179686782767189161, v=62709), type: <class 'eth_account.datastructures.SignedTransaction'>
2025-06-10 23:50:59,682 - INFO - bot.services.blockchain - [Web3] [TX] tx_hash: b'"\xb3\xf8\xdb&\x8c\x05\xf1\x07$s`\xf8\x15s\xfb\x13\xea\xfd\x03x\xabt\xc5h\xe3\xae\x05M-\xb0\x0e', type: <class 'hexbytes.main.HexBytes'>
2025-06-10 23:50:59,686 - INFO - bot.services.blockchain - [Web3] Транзакция ProductRegistry.createProduct отправлена: 22b3f8db268c05f107247360f81573fb13eafd0378ab74c568e3ae054d2db00e
2025-06-10 23:50:59,686 - INFO - bot.services.product_registry - [ProductRegistry] Продукт успешно создан. Хэш транзакции: 22b3f8db268c05f107247360f81573fb13eafd0378ab74c568e3ae054d2db00e
2025-06-10 23:50:59,686 - INFO - __main__ - ✅ Продукт cordyceps_militaris_dried_bodies успешно загружен в смарт контракт. TX: 22b3f8db268c05f107247360f81573fb13eafd0378ab74c568e3ae054d2db00e
2025-06-10 23:50:59,686 - INFO - bot.services.product_registry - [ProductRegistry] Создание продукта в смарт-контракте с CID: QmWtDi6u5t5rnmrgxgjbZ5KStwv8YGBzpK1sSxCgjMdZKT
2025-06-10 23:50:59,686 - INFO - bot.services.blockchain - [BlockchainService] Создание продукта с CID: QmWtDi6u5t5rnmrgxgjbZ5KStwv8YGBzpK1sSxCgjMdZKT
2025-06-10 23:50:59,689 - INFO - bot.services.blockchain - [Web3] [TX] account.address: 0x70997970C51812dc3A010C7d01b50e0d17dc79C8
2025-06-10 23:50:59,689 - INFO - bot.services.blockchain - [Web3] [TX] func: <Function createProduct(string)>, args: ('QmWtDi6u5t5rnmrgxgjbZ5KStwv8YGBzpK1sSxCgjMdZKT',), kwargs: {}
2025-06-10 23:50:59,694 - INFO - bot.services.blockchain - [Web3] [TX] txn (build_transaction): {'value': 0, 'chainId': 31337, 'from': '0x70997970C51812dc3A010C7d01b50e0d17dc79C8', 'nonce': 55, 'gas': 2000000, 'gasPrice': 1000272925, 'to': '0xDc64a140Aa3E981100a9becA4E685f962f0cF6C9', 'data': '0x02ec06be0000000000000000000000000000000000000000000000000000000000000020000000000000000000000000000000000000000000000000000000000000002e516d577444693675357435726e6d726778676a625a354b53747776385947427a704b3173537843676a4d645a4b54000000000000000000000000000000000000'}
2025-06-10 23:50:59,700 - INFO - bot.services.blockchain - [Web3] [TX] signed_txn: SignedTransaction(raw_transaction=HexBytes('0xf8eb37843b9ef41d831e848094dc64a140aa3e981100a9beca4e685f962f0cf6c980b88402ec06be0000000000000000000000000000000000000000000000000000000000000020000000000000000000000000000000000000000000000000000000000000002e516d577444693675357435726e6d726778676a625a354b53747776385947427a704b3173537843676a4d645a4b5400000000000000000000000000000000000082f4f6a0037b0d22a7b6dcecc5b5243836c69dfe097535e69d054b6270225c63761e3410a0337310f7f081fadf51ebd152f9a6392597abc9dd93f96cc4ed9b827f27128d1b'), hash=HexBytes('0xcb6339cab6e1d514893c78d81c51d061eccbadf10f1ed44894e27327d3911688'), r=1574351391720613576730395178225527369121080238998932754406536579439249994768, s=23271259802572896098911026128960666244976085035781490258448619075285355236635, v=62710), type: <class 'eth_account.datastructures.SignedTransaction'>
2025-06-10 23:50:59,703 - INFO - bot.services.blockchain - [Web3] [TX] tx_hash: b"\xcbc9\xca\xb6\xe1\xd5\x14\x89<x\xd8\x1cQ\xd0a\xec\xcb\xad\xf1\x0f\x1e\xd4H\x94\xe2s'\xd3\x91\x16\x88", type: <class 'hexbytes.main.HexBytes'>
2025-06-10 23:50:59,710 - INFO - bot.services.blockchain - [Web3] Транзакция ProductRegistry.createProduct отправлена: cb6339cab6e1d514893c78d81c51d061eccbadf10f1ed44894e27327d3911688
2025-06-10 23:50:59,710 - INFO - bot.services.product_registry - [ProductRegistry] Продукт успешно создан. Хэш транзакции: cb6339cab6e1d514893c78d81c51d061eccbadf10f1ed44894e27327d3911688
2025-06-10 23:50:59,711 - INFO - __main__ - ✅ Продукт chanterelle_dried успешно загружен в смарт контракт. TX: cb6339cab6e1d514893c78d81c51d061eccbadf10f1ed44894e27327d3911688
2025-06-10 23:50:59,711 - INFO - bot.services.product_registry - [ProductRegistry] Создание продукта в смарт-контракте с CID: QmVgK7bn2MVwaqVAcJyvMLdBxrBfoxHPuYMCEmToxsHfYg
2025-06-10 23:50:59,711 - INFO - bot.services.blockchain - [BlockchainService] Создание продукта с CID: QmVgK7bn2MVwaqVAcJyvMLdBxrBfoxHPuYMCEmToxsHfYg
2025-06-10 23:50:59,713 - INFO - bot.services.blockchain - [Web3] [TX] account.address: 0x70997970C51812dc3A010C7d01b50e0d17dc79C8
2025-06-10 23:50:59,713 - INFO - bot.services.blockchain - [Web3] [TX] func: <Function createProduct(string)>, args: ('QmVgK7bn2MVwaqVAcJyvMLdBxrBfoxHPuYMCEmToxsHfYg',), kwargs: {}
2025-06-10 23:50:59,717 - INFO - bot.services.blockchain - [Web3] [TX] txn (build_transaction): {'value': 0, 'chainId': 31337, 'from': '0x70997970C51812dc3A010C7d01b50e0d17dc79C8', 'nonce': 56, 'gas': 2000000, 'gasPrice': 1000239369, 'to': '0xDc64a140Aa3E981100a9becA4E685f962f0cF6C9', 'data': '0x02ec06be0000000000000000000000000000000000000000000000000000000000000020000000000000000000000000000000000000000000000000000000000000002e516d56674b37626e324d567761715641634a79764d4c6442787242666f78485075594d43456d546f787348665967000000000000000000000000000000000000'}
2025-06-10 23:50:59,725 - INFO - bot.services.blockchain - [Web3] [TX] signed_txn: SignedTransaction(raw_transaction=HexBytes('0xf8eb38843b9e7109831e848094dc64a140aa3e981100a9beca4e685f962f0cf6c980b88402ec06be0000000000000000000000000000000000000000000000000000000000000020000000000000000000000000000000000000000000000000000000000000002e516d56674b37626e324d567761715641634a79764d4c6442787242666f78485075594d43456d546f78734866596700000000000000000000000000000000000082f4f5a06d24bad821b9955473e0c74c7507fa1537f765220fd3b512da4922457cbd3733a01e8143da2acecda78f2ade1cf842af5cb79c9a7a97d6d448001cb8672bd542b9'), hash=HexBytes('0x04c9b9883e6d9abcebf1630f5c843cab981e532334443f846329ff4fd69eaf45'), r=49366996541628691492684945285183012184764599413397287660382037467118115305267, s=13797777027636201845196166105115566097367758763549247252845069646931474858681, v=62709), type: <class 'eth_account.datastructures.SignedTransaction'>
2025-06-10 23:50:59,733 - INFO - bot.services.blockchain - [Web3] [TX] tx_hash: b'\x04\xc9\xb9\x88>m\x9a\xbc\xeb\xf1c\x0f\\\x84<\xab\x98\x1eS#4D?\x84c)\xffO\xd6\x9e\xafE', type: <class 'hexbytes.main.HexBytes'>
2025-06-10 23:50:59,736 - INFO - bot.services.blockchain - [Web3] Транзакция ProductRegistry.createProduct отправлена: 04c9b9883e6d9abcebf1630f5c843cab981e532334443f846329ff4fd69eaf45
2025-06-10 23:50:59,736 - INFO - bot.services.product_registry - [ProductRegistry] Продукт успешно создан. Хэш транзакции: 04c9b9883e6d9abcebf1630f5c843cab981e532334443f846329ff4fd69eaf45
2025-06-10 23:50:59,736 - INFO - __main__ - ✅ Продукт chanterelle_powder успешно загружен в смарт контракт. TX: 04c9b9883e6d9abcebf1630f5c843cab981e532334443f846329ff4fd69eaf45
2025-06-10 23:50:59,736 - INFO - bot.services.product_registry - [ProductRegistry] Создание продукта в смарт-контракте с CID: QmcCqsvoF2XZSBbwQoBRbMvyTWNYe2fq6r4kv9VE2shxSD
2025-06-10 23:50:59,736 - INFO - bot.services.blockchain - [BlockchainService] Создание продукта с CID: QmcCqsvoF2XZSBbwQoBRbMvyTWNYe2fq6r4kv9VE2shxSD
2025-06-10 23:50:59,740 - INFO - bot.services.blockchain - [Web3] [TX] account.address: 0x70997970C51812dc3A010C7d01b50e0d17dc79C8
2025-06-10 23:50:59,740 - INFO - bot.services.blockchain - [Web3] [TX] func: <Function createProduct(string)>, args: ('QmcCqsvoF2XZSBbwQoBRbMvyTWNYe2fq6r4kv9VE2shxSD',), kwargs: {}
2025-06-10 23:50:59,743 - INFO - bot.services.blockchain - [Web3] [TX] txn (build_transaction): {'value': 0, 'chainId': 31337, 'from': '0x70997970C51812dc3A010C7d01b50e0d17dc79C8', 'nonce': 57, 'gas': 2000000, 'gasPrice': 1000209939, 'to': '0xDc64a140Aa3E981100a9becA4E685f962f0cF6C9', 'data': '0x02ec06be0000000000000000000000000000000000000000000000000000000000000020000000000000000000000000000000000000000000000000000000000000002e516d63437173766f4632585a53426277516f4252624d767954574e59653266713672346b76395645327368785344000000000000000000000000000000000000'}
2025-06-10 23:50:59,748 - INFO - bot.services.blockchain - [Web3] [TX] signed_txn: SignedTransaction(raw_transaction=HexBytes('0xf8eb39843b9dfe13831e848094dc64a140aa3e981100a9beca4e685f962f0cf6c980b88402ec06be0000000000000000000000000000000000000000000000000000000000000020000000000000000000000000000000000000000000000000000000000000002e516d63437173766f4632585a53426277516f4252624d767954574e59653266713672346b7639564532736878534400000000000000000000000000000000000082f4f6a072ee4a84fc059f616c0d335ecfed94b1578c788c19141b4f87ebd2edb7e1ce18a05d485f33cf953089591581dc9a44691e9a692a1eaf8441258fc948d571d9c406'), hash=HexBytes('0x868406846e8091042d2d00685f6f198dadbeebd887e6bdf1fcf424f88b51b2c6'), r=51984688654393256806454886869404630213409633229768300998446257716765023915544, s=42192964969629060334016528536244928734182693448620339643434118287339619468294, v=62710), type: <class 'eth_account.datastructures.SignedTransaction'>
2025-06-10 23:50:59,751 - INFO - bot.services.blockchain - [Web3] [TX] tx_hash: b'\x86\x84\x06\x84n\x80\x91\x04--\x00h_o\x19\x8d\xad\xbe\xeb\xd8\x87\xe6\xbd\xf1\xfc\xf4$\xf8\x8bQ\xb2\xc6', type: <class 'hexbytes.main.HexBytes'>
2025-06-10 23:50:59,753 - INFO - bot.services.blockchain - [Web3] Транзакция ProductRegistry.createProduct отправлена: 868406846e8091042d2d00685f6f198dadbeebd887e6bdf1fcf424f88b51b2c6
2025-06-10 23:50:59,753 - INFO - bot.services.product_registry - [ProductRegistry] Продукт успешно создан. Хэш транзакции: 868406846e8091042d2d00685f6f198dadbeebd887e6bdf1fcf424f88b51b2c6
2025-06-10 23:50:59,753 - INFO - __main__ - ✅ Продукт aspen_bark_dried_strips успешно загружен в смарт контракт. TX: 868406846e8091042d2d00685f6f198dadbeebd887e6bdf1fcf424f88b51b2c6
2025-06-10 23:50:59,753 - INFO - bot.services.product_registry - [ProductRegistry] Создание продукта в смарт-контракте с CID: Qmb7s7cjpqYzKhwRFwwmnYkKZYmQgrzWYKwRHFkPHd6pVN
2025-06-10 23:50:59,753 - INFO - bot.services.blockchain - [BlockchainService] Создание продукта с CID: Qmb7s7cjpqYzKhwRFwwmnYkKZYmQgrzWYKwRHFkPHd6pVN
2025-06-10 23:50:59,757 - INFO - bot.services.blockchain - [Web3] [TX] account.address: 0x70997970C51812dc3A010C7d01b50e0d17dc79C8
2025-06-10 23:50:59,757 - INFO - bot.services.blockchain - [Web3] [TX] func: <Function createProduct(string)>, args: ('Qmb7s7cjpqYzKhwRFwwmnYkKZYmQgrzWYKwRHFkPHd6pVN',), kwargs: {}
2025-06-10 23:50:59,762 - INFO - bot.services.blockchain - [Web3] [TX] txn (build_transaction): {'value': 0, 'chainId': 31337, 'from': '0x70997970C51812dc3A010C7d01b50e0d17dc79C8', 'nonce': 58, 'gas': 2000000, 'gasPrice': 1000184127, 'to': '0xDc64a140Aa3E981100a9becA4E685f962f0cF6C9', 'data': '0x02ec06be0000000000000000000000000000000000000000000000000000000000000020000000000000000000000000000000000000000000000000000000000000002e516d62377337636a7071597a4b6877524677776d6e596b4b5a596d5167727a57594b775248466b5048643670564e000000000000000000000000000000000000'}
2025-06-10 23:50:59,778 - INFO - bot.services.blockchain - [Web3] [TX] signed_txn: SignedTransaction(raw_transaction=HexBytes('0xf8eb3a843b9d993f831e848094dc64a140aa3e981100a9beca4e685f962f0cf6c980b88402ec06be0000000000000000000000000000000000000000000000000000000000000020000000000000000000000000000000000000000000000000000000000000002e516d62377337636a7071597a4b6877524677776d6e596b4b5a596d5167727a57594b775248466b5048643670564e00000000000000000000000000000000000082f4f6a0d2f21e7fc7a1913c0928f1cff4c8add98d1c2dcbb8c9cd0b91e4a6b927231e48a058d3e78cd41e905c99fc1d375631281c13febf6a79c8e6dff54b3d8b57b70bb4'), hash=HexBytes('0x5bbe12930a3d53eeaec390e7d0cbfcb81e5ebcb9e0f49f2cd71ed1eac2fe994d'), r=95413485689489551994544290042849271941479432382240592630570130854301608910408, s=40177933506133102389980532946699763469725005224353352161507675877058404617140, v=62710), type: <class 'eth_account.datastructures.SignedTransaction'>
2025-06-10 23:50:59,787 - INFO - bot.services.blockchain - [Web3] [TX] tx_hash: b'[\xbe\x12\x93\n=S\xee\xae\xc3\x90\xe7\xd0\xcb\xfc\xb8\x1e^\xbc\xb9\xe0\xf4\x9f,\xd7\x1e\xd1\xea\xc2\xfe\x99M', type: <class 'hexbytes.main.HexBytes'>
2025-06-10 23:50:59,809 - INFO - bot.services.blockchain - [Web3] Транзакция ProductRegistry.createProduct отправлена: 5bbe12930a3d53eeaec390e7d0cbfcb81e5ebcb9e0f49f2cd71ed1eac2fe994d
2025-06-10 23:50:59,810 - INFO - bot.services.product_registry - [ProductRegistry] Продукт успешно создан. Хэш транзакции: 5bbe12930a3d53eeaec390e7d0cbfcb81e5ebcb9e0f49f2cd71ed1eac2fe994d
2025-06-10 23:50:59,810 - INFO - __main__ - ✅ Продукт lions_mane_powder успешно загружен в смарт контракт. TX: 5bbe12930a3d53eeaec390e7d0cbfcb81e5ebcb9e0f49f2cd71ed1eac2fe994d
2025-06-10 23:50:59,810 - INFO - bot.services.product_registry - [ProductRegistry] Создание продукта в смарт-контракте с CID: QmTnLDtj1k8mHCPQs8v54xDrBUgNsmmjHAMtNzaVVi9oNa
2025-06-10 23:50:59,810 - INFO - bot.services.blockchain - [BlockchainService] Создание продукта с CID: QmTnLDtj1k8mHCPQs8v54xDrBUgNsmmjHAMtNzaVVi9oNa
2025-06-10 23:50:59,825 - INFO - bot.services.blockchain - [Web3] [TX] account.address: 0x70997970C51812dc3A010C7d01b50e0d17dc79C8
2025-06-10 23:50:59,825 - INFO - bot.services.blockchain - [Web3] [TX] func: <Function createProduct(string)>, args: ('QmTnLDtj1k8mHCPQs8v54xDrBUgNsmmjHAMtNzaVVi9oNa',), kwargs: {}
2025-06-10 23:50:59,881 - INFO - bot.services.blockchain - [Web3] [TX] txn (build_transaction): {'value': 0, 'chainId': 31337, 'from': '0x70997970C51812dc3A010C7d01b50e0d17dc79C8', 'nonce': 59, 'gas': 2000000, 'gasPrice': 1000161489, 'to': '0xDc64a140Aa3E981100a9becA4E685f962f0cF6C9', 'data': '0x02ec06be0000000000000000000000000000000000000000000000000000000000000020000000000000000000000000000000000000000000000000000000000000002e516d546e4c44746a316b386d4843505173387635347844724255674e736d6d6a48414d744e7a61565669396f4e61000000000000000000000000000000000000'}
2025-06-10 23:50:59,949 - INFO - bot.services.blockchain - [Web3] [TX] signed_txn: SignedTransaction(raw_transaction=HexBytes('0xf8eb3b843b9d40d1831e848094dc64a140aa3e981100a9beca4e685f962f0cf6c980b88402ec06be0000000000000000000000000000000000000000000000000000000000000020000000000000000000000000000000000000000000000000000000000000002e516d546e4c44746a316b386d4843505173387635347844724255674e736d6d6a48414d744e7a61565669396f4e6100000000000000000000000000000000000082f4f5a0f81cf387bde449a8bb316b79874250e7c720bf407256f1d1f7de78870e83c0bda05d8cfb4c2c1e5c25c64d0e57b86752237ea117dba3dfc5a8dfe594376a41cfc9'), hash=HexBytes('0x71b6f3bf56fd1d9a9d205cb3c6306410cb53793a4f3c5b0cbdb0dfb5e410c846'), r=112224738950416864500894342601401987664464392786407081657515934222868042465469, s=42314187899247969252831666737121906442331853180797295561610569105414153162697, v=62709), type: <class 'eth_account.datastructures.SignedTransaction'>
2025-06-10 23:51:00,106 - INFO - bot.services.blockchain - [Web3] [TX] tx_hash: b'q\xb6\xf3\xbfV\xfd\x1d\x9a\x9d \\\xb3\xc60d\x10\xcbSy:O<[\x0c\xbd\xb0\xdf\xb5\xe4\x10\xc8F', type: <class 'hexbytes.main.HexBytes'>
2025-06-10 23:51:00,110 - INFO - bot.services.blockchain - [Web3] Транзакция ProductRegistry.createProduct отправлена: 71b6f3bf56fd1d9a9d205cb3c6306410cb53793a4f3c5b0cbdb0dfb5e410c846
2025-06-10 23:51:00,110 - INFO - bot.services.product_registry - [ProductRegistry] Продукт успешно создан. Хэш транзакции: 71b6f3bf56fd1d9a9d205cb3c6306410cb53793a4f3c5b0cbdb0dfb5e410c846
2025-06-10 23:51:00,110 - INFO - __main__ - ✅ Продукт Lion's Mane mushroom — whole dried успешно загружен в смарт контракт. TX: 71b6f3bf56fd1d9a9d205cb3c6306410cb53793a4f3c5b0cbdb0dfb5e410c846
2025-06-10 23:51:00,111 - INFO - __main__ - 📊 Итоги загрузки:
2025-06-10 23:51:00,112 - INFO - __main__ - ✅ Успешно загружено: 17
2025-06-10 23:51:00,112 - INFO - __main__ - ❌ Ошибок: 17
2025-06-10 23:51:00,112 - INFO - __main__ - 🔍 Детали ошибок:
2025-06-10 23:51:00,112 - ERROR - __main__ -   - Продукт amanita1: Транзакция не прошла
2025-06-10 23:51:00,112 - ERROR - __main__ -   - Продукт amanita_closed_cups: Транзакция не прошла
2025-06-10 23:51:00,112 - ERROR - __main__ -   - Продукт amanita_broken_closed_cups: Транзакция не прошла
2025-06-10 23:51:00,112 - ERROR - __main__ -   - Продукт amanita_lux: Транзакция не прошла
2025-06-10 23:51:00,112 - ERROR - __main__ -   - Продукт amanita_pantherina_whole: Транзакция не прошла
2025-06-10 23:51:00,112 - ERROR - __main__ -   - Продукт amanita_pantherina_powder: Транзакция не прошла
2025-06-10 23:51:00,112 - ERROR - __main__ -   - Продукт amanita_tincture: Транзакция не прошла
2025-06-10 23:51:00,112 - ERROR - __main__ -   - Продукт blue_lotus_tincture: Транзакция не прошла
2025-06-10 23:51:00,112 - ERROR - __main__ -   - Продукт blue_lotus_flowers: Транзакция не прошла
2025-06-10 23:51:00,112 - ERROR - __main__ -   - Продукт chaga_chunks: Транзакция не прошла
2025-06-10 23:51:00,112 - ERROR - __main__ -   - Продукт cordyceps_militaris_powder: Транзакция не прошла
2025-06-10 23:51:00,112 - ERROR - __main__ -   - Продукт cordyceps_militaris_dried_bodies: Транзакция не прошла
2025-06-10 23:51:00,112 - ERROR - __main__ -   - Продукт chanterelle_dried: Транзакция не прошла
2025-06-10 23:51:00,112 - ERROR - __main__ -   - Продукт chanterelle_powder: Транзакция не прошла
2025-06-10 23:51:00,112 - ERROR - __main__ -   - Продукт aspen_bark_dried_strips: Транзакция не прошла
2025-06-10 23:51:00,112 - ERROR - __main__ -   - Продукт lions_mane_powder: Транзакция не прошла
2025-06-10 23:51:00,112 - ERROR - __main__ -   - Продукт Lion's Mane mushroom — whole dried: Транзакция не прошла
2025-06-10 23:51:00,112 - ERROR - __main__ - ❌ Процесс завершился с ошибками
2025-06-10 23:51:42,738 - INFO - __main__ - 🚀 Запуск загрузки продуктов в смарт-контракт
2025-06-10 23:51:42,738 - INFO - __main__ - 📦 Загрузка данных из JSON...
2025-06-10 23:51:42,738 - INFO - __main__ - 📦 Загружено 17 продуктов
2025-06-10 23:51:42,739 - INFO - __main__ - 📝 Загрузка продуктов в реестр...
2025-06-10 23:51:42,739 - INFO - bot.services.product_registry - [ProductRegistry] Создание продукта в смарт-контракте с CID: QmeGq712hKBE5jH3DqMnUax1mwfYAxg3pinM9Kk4aRCH7z
2025-06-10 23:51:42,739 - INFO - bot.services.blockchain - [BlockchainService] Создание продукта с CID: QmeGq712hKBE5jH3DqMnUax1mwfYAxg3pinM9Kk4aRCH7z
2025-06-10 23:51:42,741 - INFO - bot.services.blockchain - [Web3] [TX] account.address: 0x70997970C51812dc3A010C7d01b50e0d17dc79C8
2025-06-10 23:51:42,741 - INFO - bot.services.blockchain - [Web3] [TX] func: <Function createProduct(string)>, args: ('QmeGq712hKBE5jH3DqMnUax1mwfYAxg3pinM9Kk4aRCH7z',), kwargs: {}
2025-06-10 23:51:42,744 - INFO - bot.services.blockchain - [Web3] [TX] txn (build_transaction): {'value': 0, 'chainId': 31337, 'from': '0x70997970C51812dc3A010C7d01b50e0d17dc79C8', 'nonce': 60, 'gas': 2000000, 'gasPrice': 1000141634, 'to': '0xDc64a140Aa3E981100a9becA4E685f962f0cF6C9', 'data': '0x02ec06be0000000000000000000000000000000000000000000000000000000000000020000000000000000000000000000000000000000000000000000000000000002e516d654771373132684b4245356a483344714d6e556178316d7766594178673370696e4d394b6b3461524348377a000000000000000000000000000000000000'}
2025-06-10 23:51:42,749 - INFO - bot.services.blockchain - [Web3] [TX] signed_txn: SignedTransaction(raw_transaction=HexBytes('0xf8eb3c843b9cf342831e848094dc64a140aa3e981100a9beca4e685f962f0cf6c980b88402ec06be0000000000000000000000000000000000000000000000000000000000000020000000000000000000000000000000000000000000000000000000000000002e516d654771373132684b4245356a483344714d6e556178316d7766594178673370696e4d394b6b3461524348377a00000000000000000000000000000000000082f4f5a05b13d12a486ef10906eb9318df8af84665cb38fb9f083387d14a7d7a90750279a01571400f70d2e2876f2d98ff6fd6becbe3100790c9aca267ef9910735799a4b5'), hash=HexBytes('0xea2c56ce5a75cdc038622a284bc4b1d9b40466c2767237a1ebd4de49a7708694'), r=41195482920240393596587742249118339360815719760109111198295545045501334585977, s=9698665666615675862695297229902042572300818342629879399736862062560247653557, v=62709), type: <class 'eth_account.datastructures.SignedTransaction'>
2025-06-10 23:51:42,755 - INFO - bot.services.blockchain - [Web3] [TX] tx_hash: b'\xea,V\xceZu\xcd\xc08b*(K\xc4\xb1\xd9\xb4\x04f\xc2vr7\xa1\xeb\xd4\xdeI\xa7p\x86\x94', type: <class 'hexbytes.main.HexBytes'>
2025-06-10 23:51:42,758 - INFO - bot.services.blockchain - [Web3] Транзакция ProductRegistry.createProduct отправлена: ea2c56ce5a75cdc038622a284bc4b1d9b40466c2767237a1ebd4de49a7708694
2025-06-10 23:51:42,758 - INFO - bot.services.product_registry - [ProductRegistry] Продукт успешно создан. Хэш транзакции: ea2c56ce5a75cdc038622a284bc4b1d9b40466c2767237a1ebd4de49a7708694
2025-06-10 23:51:42,758 - INFO - __main__ - ✅ Продукт amanita1 успешно загружен в смарт контракт. TX: ea2c56ce5a75cdc038622a284bc4b1d9b40466c2767237a1ebd4de49a7708694
2025-06-10 23:51:42,758 - INFO - bot.services.product_registry - [ProductRegistry] Создание продукта в смарт-контракте с CID: QmdhoN7QQXzwfv9HG86xGNDHjUJnFeMDbbegoXnu4T8ZdU
2025-06-10 23:51:42,758 - INFO - bot.services.blockchain - [BlockchainService] Создание продукта с CID: QmdhoN7QQXzwfv9HG86xGNDHjUJnFeMDbbegoXnu4T8ZdU
2025-06-10 23:51:42,760 - INFO - bot.services.blockchain - [Web3] [TX] account.address: 0x70997970C51812dc3A010C7d01b50e0d17dc79C8
2025-06-10 23:51:42,760 - INFO - bot.services.blockchain - [Web3] [TX] func: <Function createProduct(string)>, args: ('QmdhoN7QQXzwfv9HG86xGNDHjUJnFeMDbbegoXnu4T8ZdU',), kwargs: {}
2025-06-10 23:51:42,762 - INFO - bot.services.blockchain - [Web3] [TX] txn (build_transaction): {'value': 0, 'chainId': 31337, 'from': '0x70997970C51812dc3A010C7d01b50e0d17dc79C8', 'nonce': 61, 'gas': 2000000, 'gasPrice': 1000124221, 'to': '0xDc64a140Aa3E981100a9becA4E685f962f0cF6C9', 'data': '0x02ec06be0000000000000000000000000000000000000000000000000000000000000020000000000000000000000000000000000000000000000000000000000000002e516d64686f4e375151587a776676394847383678474e44486a554a6e46654d44626265676f586e753454385a6455000000000000000000000000000000000000'}
2025-06-10 23:51:42,767 - INFO - bot.services.blockchain - [Web3] [TX] signed_txn: SignedTransaction(raw_transaction=HexBytes('0xf8eb3d843b9caf3d831e848094dc64a140aa3e981100a9beca4e685f962f0cf6c980b88402ec06be0000000000000000000000000000000000000000000000000000000000000020000000000000000000000000000000000000000000000000000000000000002e516d64686f4e375151587a776676394847383678474e44486a554a6e46654d44626265676f586e753454385a645500000000000000000000000000000000000082f4f6a037c89fcd4ef4f1b3e581a44d003d1a68215411416b789b25f7b372e7949791bca0112839630eb2a225fa5645eae2c4f766c44d75bcffbb1a5b7e76e927ffb3884a'), hash=HexBytes('0x29977d1a6513bc0aefe2087d9520a738ab41d2c8ac14388e48fabbd228120781'), r=25231678997808657621414260404662971337883902971271882558573447183351758164412, s=7760388378631008684093840011006755049403843176128254934668187249653027407946, v=62710), type: <class 'eth_account.datastructures.SignedTransaction'>
2025-06-10 23:51:42,769 - INFO - bot.services.blockchain - [Web3] [TX] tx_hash: b')\x97}\x1ae\x13\xbc\n\xef\xe2\x08}\x95 \xa78\xabA\xd2\xc8\xac\x148\x8eH\xfa\xbb\xd2(\x12\x07\x81', type: <class 'hexbytes.main.HexBytes'>
2025-06-10 23:51:42,771 - INFO - bot.services.blockchain - [Web3] Транзакция ProductRegistry.createProduct отправлена: 29977d1a6513bc0aefe2087d9520a738ab41d2c8ac14388e48fabbd228120781
2025-06-10 23:51:42,771 - INFO - bot.services.product_registry - [ProductRegistry] Продукт успешно создан. Хэш транзакции: 29977d1a6513bc0aefe2087d9520a738ab41d2c8ac14388e48fabbd228120781
2025-06-10 23:51:42,771 - INFO - __main__ - ✅ Продукт amanita_closed_cups успешно загружен в смарт контракт. TX: 29977d1a6513bc0aefe2087d9520a738ab41d2c8ac14388e48fabbd228120781
2025-06-10 23:51:42,771 - INFO - bot.services.product_registry - [ProductRegistry] Создание продукта в смарт-контракте с CID: QmU1o4AZahdrYTwPA8RyLyRm5MopcQ9PH8sWp8PuZMmMTb
2025-06-10 23:51:42,771 - INFO - bot.services.blockchain - [BlockchainService] Создание продукта с CID: QmU1o4AZahdrYTwPA8RyLyRm5MopcQ9PH8sWp8PuZMmMTb
2025-06-10 23:51:42,774 - INFO - bot.services.blockchain - [Web3] [TX] account.address: 0x70997970C51812dc3A010C7d01b50e0d17dc79C8
2025-06-10 23:51:42,774 - INFO - bot.services.blockchain - [Web3] [TX] func: <Function createProduct(string)>, args: ('QmU1o4AZahdrYTwPA8RyLyRm5MopcQ9PH8sWp8PuZMmMTb',), kwargs: {}
2025-06-10 23:51:42,776 - INFO - bot.services.blockchain - [Web3] [TX] txn (build_transaction): {'value': 0, 'chainId': 31337, 'from': '0x70997970C51812dc3A010C7d01b50e0d17dc79C8', 'nonce': 62, 'gas': 2000000, 'gasPrice': 1000108948, 'to': '0xDc64a140Aa3E981100a9becA4E685f962f0cF6C9', 'data': '0x02ec06be0000000000000000000000000000000000000000000000000000000000000020000000000000000000000000000000000000000000000000000000000000002e516d55316f34415a6168647259547750413852794c79526d354d6f706351395048387357703850755a4d6d4d5462000000000000000000000000000000000000'}
2025-06-10 23:51:42,781 - INFO - bot.services.blockchain - [Web3] [TX] signed_txn: SignedTransaction(raw_transaction=HexBytes('0xf8eb3e843b9c7394831e848094dc64a140aa3e981100a9beca4e685f962f0cf6c980b88402ec06be0000000000000000000000000000000000000000000000000000000000000020000000000000000000000000000000000000000000000000000000000000002e516d55316f34415a6168647259547750413852794c79526d354d6f706351395048387357703850755a4d6d4d546200000000000000000000000000000000000082f4f6a0d2e756b1b72c9c6d7a1b80c9faf1988e34ee0e9853d24960b685b4d88d9254bda00ddfcb9ddd6d5fdd95e2925df644c55a18533c5d636cb2d0900c711ec61cce4c'), hash=HexBytes('0x911d2e1712e73265a17621c809b5facdc7bfbcf140fc34073afe338034143bbf'), r=95394438215836633707690335967166174209271498201184579199418313288963591394493, s=6275479237567078489416586324070551112502639917257984357121180882101845413452, v=62710), type: <class 'eth_account.datastructures.SignedTransaction'>
2025-06-10 23:51:42,783 - INFO - bot.services.blockchain - [Web3] [TX] tx_hash: b'\x91\x1d.\x17\x12\xe72e\xa1v!\xc8\t\xb5\xfa\xcd\xc7\xbf\xbc\xf1@\xfc4\x07:\xfe3\x804\x14;\xbf', type: <class 'hexbytes.main.HexBytes'>
2025-06-10 23:51:42,788 - INFO - bot.services.blockchain - [Web3] Транзакция ProductRegistry.createProduct отправлена: 911d2e1712e73265a17621c809b5facdc7bfbcf140fc34073afe338034143bbf
2025-06-10 23:51:42,788 - INFO - bot.services.product_registry - [ProductRegistry] Продукт успешно создан. Хэш транзакции: 911d2e1712e73265a17621c809b5facdc7bfbcf140fc34073afe338034143bbf
2025-06-10 23:51:42,788 - INFO - __main__ - ✅ Продукт amanita_broken_closed_cups успешно загружен в смарт контракт. TX: 911d2e1712e73265a17621c809b5facdc7bfbcf140fc34073afe338034143bbf
2025-06-10 23:51:42,788 - INFO - bot.services.product_registry - [ProductRegistry] Создание продукта в смарт-контракте с CID: QmSrLZMi3XRmPvzYVe9pNCZLqYbjSthgg792s26cyPBhcX
2025-06-10 23:51:42,788 - INFO - bot.services.blockchain - [BlockchainService] Создание продукта с CID: QmSrLZMi3XRmPvzYVe9pNCZLqYbjSthgg792s26cyPBhcX
2025-06-10 23:51:42,808 - INFO - bot.services.blockchain - [Web3] [TX] account.address: 0x70997970C51812dc3A010C7d01b50e0d17dc79C8
2025-06-10 23:51:42,810 - INFO - bot.services.blockchain - [Web3] [TX] func: <Function createProduct(string)>, args: ('QmSrLZMi3XRmPvzYVe9pNCZLqYbjSthgg792s26cyPBhcX',), kwargs: {}
2025-06-10 23:51:42,844 - INFO - bot.services.blockchain - [Web3] [TX] txn (build_transaction): {'value': 0, 'chainId': 31337, 'from': '0x70997970C51812dc3A010C7d01b50e0d17dc79C8', 'nonce': 63, 'gas': 2000000, 'gasPrice': 1000095553, 'to': '0xDc64a140Aa3E981100a9becA4E685f962f0cF6C9', 'data': '0x02ec06be0000000000000000000000000000000000000000000000000000000000000020000000000000000000000000000000000000000000000000000000000000002e516d53724c5a4d693358526d50767a59566539704e435a4c7159626a537468676737393273323663795042686358000000000000000000000000000000000000'}
2025-06-10 23:51:42,935 - INFO - bot.services.blockchain - [Web3] [TX] signed_txn: SignedTransaction(raw_transaction=HexBytes('0xf8eb3f843b9c3f41831e848094dc64a140aa3e981100a9beca4e685f962f0cf6c980b88402ec06be0000000000000000000000000000000000000000000000000000000000000020000000000000000000000000000000000000000000000000000000000000002e516d53724c5a4d693358526d50767a59566539704e435a4c7159626a53746867673739327332366379504268635800000000000000000000000000000000000082f4f5a01a379e9d00bcf743fe3200f6676409c4bcfa97dcbe84ad1207f4132fa4d3015aa0657fef8dfb1afa20a0efa702f363d78c808b1889457ed4282317e9bbb4895c37'), hash=HexBytes('0x0e99c0d885e46794594773fb96cfa602b33d6a3cb36eda180f11829bb8925208'), r=11858405360439892942252068193884126166361274448108920015819411776959883182426, s=45909640629310605976303131620086438902832001736427601514131996304371612212279, v=62709), type: <class 'eth_account.datastructures.SignedTransaction'>
2025-06-10 23:51:43,018 - INFO - bot.services.blockchain - [Web3] [TX] tx_hash: b'\x0e\x99\xc0\xd8\x85\xe4g\x94YGs\xfb\x96\xcf\xa6\x02\xb3=j<\xb3n\xda\x18\x0f\x11\x82\x9b\xb8\x92R\x08', type: <class 'hexbytes.main.HexBytes'>
2025-06-10 23:51:43,026 - INFO - bot.services.blockchain - [Web3] Транзакция ProductRegistry.createProduct отправлена: 0e99c0d885e46794594773fb96cfa602b33d6a3cb36eda180f11829bb8925208
2025-06-10 23:51:43,026 - INFO - bot.services.product_registry - [ProductRegistry] Продукт успешно создан. Хэш транзакции: 0e99c0d885e46794594773fb96cfa602b33d6a3cb36eda180f11829bb8925208
2025-06-10 23:51:43,026 - INFO - __main__ - ✅ Продукт amanita_lux успешно загружен в смарт контракт. TX: 0e99c0d885e46794594773fb96cfa602b33d6a3cb36eda180f11829bb8925208
2025-06-10 23:51:43,026 - INFO - bot.services.product_registry - [ProductRegistry] Создание продукта в смарт-контракте с CID: QmRzWvsnjY1s8Y7NDM3VS661mwZNNi5TpFFefC2Tg91zZ5
2025-06-10 23:51:43,026 - INFO - bot.services.blockchain - [BlockchainService] Создание продукта с CID: QmRzWvsnjY1s8Y7NDM3VS661mwZNNi5TpFFefC2Tg91zZ5
2025-06-10 23:51:43,029 - INFO - bot.services.blockchain - [Web3] [TX] account.address: 0x70997970C51812dc3A010C7d01b50e0d17dc79C8
2025-06-10 23:51:43,029 - INFO - bot.services.blockchain - [Web3] [TX] func: <Function createProduct(string)>, args: ('QmRzWvsnjY1s8Y7NDM3VS661mwZNNi5TpFFefC2Tg91zZ5',), kwargs: {}
2025-06-10 23:51:43,137 - INFO - bot.services.blockchain - [Web3] [TX] txn (build_transaction): {'value': 0, 'chainId': 31337, 'from': '0x70997970C51812dc3A010C7d01b50e0d17dc79C8', 'nonce': 64, 'gas': 2000000, 'gasPrice': 1000083805, 'to': '0xDc64a140Aa3E981100a9becA4E685f962f0cF6C9', 'data': '0x02ec06be0000000000000000000000000000000000000000000000000000000000000020000000000000000000000000000000000000000000000000000000000000002e516d527a5776736e6a5931733859374e444d3356533636316d775a4e4e69355470464665664332546739317a5a35000000000000000000000000000000000000'}
2025-06-10 23:51:43,152 - INFO - bot.services.blockchain - [Web3] [TX] signed_txn: SignedTransaction(raw_transaction=HexBytes('0xf8eb40843b9c115d831e848094dc64a140aa3e981100a9beca4e685f962f0cf6c980b88402ec06be0000000000000000000000000000000000000000000000000000000000000020000000000000000000000000000000000000000000000000000000000000002e516d527a5776736e6a5931733859374e444d3356533636316d775a4e4e69355470464665664332546739317a5a3500000000000000000000000000000000000082f4f5a02cff29c2575ac832d526016dd038d4fdba3e6138176ccef9f38641b535072aeea00ccc6e2f8dd96efdfba4c13d61d5f45a7807eacb74a490c9ce84b3abee90d57c'), hash=HexBytes('0xe338f1f3a2e6fc83d406318a331c51a9e607b774d34f72ed54fbee4d409ad807'), r=20352599550211595867203934862322801240273001468821763594013042804594378746606, s=5788951458368107486774699549876578056491080983271447543716505038465910494588, v=62709), type: <class 'eth_account.datastructures.SignedTransaction'>
2025-06-10 23:51:43,161 - INFO - bot.services.blockchain - [Web3] [TX] tx_hash: b'\xe38\xf1\xf3\xa2\xe6\xfc\x83\xd4\x061\x8a3\x1cQ\xa9\xe6\x07\xb7t\xd3Or\xedT\xfb\xeeM@\x9a\xd8\x07', type: <class 'hexbytes.main.HexBytes'>
2025-06-10 23:51:43,166 - INFO - bot.services.blockchain - [Web3] Транзакция ProductRegistry.createProduct отправлена: e338f1f3a2e6fc83d406318a331c51a9e607b774d34f72ed54fbee4d409ad807
2025-06-10 23:51:43,166 - INFO - bot.services.product_registry - [ProductRegistry] Продукт успешно создан. Хэш транзакции: e338f1f3a2e6fc83d406318a331c51a9e607b774d34f72ed54fbee4d409ad807
2025-06-10 23:51:43,166 - INFO - __main__ - ✅ Продукт amanita_pantherina_whole успешно загружен в смарт контракт. TX: e338f1f3a2e6fc83d406318a331c51a9e607b774d34f72ed54fbee4d409ad807
2025-06-10 23:51:43,166 - INFO - bot.services.product_registry - [ProductRegistry] Создание продукта в смарт-контракте с CID: QmaJ1Mz3SsrWzwQ2ijPaxQeaowDLVrLHLSoEADUwSFyTrp
2025-06-10 23:51:43,166 - INFO - bot.services.blockchain - [BlockchainService] Создание продукта с CID: QmaJ1Mz3SsrWzwQ2ijPaxQeaowDLVrLHLSoEADUwSFyTrp
2025-06-10 23:51:43,169 - INFO - bot.services.blockchain - [Web3] [TX] account.address: 0x70997970C51812dc3A010C7d01b50e0d17dc79C8
2025-06-10 23:51:43,169 - INFO - bot.services.blockchain - [Web3] [TX] func: <Function createProduct(string)>, args: ('QmaJ1Mz3SsrWzwQ2ijPaxQeaowDLVrLHLSoEADUwSFyTrp',), kwargs: {}
2025-06-10 23:51:43,215 - INFO - bot.services.blockchain - [Web3] [TX] txn (build_transaction): {'value': 0, 'chainId': 31337, 'from': '0x70997970C51812dc3A010C7d01b50e0d17dc79C8', 'nonce': 65, 'gas': 2000000, 'gasPrice': 1000073502, 'to': '0xDc64a140Aa3E981100a9becA4E685f962f0cF6C9', 'data': '0x02ec06be0000000000000000000000000000000000000000000000000000000000000020000000000000000000000000000000000000000000000000000000000000002e516d614a314d7a33537372577a775132696a5061785165616f77444c56724c484c536f4541445577534679547270000000000000000000000000000000000000'}
2025-06-10 23:51:43,230 - INFO - bot.services.blockchain - [Web3] [TX] signed_txn: SignedTransaction(raw_transaction=HexBytes('0xf8eb41843b9be91e831e848094dc64a140aa3e981100a9beca4e685f962f0cf6c980b88402ec06be0000000000000000000000000000000000000000000000000000000000000020000000000000000000000000000000000000000000000000000000000000002e516d614a314d7a33537372577a775132696a5061785165616f77444c56724c484c536f454144557753467954727000000000000000000000000000000000000082f4f5a0388816e4aed0a86a7d2817e9482bac865f99895f33aba4adba009f3af6f391e4a0525622d441931d8fb31b5ff9351e596f57f71522cdc9396e846366c061c14af3'), hash=HexBytes('0x261118225534bed5fd5fb66466c70d729b209374025037d9d7513635cfd1b4a1'), r=25569968725170423141821382107291659764668220900910096481582549554083820442084, s=37241842813189087968219446323395056990786836644031608185528510406946111703795, v=62709), type: <class 'eth_account.datastructures.SignedTransaction'>
2025-06-10 23:51:43,245 - INFO - bot.services.blockchain - [Web3] [TX] tx_hash: b'&\x11\x18"U4\xbe\xd5\xfd_\xb6df\xc7\rr\x9b \x93t\x02P7\xd9\xd7Q65\xcf\xd1\xb4\xa1', type: <class 'hexbytes.main.HexBytes'>
2025-06-10 23:51:43,255 - INFO - bot.services.blockchain - [Web3] Транзакция ProductRegistry.createProduct отправлена: 261118225534bed5fd5fb66466c70d729b209374025037d9d7513635cfd1b4a1
2025-06-10 23:51:43,255 - INFO - bot.services.product_registry - [ProductRegistry] Продукт успешно создан. Хэш транзакции: 261118225534bed5fd5fb66466c70d729b209374025037d9d7513635cfd1b4a1
2025-06-10 23:51:43,255 - INFO - __main__ - ✅ Продукт amanita_pantherina_powder успешно загружен в смарт контракт. TX: 261118225534bed5fd5fb66466c70d729b209374025037d9d7513635cfd1b4a1
2025-06-10 23:51:43,255 - INFO - bot.services.product_registry - [ProductRegistry] Создание продукта в смарт-контракте с CID: QmVer4ycsDwFA4um8ngosoASW8toPeSsTs9BfVXJciAU89
2025-06-10 23:51:43,255 - INFO - bot.services.blockchain - [BlockchainService] Создание продукта с CID: QmVer4ycsDwFA4um8ngosoASW8toPeSsTs9BfVXJciAU89
2025-06-10 23:51:43,260 - INFO - bot.services.blockchain - [Web3] [TX] account.address: 0x70997970C51812dc3A010C7d01b50e0d17dc79C8
2025-06-10 23:51:43,260 - INFO - bot.services.blockchain - [Web3] [TX] func: <Function createProduct(string)>, args: ('QmVer4ycsDwFA4um8ngosoASW8toPeSsTs9BfVXJciAU89',), kwargs: {}
2025-06-10 23:51:43,266 - INFO - bot.services.blockchain - [Web3] [TX] txn (build_transaction): {'value': 0, 'chainId': 31337, 'from': '0x70997970C51812dc3A010C7d01b50e0d17dc79C8', 'nonce': 66, 'gas': 2000000, 'gasPrice': 1000064465, 'to': '0xDc64a140Aa3E981100a9becA4E685f962f0cF6C9', 'data': '0x02ec06be0000000000000000000000000000000000000000000000000000000000000020000000000000000000000000000000000000000000000000000000000000002e516d566572347963734477464134756d386e676f736f41535738746f50655373547339426656584a636941553839000000000000000000000000000000000000'}
2025-06-10 23:51:43,272 - INFO - bot.services.blockchain - [Web3] [TX] signed_txn: SignedTransaction(raw_transaction=HexBytes('0xf8eb42843b9bc5d1831e848094dc64a140aa3e981100a9beca4e685f962f0cf6c980b88402ec06be0000000000000000000000000000000000000000000000000000000000000020000000000000000000000000000000000000000000000000000000000000002e516d566572347963734477464134756d386e676f736f41535738746f50655373547339426656584a63694155383900000000000000000000000000000000000082f4f6a03ef6d93aea142777a17f26393821c35f5efe66beea5ec1cde967eed680106df4a043c1f50b9f1d50f9e875d7ef97548c4ad76a7d6f887926b70fe7e6123ecd840e'), hash=HexBytes('0x9de64dc12235472e60dae10847575626fa60bdbfeb2ac6ad2ec901ce3dc516bc'), r=28479540257383526066050277876582830558577269371761513189901889256601792048628, s=30647653579752167630490209278739203325499273169294412733267586319817206760462, v=62710), type: <class 'eth_account.datastructures.SignedTransaction'>
2025-06-10 23:51:43,280 - INFO - bot.services.blockchain - [Web3] [TX] tx_hash: b'\x9d\xe6M\xc1"5G.`\xda\xe1\x08GWV&\xfa`\xbd\xbf\xeb*\xc6\xad.\xc9\x01\xce=\xc5\x16\xbc', type: <class 'hexbytes.main.HexBytes'>
2025-06-10 23:51:43,290 - INFO - bot.services.blockchain - [Web3] Транзакция ProductRegistry.createProduct отправлена: 9de64dc12235472e60dae10847575626fa60bdbfeb2ac6ad2ec901ce3dc516bc
2025-06-10 23:51:43,290 - INFO - bot.services.product_registry - [ProductRegistry] Продукт успешно создан. Хэш транзакции: 9de64dc12235472e60dae10847575626fa60bdbfeb2ac6ad2ec901ce3dc516bc
2025-06-10 23:51:43,290 - INFO - __main__ - ✅ Продукт amanita_tincture успешно загружен в смарт контракт. TX: 9de64dc12235472e60dae10847575626fa60bdbfeb2ac6ad2ec901ce3dc516bc
2025-06-10 23:51:43,290 - INFO - bot.services.product_registry - [ProductRegistry] Создание продукта в смарт-контракте с CID: QmRiYSSFi9feAMuHrHANsSVupLx6e1jGUS7VZ33Xz6pDqr
2025-06-10 23:51:43,290 - INFO - bot.services.blockchain - [BlockchainService] Создание продукта с CID: QmRiYSSFi9feAMuHrHANsSVupLx6e1jGUS7VZ33Xz6pDqr
2025-06-10 23:51:43,292 - INFO - bot.services.blockchain - [Web3] [TX] account.address: 0x70997970C51812dc3A010C7d01b50e0d17dc79C8
2025-06-10 23:51:43,292 - INFO - bot.services.blockchain - [Web3] [TX] func: <Function createProduct(string)>, args: ('QmRiYSSFi9feAMuHrHANsSVupLx6e1jGUS7VZ33Xz6pDqr',), kwargs: {}
2025-06-10 23:51:43,295 - INFO - bot.services.blockchain - [Web3] [TX] txn (build_transaction): {'value': 0, 'chainId': 31337, 'from': '0x70997970C51812dc3A010C7d01b50e0d17dc79C8', 'nonce': 67, 'gas': 2000000, 'gasPrice': 1000056540, 'to': '0xDc64a140Aa3E981100a9becA4E685f962f0cF6C9', 'data': '0x02ec06be0000000000000000000000000000000000000000000000000000000000000020000000000000000000000000000000000000000000000000000000000000002e516d52695953534669396665414d75487248414e73535675704c783665316a47555337565a3333587a3670447172000000000000000000000000000000000000'}
2025-06-10 23:51:43,300 - INFO - bot.services.blockchain - [Web3] [TX] signed_txn: SignedTransaction(raw_transaction=HexBytes('0xf8eb43843b9ba6dc831e848094dc64a140aa3e981100a9beca4e685f962f0cf6c980b88402ec06be0000000000000000000000000000000000000000000000000000000000000020000000000000000000000000000000000000000000000000000000000000002e516d52695953534669396665414d75487248414e73535675704c783665316a47555337565a3333587a367044717200000000000000000000000000000000000082f4f5a0f05825b17b66e56ced5052768cbeb75620ffedab4eb3e59e50d6a5696843162ba0468fb72435a39e95b1fd81e30a8865a1433c0a1ebb50b75ce30fd87f6077bd86'), hash=HexBytes('0x4df4b96624b8df57183b073591d9ba8ccbd93271aadb5a2ba653ad47365c8626'), r=108710826351205563281126771237963211687987657090594134959186861211980436543019, s=31915822526880359440867066012464330549290815435570853068905166000892811918726, v=62709), type: <class 'eth_account.datastructures.SignedTransaction'>
2025-06-10 23:51:43,302 - INFO - bot.services.blockchain - [Web3] [TX] tx_hash: b'M\xf4\xb9f$\xb8\xdfW\x18;\x075\x91\xd9\xba\x8c\xcb\xd92q\xaa\xdbZ+\xa6S\xadG6\\\x86&', type: <class 'hexbytes.main.HexBytes'>
2025-06-10 23:51:43,305 - INFO - bot.services.blockchain - [Web3] Транзакция ProductRegistry.createProduct отправлена: 4df4b96624b8df57183b073591d9ba8ccbd93271aadb5a2ba653ad47365c8626
2025-06-10 23:51:43,305 - INFO - bot.services.product_registry - [ProductRegistry] Продукт успешно создан. Хэш транзакции: 4df4b96624b8df57183b073591d9ba8ccbd93271aadb5a2ba653ad47365c8626
2025-06-10 23:51:43,305 - INFO - __main__ - ✅ Продукт blue_lotus_tincture успешно загружен в смарт контракт. TX: 4df4b96624b8df57183b073591d9ba8ccbd93271aadb5a2ba653ad47365c8626
2025-06-10 23:51:43,305 - INFO - bot.services.product_registry - [ProductRegistry] Создание продукта в смарт-контракте с CID: QmNeu4EnHW9c5so7EUrkwnXWVDyjXQwRcZMoaT4uNLFE6Z
2025-06-10 23:51:43,305 - INFO - bot.services.blockchain - [BlockchainService] Создание продукта с CID: QmNeu4EnHW9c5so7EUrkwnXWVDyjXQwRcZMoaT4uNLFE6Z
2025-06-10 23:51:43,307 - INFO - bot.services.blockchain - [Web3] [TX] account.address: 0x70997970C51812dc3A010C7d01b50e0d17dc79C8
2025-06-10 23:51:43,307 - INFO - bot.services.blockchain - [Web3] [TX] func: <Function createProduct(string)>, args: ('QmNeu4EnHW9c5so7EUrkwnXWVDyjXQwRcZMoaT4uNLFE6Z',), kwargs: {}
2025-06-10 23:51:43,310 - INFO - bot.services.blockchain - [Web3] [TX] txn (build_transaction): {'value': 0, 'chainId': 31337, 'from': '0x70997970C51812dc3A010C7d01b50e0d17dc79C8', 'nonce': 68, 'gas': 2000000, 'gasPrice': 1000049589, 'to': '0xDc64a140Aa3E981100a9becA4E685f962f0cF6C9', 'data': '0x02ec06be0000000000000000000000000000000000000000000000000000000000000020000000000000000000000000000000000000000000000000000000000000002e516d4e657534456e4857396335736f374555726b776e58575644796a58517752635a4d6f615434754e4c4645365a000000000000000000000000000000000000'}
2025-06-10 23:51:43,314 - INFO - bot.services.blockchain - [Web3] [TX] signed_txn: SignedTransaction(raw_transaction=HexBytes('0xf8eb44843b9b8bb5831e848094dc64a140aa3e981100a9beca4e685f962f0cf6c980b88402ec06be0000000000000000000000000000000000000000000000000000000000000020000000000000000000000000000000000000000000000000000000000000002e516d4e657534456e4857396335736f374555726b776e58575644796a58517752635a4d6f615434754e4c4645365a00000000000000000000000000000000000082f4f5a03d59da86e5ff77c7fd69aea756ad8147e2cf06107a333ca4ff334e9aff7a535aa031d35cf62cfcb2d5a89ae75a722abd6139c96cc7a7f0cd063bc616d2c6b1a41c'), hash=HexBytes('0xb4d88ef520b466378f5909e7d52867dd383a8ba7bb6d72c4ef6a9d1f9055dba6'), r=27749841369902587825810079609235002158433974046025525168395384036408981869402, s=22536775908796771971417277883573266073472192265686327253481908360421720564764, v=62709), type: <class 'eth_account.datastructures.SignedTransaction'>
2025-06-10 23:51:43,316 - INFO - bot.services.blockchain - [Web3] [TX] tx_hash: b'\xb4\xd8\x8e\xf5 \xb4f7\x8fY\t\xe7\xd5(g\xdd8:\x8b\xa7\xbbmr\xc4\xefj\x9d\x1f\x90U\xdb\xa6', type: <class 'hexbytes.main.HexBytes'>
2025-06-10 23:51:43,318 - INFO - bot.services.blockchain - [Web3] Транзакция ProductRegistry.createProduct отправлена: b4d88ef520b466378f5909e7d52867dd383a8ba7bb6d72c4ef6a9d1f9055dba6
2025-06-10 23:51:43,318 - INFO - bot.services.product_registry - [ProductRegistry] Продукт успешно создан. Хэш транзакции: b4d88ef520b466378f5909e7d52867dd383a8ba7bb6d72c4ef6a9d1f9055dba6
2025-06-10 23:51:43,318 - INFO - __main__ - ✅ Продукт blue_lotus_flowers успешно загружен в смарт контракт. TX: b4d88ef520b466378f5909e7d52867dd383a8ba7bb6d72c4ef6a9d1f9055dba6
2025-06-10 23:51:43,318 - INFO - bot.services.product_registry - [ProductRegistry] Создание продукта в смарт-контракте с CID: QmdrnC4rbxLRsfTLSAFgMUpX8QWreS4SMZg2y5nZsa4qs1
2025-06-10 23:51:43,318 - INFO - bot.services.blockchain - [BlockchainService] Создание продукта с CID: QmdrnC4rbxLRsfTLSAFgMUpX8QWreS4SMZg2y5nZsa4qs1
2025-06-10 23:51:43,320 - INFO - bot.services.blockchain - [Web3] [TX] account.address: 0x70997970C51812dc3A010C7d01b50e0d17dc79C8
2025-06-10 23:51:43,320 - INFO - bot.services.blockchain - [Web3] [TX] func: <Function createProduct(string)>, args: ('QmdrnC4rbxLRsfTLSAFgMUpX8QWreS4SMZg2y5nZsa4qs1',), kwargs: {}
2025-06-10 23:51:43,324 - INFO - bot.services.blockchain - [Web3] [TX] txn (build_transaction): {'value': 0, 'chainId': 31337, 'from': '0x70997970C51812dc3A010C7d01b50e0d17dc79C8', 'nonce': 69, 'gas': 2000000, 'gasPrice': 1000043493, 'to': '0xDc64a140Aa3E981100a9becA4E685f962f0cF6C9', 'data': '0x02ec06be0000000000000000000000000000000000000000000000000000000000000020000000000000000000000000000000000000000000000000000000000000002e516d64726e43347262784c527366544c534146674d55705838515772655334534d5a673279356e5a736134717331000000000000000000000000000000000000'}
2025-06-10 23:51:43,328 - INFO - bot.services.blockchain - [Web3] [TX] signed_txn: SignedTransaction(raw_transaction=HexBytes('0xf8eb45843b9b73e5831e848094dc64a140aa3e981100a9beca4e685f962f0cf6c980b88402ec06be0000000000000000000000000000000000000000000000000000000000000020000000000000000000000000000000000000000000000000000000000000002e516d64726e43347262784c527366544c534146674d55705838515772655334534d5a673279356e5a73613471733100000000000000000000000000000000000082f4f6a0d6e2b1975d7dba0c92c5aac6449b52b3ab70ece3d8fdd80ceec01028155d4ab0a024f1498ba8398c4799f5f508b7534b18df2df1507893e2a3e37e30bcf3f1d29a'), hash=HexBytes('0x973f79d7ef07d51d245028a1787314b8bb10f8212daac7f65e8f217f6d3d343d'), r=97195482723360014751906581840059871716029202254838121775814231082249276443312, s=16709580284241221910999619782993184947589477009740592127065866538534854316698, v=62710), type: <class 'eth_account.datastructures.SignedTransaction'>
2025-06-10 23:51:43,330 - INFO - bot.services.blockchain - [Web3] [TX] tx_hash: b'\x97?y\xd7\xef\x07\xd5\x1d$P(\xa1xs\x14\xb8\xbb\x10\xf8!-\xaa\xc7\xf6^\x8f!\x7fm=4=', type: <class 'hexbytes.main.HexBytes'>
2025-06-10 23:51:43,332 - INFO - bot.services.blockchain - [Web3] Транзакция ProductRegistry.createProduct отправлена: 973f79d7ef07d51d245028a1787314b8bb10f8212daac7f65e8f217f6d3d343d
2025-06-10 23:51:43,332 - INFO - bot.services.product_registry - [ProductRegistry] Продукт успешно создан. Хэш транзакции: 973f79d7ef07d51d245028a1787314b8bb10f8212daac7f65e8f217f6d3d343d
2025-06-10 23:51:43,332 - INFO - __main__ - ✅ Продукт chaga_chunks успешно загружен в смарт контракт. TX: 973f79d7ef07d51d245028a1787314b8bb10f8212daac7f65e8f217f6d3d343d
2025-06-10 23:51:43,332 - INFO - bot.services.product_registry - [ProductRegistry] Создание продукта в смарт-контракте с CID: QmXnknwLebfWJXx44GUVbHFBPt3XboNcfYcMqeNZvUkmZM
2025-06-10 23:51:43,332 - INFO - bot.services.blockchain - [BlockchainService] Создание продукта с CID: QmXnknwLebfWJXx44GUVbHFBPt3XboNcfYcMqeNZvUkmZM
2025-06-10 23:51:43,334 - INFO - bot.services.blockchain - [Web3] [TX] account.address: 0x70997970C51812dc3A010C7d01b50e0d17dc79C8
2025-06-10 23:51:43,334 - INFO - bot.services.blockchain - [Web3] [TX] func: <Function createProduct(string)>, args: ('QmXnknwLebfWJXx44GUVbHFBPt3XboNcfYcMqeNZvUkmZM',), kwargs: {}
2025-06-10 23:51:43,337 - INFO - bot.services.blockchain - [Web3] [TX] txn (build_transaction): {'value': 0, 'chainId': 31337, 'from': '0x70997970C51812dc3A010C7d01b50e0d17dc79C8', 'nonce': 70, 'gas': 2000000, 'gasPrice': 1000038146, 'to': '0xDc64a140Aa3E981100a9becA4E685f962f0cF6C9', 'data': '0x02ec06be0000000000000000000000000000000000000000000000000000000000000020000000000000000000000000000000000000000000000000000000000000002e516d586e6b6e774c656266574a587834344755566248464250743358626f4e636659634d71654e5a76556b6d5a4d000000000000000000000000000000000000'}
2025-06-10 23:51:43,342 - INFO - bot.services.blockchain - [Web3] [TX] signed_txn: SignedTransaction(raw_transaction=HexBytes('0xf8eb46843b9b5f02831e848094dc64a140aa3e981100a9beca4e685f962f0cf6c980b88402ec06be0000000000000000000000000000000000000000000000000000000000000020000000000000000000000000000000000000000000000000000000000000002e516d586e6b6e774c656266574a587834344755566248464250743358626f4e636659634d71654e5a76556b6d5a4d00000000000000000000000000000000000082f4f6a017c53791f4cfe81286c2e53ea475730dc20639a1a839e91b7c4ea754e80ff144a05d41177b5afd090cc2add3021821196426042781a3b8da0855b5eabef41bf330'), hash=HexBytes('0xde622a35472497fdccbd46f54523f3f5aca1975941442ae3bda85490edd7e09c'), r=10751647920199535817253207438661416629613475069286075290106316874444191035716, s=42180102043275984298599714433611485834681282985793444314923375467403499270960, v=62710), type: <class 'eth_account.datastructures.SignedTransaction'>
2025-06-10 23:51:43,344 - INFO - bot.services.blockchain - [Web3] [TX] tx_hash: b'\xdeb*5G$\x97\xfd\xcc\xbdF\xf5E#\xf3\xf5\xac\xa1\x97YAD*\xe3\xbd\xa8T\x90\xed\xd7\xe0\x9c', type: <class 'hexbytes.main.HexBytes'>
2025-06-10 23:51:43,346 - INFO - bot.services.blockchain - [Web3] Транзакция ProductRegistry.createProduct отправлена: de622a35472497fdccbd46f54523f3f5aca1975941442ae3bda85490edd7e09c
2025-06-10 23:51:43,346 - INFO - bot.services.product_registry - [ProductRegistry] Продукт успешно создан. Хэш транзакции: de622a35472497fdccbd46f54523f3f5aca1975941442ae3bda85490edd7e09c
2025-06-10 23:51:43,346 - INFO - __main__ - ✅ Продукт cordyceps_militaris_powder успешно загружен в смарт контракт. TX: de622a35472497fdccbd46f54523f3f5aca1975941442ae3bda85490edd7e09c
2025-06-10 23:51:43,346 - INFO - bot.services.product_registry - [ProductRegistry] Создание продукта в смарт-контракте с CID: QmYxPRZD9aYAxY8yV2nnTKY4dmU7vZDtnY2Y9jF487yHQK
2025-06-10 23:51:43,346 - INFO - bot.services.blockchain - [BlockchainService] Создание продукта с CID: QmYxPRZD9aYAxY8yV2nnTKY4dmU7vZDtnY2Y9jF487yHQK
2025-06-10 23:51:43,349 - INFO - bot.services.blockchain - [Web3] [TX] account.address: 0x70997970C51812dc3A010C7d01b50e0d17dc79C8
2025-06-10 23:51:43,349 - INFO - bot.services.blockchain - [Web3] [TX] func: <Function createProduct(string)>, args: ('QmYxPRZD9aYAxY8yV2nnTKY4dmU7vZDtnY2Y9jF487yHQK',), kwargs: {}
2025-06-10 23:51:43,352 - INFO - bot.services.blockchain - [Web3] [TX] txn (build_transaction): {'value': 0, 'chainId': 31337, 'from': '0x70997970C51812dc3A010C7d01b50e0d17dc79C8', 'nonce': 71, 'gas': 2000000, 'gasPrice': 1000033456, 'to': '0xDc64a140Aa3E981100a9becA4E685f962f0cF6C9', 'data': '0x02ec06be0000000000000000000000000000000000000000000000000000000000000020000000000000000000000000000000000000000000000000000000000000002e516d597850525a44396159417859387956326e6e544b5934646d5537765a44746e593259396a463438377948514b000000000000000000000000000000000000'}
2025-06-10 23:51:43,357 - INFO - bot.services.blockchain - [Web3] [TX] signed_txn: SignedTransaction(raw_transaction=HexBytes('0xf8eb47843b9b4cb0831e848094dc64a140aa3e981100a9beca4e685f962f0cf6c980b88402ec06be0000000000000000000000000000000000000000000000000000000000000020000000000000000000000000000000000000000000000000000000000000002e516d597850525a44396159417859387956326e6e544b5934646d5537765a44746e593259396a463438377948514b00000000000000000000000000000000000082f4f6a0ebeec01373b1172c8f126109b98ab1cf6f29fa1ee953c4bdf43d9bbc5dbaa5fda066a8cb525e660801276b6076ace5446ed04e9b383c497d3740bfeea66eec64ba'), hash=HexBytes('0x5fb326c9a26f560989b8488495f6b762eb512b6e8a11510be01db8bf96aa67cb'), r=106715354678206191560102490334291915059810918673107382533798809513127856219645, s=46434144137541294018054454721385656156923698166473931707599419325427863020730, v=62710), type: <class 'eth_account.datastructures.SignedTransaction'>
2025-06-10 23:51:43,360 - INFO - bot.services.blockchain - [Web3] [TX] tx_hash: b'_\xb3&\xc9\xa2oV\t\x89\xb8H\x84\x95\xf6\xb7b\xebQ+n\x8a\x11Q\x0b\xe0\x1d\xb8\xbf\x96\xaag\xcb', type: <class 'hexbytes.main.HexBytes'>
2025-06-10 23:51:43,364 - INFO - bot.services.blockchain - [Web3] Транзакция ProductRegistry.createProduct отправлена: 5fb326c9a26f560989b8488495f6b762eb512b6e8a11510be01db8bf96aa67cb
2025-06-10 23:51:43,364 - INFO - bot.services.product_registry - [ProductRegistry] Продукт успешно создан. Хэш транзакции: 5fb326c9a26f560989b8488495f6b762eb512b6e8a11510be01db8bf96aa67cb
2025-06-10 23:51:43,364 - INFO - __main__ - ✅ Продукт cordyceps_militaris_dried_bodies успешно загружен в смарт контракт. TX: 5fb326c9a26f560989b8488495f6b762eb512b6e8a11510be01db8bf96aa67cb
2025-06-10 23:51:43,364 - INFO - bot.services.product_registry - [ProductRegistry] Создание продукта в смарт-контракте с CID: QmWtDi6u5t5rnmrgxgjbZ5KStwv8YGBzpK1sSxCgjMdZKT
2025-06-10 23:51:43,364 - INFO - bot.services.blockchain - [BlockchainService] Создание продукта с CID: QmWtDi6u5t5rnmrgxgjbZ5KStwv8YGBzpK1sSxCgjMdZKT
2025-06-10 23:51:43,367 - INFO - bot.services.blockchain - [Web3] [TX] account.address: 0x70997970C51812dc3A010C7d01b50e0d17dc79C8
2025-06-10 23:51:43,367 - INFO - bot.services.blockchain - [Web3] [TX] func: <Function createProduct(string)>, args: ('QmWtDi6u5t5rnmrgxgjbZ5KStwv8YGBzpK1sSxCgjMdZKT',), kwargs: {}
2025-06-10 23:51:43,372 - INFO - bot.services.blockchain - [Web3] [TX] txn (build_transaction): {'value': 0, 'chainId': 31337, 'from': '0x70997970C51812dc3A010C7d01b50e0d17dc79C8', 'nonce': 72, 'gas': 2000000, 'gasPrice': 1000029343, 'to': '0xDc64a140Aa3E981100a9becA4E685f962f0cF6C9', 'data': '0x02ec06be0000000000000000000000000000000000000000000000000000000000000020000000000000000000000000000000000000000000000000000000000000002e516d577444693675357435726e6d726778676a625a354b53747776385947427a704b3173537843676a4d645a4b54000000000000000000000000000000000000'}
2025-06-10 23:51:43,377 - INFO - bot.services.blockchain - [Web3] [TX] signed_txn: SignedTransaction(raw_transaction=HexBytes('0xf8eb48843b9b3c9f831e848094dc64a140aa3e981100a9beca4e685f962f0cf6c980b88402ec06be0000000000000000000000000000000000000000000000000000000000000020000000000000000000000000000000000000000000000000000000000000002e516d577444693675357435726e6d726778676a625a354b53747776385947427a704b3173537843676a4d645a4b5400000000000000000000000000000000000082f4f6a0e323477a30f8b40d754e7a772167961e515d8a4f8a63ebfc2c11685ee8ebcb09a0243125c117d8a885dda8aa8acd75aa8317fd8328df99d9e22cd7d412f89a452e'), hash=HexBytes('0x3344e2592215312185cf40b77f91471be4a1c6d7f27bcf5cc9942e00ba0c6206'), r=102737349593930129750658259895121869987720253224674422472337814723413993573129, s=16370098625567579584876052781299596283878205354857434672414677160709186012462, v=62710), type: <class 'eth_account.datastructures.SignedTransaction'>
2025-06-10 23:51:43,379 - INFO - bot.services.blockchain - [Web3] [TX] tx_hash: b'3D\xe2Y"\x151!\x85\xcf@\xb7\x7f\x91G\x1b\xe4\xa1\xc6\xd7\xf2{\xcf\\\xc9\x94.\x00\xba\x0cb\x06', type: <class 'hexbytes.main.HexBytes'>
2025-06-10 23:51:43,381 - INFO - bot.services.blockchain - [Web3] Транзакция ProductRegistry.createProduct отправлена: 3344e2592215312185cf40b77f91471be4a1c6d7f27bcf5cc9942e00ba0c6206
2025-06-10 23:51:43,381 - INFO - bot.services.product_registry - [ProductRegistry] Продукт успешно создан. Хэш транзакции: 3344e2592215312185cf40b77f91471be4a1c6d7f27bcf5cc9942e00ba0c6206
2025-06-10 23:51:43,381 - INFO - __main__ - ✅ Продукт chanterelle_dried успешно загружен в смарт контракт. TX: 3344e2592215312185cf40b77f91471be4a1c6d7f27bcf5cc9942e00ba0c6206
2025-06-10 23:51:43,381 - INFO - bot.services.product_registry - [ProductRegistry] Создание продукта в смарт-контракте с CID: QmVgK7bn2MVwaqVAcJyvMLdBxrBfoxHPuYMCEmToxsHfYg
2025-06-10 23:51:43,381 - INFO - bot.services.blockchain - [BlockchainService] Создание продукта с CID: QmVgK7bn2MVwaqVAcJyvMLdBxrBfoxHPuYMCEmToxsHfYg
2025-06-10 23:51:43,383 - INFO - bot.services.blockchain - [Web3] [TX] account.address: 0x70997970C51812dc3A010C7d01b50e0d17dc79C8
2025-06-10 23:51:43,383 - INFO - bot.services.blockchain - [Web3] [TX] func: <Function createProduct(string)>, args: ('QmVgK7bn2MVwaqVAcJyvMLdBxrBfoxHPuYMCEmToxsHfYg',), kwargs: {}
2025-06-10 23:51:43,387 - INFO - bot.services.blockchain - [Web3] [TX] txn (build_transaction): {'value': 0, 'chainId': 31337, 'from': '0x70997970C51812dc3A010C7d01b50e0d17dc79C8', 'nonce': 73, 'gas': 2000000, 'gasPrice': 1000025736, 'to': '0xDc64a140Aa3E981100a9becA4E685f962f0cF6C9', 'data': '0x02ec06be0000000000000000000000000000000000000000000000000000000000000020000000000000000000000000000000000000000000000000000000000000002e516d56674b37626e324d567761715641634a79764d4c6442787242666f78485075594d43456d546f787348665967000000000000000000000000000000000000'}
2025-06-10 23:51:43,391 - INFO - bot.services.blockchain - [Web3] [TX] signed_txn: SignedTransaction(raw_transaction=HexBytes('0xf8eb49843b9b2e88831e848094dc64a140aa3e981100a9beca4e685f962f0cf6c980b88402ec06be0000000000000000000000000000000000000000000000000000000000000020000000000000000000000000000000000000000000000000000000000000002e516d56674b37626e324d567761715641634a79764d4c6442787242666f78485075594d43456d546f78734866596700000000000000000000000000000000000082f4f5a055f540005ade2bf0b045019324e12da26fba43c69ab04446649e6fa247eca1d7a03d93b1b8ac371dc845025821796f3c7c1fe717ce845f2f80e4b9e2438296a10f'), hash=HexBytes('0x3809863f10663ef082778584c7f9da048a1473fa349fc3493e3a3588e0c851b9'), r=38879911381784044130826767615054594902473545192262682220726286283329615208919, s=27852036869971628585700349570594956575212741286914233507167036358719503245583, v=62709), type: <class 'eth_account.datastructures.SignedTransaction'>
2025-06-10 23:51:43,393 - INFO - bot.services.blockchain - [Web3] [TX] tx_hash: b'8\t\x86?\x10f>\xf0\x82w\x85\x84\xc7\xf9\xda\x04\x8a\x14s\xfa4\x9f\xc3I>:5\x88\xe0\xc8Q\xb9', type: <class 'hexbytes.main.HexBytes'>
2025-06-10 23:51:43,395 - INFO - bot.services.blockchain - [Web3] Транзакция ProductRegistry.createProduct отправлена: 3809863f10663ef082778584c7f9da048a1473fa349fc3493e3a3588e0c851b9
2025-06-10 23:51:43,395 - INFO - bot.services.product_registry - [ProductRegistry] Продукт успешно создан. Хэш транзакции: 3809863f10663ef082778584c7f9da048a1473fa349fc3493e3a3588e0c851b9
2025-06-10 23:51:43,395 - INFO - __main__ - ✅ Продукт chanterelle_powder успешно загружен в смарт контракт. TX: 3809863f10663ef082778584c7f9da048a1473fa349fc3493e3a3588e0c851b9
2025-06-10 23:51:43,395 - INFO - bot.services.product_registry - [ProductRegistry] Создание продукта в смарт-контракте с CID: QmcCqsvoF2XZSBbwQoBRbMvyTWNYe2fq6r4kv9VE2shxSD
2025-06-10 23:51:43,395 - INFO - bot.services.blockchain - [BlockchainService] Создание продукта с CID: QmcCqsvoF2XZSBbwQoBRbMvyTWNYe2fq6r4kv9VE2shxSD
2025-06-10 23:51:43,397 - INFO - bot.services.blockchain - [Web3] [TX] account.address: 0x70997970C51812dc3A010C7d01b50e0d17dc79C8
2025-06-10 23:51:43,398 - INFO - bot.services.blockchain - [Web3] [TX] func: <Function createProduct(string)>, args: ('QmcCqsvoF2XZSBbwQoBRbMvyTWNYe2fq6r4kv9VE2shxSD',), kwargs: {}
2025-06-10 23:51:43,400 - INFO - bot.services.blockchain - [Web3] [TX] txn (build_transaction): {'value': 0, 'chainId': 31337, 'from': '0x70997970C51812dc3A010C7d01b50e0d17dc79C8', 'nonce': 74, 'gas': 2000000, 'gasPrice': 1000022572, 'to': '0xDc64a140Aa3E981100a9becA4E685f962f0cF6C9', 'data': '0x02ec06be0000000000000000000000000000000000000000000000000000000000000020000000000000000000000000000000000000000000000000000000000000002e516d63437173766f4632585a53426277516f4252624d767954574e59653266713672346b76395645327368785344000000000000000000000000000000000000'}
2025-06-10 23:51:43,405 - INFO - bot.services.blockchain - [Web3] [TX] signed_txn: SignedTransaction(raw_transaction=HexBytes('0xf8eb4a843b9b222c831e848094dc64a140aa3e981100a9beca4e685f962f0cf6c980b88402ec06be0000000000000000000000000000000000000000000000000000000000000020000000000000000000000000000000000000000000000000000000000000002e516d63437173766f4632585a53426277516f4252624d767954574e59653266713672346b7639564532736878534400000000000000000000000000000000000082f4f5a0d62d669322f0ac7e1d9913dc5beaae3ca35a84ccca1e7900fc33fd569fc99e0fa02073c83bf30e3948bcd8d4431292e283b153c81e32540ff17b4216b120d08d53'), hash=HexBytes('0x705470516189926f4cc67463ce65b3d9e8ddfa31703e24359be0242dd16f4fdd'), r=96875165659653192490527374595060708301264574082015195652660782679863276969487, s=14678580532616988293954070167595905241841127809416850980412053518538117254483, v=62709), type: <class 'eth_account.datastructures.SignedTransaction'>
2025-06-10 23:51:43,407 - INFO - bot.services.blockchain - [Web3] [TX] tx_hash: b'pTpQa\x89\x92oL\xc6tc\xcee\xb3\xd9\xe8\xdd\xfa1p>$5\x9b\xe0$-\xd1oO\xdd', type: <class 'hexbytes.main.HexBytes'>
2025-06-10 23:51:43,410 - INFO - bot.services.blockchain - [Web3] Транзакция ProductRegistry.createProduct отправлена: 705470516189926f4cc67463ce65b3d9e8ddfa31703e24359be0242dd16f4fdd
2025-06-10 23:51:43,410 - INFO - bot.services.product_registry - [ProductRegistry] Продукт успешно создан. Хэш транзакции: 705470516189926f4cc67463ce65b3d9e8ddfa31703e24359be0242dd16f4fdd
2025-06-10 23:51:43,410 - INFO - __main__ - ✅ Продукт aspen_bark_dried_strips успешно загружен в смарт контракт. TX: 705470516189926f4cc67463ce65b3d9e8ddfa31703e24359be0242dd16f4fdd
2025-06-10 23:51:43,410 - INFO - bot.services.product_registry - [ProductRegistry] Создание продукта в смарт-контракте с CID: Qmb7s7cjpqYzKhwRFwwmnYkKZYmQgrzWYKwRHFkPHd6pVN
2025-06-10 23:51:43,410 - INFO - bot.services.blockchain - [BlockchainService] Создание продукта с CID: Qmb7s7cjpqYzKhwRFwwmnYkKZYmQgrzWYKwRHFkPHd6pVN
2025-06-10 23:51:43,412 - INFO - bot.services.blockchain - [Web3] [TX] account.address: 0x70997970C51812dc3A010C7d01b50e0d17dc79C8
2025-06-10 23:51:43,412 - INFO - bot.services.blockchain - [Web3] [TX] func: <Function createProduct(string)>, args: ('Qmb7s7cjpqYzKhwRFwwmnYkKZYmQgrzWYKwRHFkPHd6pVN',), kwargs: {}
2025-06-10 23:51:43,415 - INFO - bot.services.blockchain - [Web3] [TX] txn (build_transaction): {'value': 0, 'chainId': 31337, 'from': '0x70997970C51812dc3A010C7d01b50e0d17dc79C8', 'nonce': 75, 'gas': 2000000, 'gasPrice': 1000019797, 'to': '0xDc64a140Aa3E981100a9becA4E685f962f0cF6C9', 'data': '0x02ec06be0000000000000000000000000000000000000000000000000000000000000020000000000000000000000000000000000000000000000000000000000000002e516d62377337636a7071597a4b6877524677776d6e596b4b5a596d5167727a57594b775248466b5048643670564e000000000000000000000000000000000000'}
2025-06-10 23:51:43,420 - INFO - bot.services.blockchain - [Web3] [TX] signed_txn: SignedTransaction(raw_transaction=HexBytes('0xf8eb4b843b9b1755831e848094dc64a140aa3e981100a9beca4e685f962f0cf6c980b88402ec06be0000000000000000000000000000000000000000000000000000000000000020000000000000000000000000000000000000000000000000000000000000002e516d62377337636a7071597a4b6877524677776d6e596b4b5a596d5167727a57594b775248466b5048643670564e00000000000000000000000000000000000082f4f6a0eafda0834039523f3e1c6cb5b75dded77df32ec6707ac17105c7f46386c0ddbaa04412d023c3514cbd8a2f981c3319f2db805c976d2a8dae82eeb35a668e2c9cf8'), hash=HexBytes('0xa4b08884b5335785b03a66378501d253b0c297b7f8184403a40bfe1c9e28435b'), r=106289326693805333274311714232751015552741360703331507281007983623398601317818, s=30790513478235732774565027761350909819080584960309497878005222795867159567608, v=62710), type: <class 'eth_account.datastructures.SignedTransaction'>
2025-06-10 23:51:43,425 - INFO - bot.services.blockchain - [Web3] [TX] tx_hash: b'\xa4\xb0\x88\x84\xb53W\x85\xb0:f7\x85\x01\xd2S\xb0\xc2\x97\xb7\xf8\x18D\x03\xa4\x0b\xfe\x1c\x9e(C[', type: <class 'hexbytes.main.HexBytes'>
2025-06-10 23:51:43,429 - INFO - bot.services.blockchain - [Web3] Транзакция ProductRegistry.createProduct отправлена: a4b08884b5335785b03a66378501d253b0c297b7f8184403a40bfe1c9e28435b
2025-06-10 23:51:43,429 - INFO - bot.services.product_registry - [ProductRegistry] Продукт успешно создан. Хэш транзакции: a4b08884b5335785b03a66378501d253b0c297b7f8184403a40bfe1c9e28435b
2025-06-10 23:51:43,429 - INFO - __main__ - ✅ Продукт lions_mane_powder успешно загружен в смарт контракт. TX: a4b08884b5335785b03a66378501d253b0c297b7f8184403a40bfe1c9e28435b
2025-06-10 23:51:43,429 - INFO - bot.services.product_registry - [ProductRegistry] Создание продукта в смарт-контракте с CID: QmTnLDtj1k8mHCPQs8v54xDrBUgNsmmjHAMtNzaVVi9oNa
2025-06-10 23:51:43,429 - INFO - bot.services.blockchain - [BlockchainService] Создание продукта с CID: QmTnLDtj1k8mHCPQs8v54xDrBUgNsmmjHAMtNzaVVi9oNa
2025-06-10 23:51:43,432 - INFO - bot.services.blockchain - [Web3] [TX] account.address: 0x70997970C51812dc3A010C7d01b50e0d17dc79C8
2025-06-10 23:51:43,432 - INFO - bot.services.blockchain - [Web3] [TX] func: <Function createProduct(string)>, args: ('QmTnLDtj1k8mHCPQs8v54xDrBUgNsmmjHAMtNzaVVi9oNa',), kwargs: {}
2025-06-10 23:51:43,435 - INFO - bot.services.blockchain - [Web3] [TX] txn (build_transaction): {'value': 0, 'chainId': 31337, 'from': '0x70997970C51812dc3A010C7d01b50e0d17dc79C8', 'nonce': 76, 'gas': 2000000, 'gasPrice': 1000017363, 'to': '0xDc64a140Aa3E981100a9becA4E685f962f0cF6C9', 'data': '0x02ec06be0000000000000000000000000000000000000000000000000000000000000020000000000000000000000000000000000000000000000000000000000000002e516d546e4c44746a316b386d4843505173387635347844724255674e736d6d6a48414d744e7a61565669396f4e61000000000000000000000000000000000000'}
2025-06-10 23:51:43,440 - INFO - bot.services.blockchain - [Web3] [TX] signed_txn: SignedTransaction(raw_transaction=HexBytes('0xf8eb4c843b9b0dd3831e848094dc64a140aa3e981100a9beca4e685f962f0cf6c980b88402ec06be0000000000000000000000000000000000000000000000000000000000000020000000000000000000000000000000000000000000000000000000000000002e516d546e4c44746a316b386d4843505173387635347844724255674e736d6d6a48414d744e7a61565669396f4e6100000000000000000000000000000000000082f4f6a09ad68f985ae9a29c84d3a7e358a639025909a68c8387477d44d8da4ff3862f27a024b9ba09aabc769ef6efe5819378ed1d2fea176c1e0b906ee5333305a28f2339'), hash=HexBytes('0x074a99e63757f7b58f61ea3070fc59cff3c8d577338dfe24a071302f136a27f5'), r=70035275010899300710623649207076284475433402775129727061984265548196984794919, s=16611413241422233046007795965090558424728708845205291046195779197906415723321, v=62710), type: <class 'eth_account.datastructures.SignedTransaction'>
2025-06-10 23:51:43,442 - INFO - bot.services.blockchain - [Web3] [TX] tx_hash: b"\x07J\x99\xe67W\xf7\xb5\x8fa\xea0p\xfcY\xcf\xf3\xc8\xd5w3\x8d\xfe$\xa0q0/\x13j'\xf5", type: <class 'hexbytes.main.HexBytes'>
2025-06-10 23:51:43,444 - INFO - bot.services.blockchain - [Web3] Транзакция ProductRegistry.createProduct отправлена: 074a99e63757f7b58f61ea3070fc59cff3c8d577338dfe24a071302f136a27f5
2025-06-10 23:51:43,445 - INFO - bot.services.product_registry - [ProductRegistry] Продукт успешно создан. Хэш транзакции: 074a99e63757f7b58f61ea3070fc59cff3c8d577338dfe24a071302f136a27f5
2025-06-10 23:51:43,445 - INFO - __main__ - ✅ Продукт Lion's Mane mushroom — whole dried успешно загружен в смарт контракт. TX: 074a99e63757f7b58f61ea3070fc59cff3c8d577338dfe24a071302f136a27f5
2025-06-10 23:51:43,445 - INFO - __main__ - 📊 Итоги загрузки:
2025-06-10 23:51:43,445 - INFO - __main__ - ✅ Успешно загружено: 17
2025-06-10 23:51:43,445 - INFO - __main__ - ❌ Ошибок: 17
2025-06-10 23:51:43,445 - INFO - __main__ - 🔍 Детали ошибок:
2025-06-10 23:51:43,445 - ERROR - __main__ -   - Продукт amanita1: Транзакция не прошла
2025-06-10 23:51:43,445 - ERROR - __main__ -   - Продукт amanita_closed_cups: Транзакция не прошла
2025-06-10 23:51:43,445 - ERROR - __main__ -   - Продукт amanita_broken_closed_cups: Транзакция не прошла
2025-06-10 23:51:43,445 - ERROR - __main__ -   - Продукт amanita_lux: Транзакция не прошла
2025-06-10 23:51:43,445 - ERROR - __main__ -   - Продукт amanita_pantherina_whole: Транзакция не прошла
2025-06-10 23:51:43,445 - ERROR - __main__ -   - Продукт amanita_pantherina_powder: Транзакция не прошла
2025-06-10 23:51:43,445 - ERROR - __main__ -   - Продукт amanita_tincture: Транзакция не прошла
2025-06-10 23:51:43,445 - ERROR - __main__ -   - Продукт blue_lotus_tincture: Транзакция не прошла
2025-06-10 23:51:43,445 - ERROR - __main__ -   - Продукт blue_lotus_flowers: Транзакция не прошла
2025-06-10 23:51:43,445 - ERROR - __main__ -   - Продукт chaga_chunks: Транзакция не прошла
2025-06-10 23:51:43,445 - ERROR - __main__ -   - Продукт cordyceps_militaris_powder: Транзакция не прошла
2025-06-10 23:51:43,445 - ERROR - __main__ -   - Продукт cordyceps_militaris_dried_bodies: Транзакция не прошла
2025-06-10 23:51:43,445 - ERROR - __main__ -   - Продукт chanterelle_dried: Транзакция не прошла
2025-06-10 23:51:43,445 - ERROR - __main__ -   - Продукт chanterelle_powder: Транзакция не прошла
2025-06-10 23:51:43,446 - ERROR - __main__ -   - Продукт aspen_bark_dried_strips: Транзакция не прошла
2025-06-10 23:51:43,446 - ERROR - __main__ -   - Продукт lions_mane_powder: Транзакция не прошла
2025-06-10 23:51:43,446 - ERROR - __main__ -   - Продукт Lion's Mane mushroom — whole dried: Транзакция не прошла
2025-06-10 23:51:43,446 - ERROR - __main__ - ❌ Процесс завершился с ошибками
2025-06-10 23:54:04,442 - INFO - __main__ - 🚀 Запуск загрузки продуктов в смарт-контракт
2025-06-10 23:54:04,443 - INFO - __main__ - 📦 Загрузка данных из JSON...
2025-06-10 23:54:04,444 - INFO - __main__ - 📦 Загружено 17 продуктов
2025-06-10 23:54:04,444 - INFO - __main__ - 📝 Загрузка продуктов в реестр...
2025-06-10 23:54:04,444 - INFO - bot.services.product_registry - [ProductRegistry] Создание продукта в смарт-контракте с CID: QmeGq712hKBE5jH3DqMnUax1mwfYAxg3pinM9Kk4aRCH7z
2025-06-10 23:54:04,444 - INFO - bot.services.blockchain - [BlockchainService] Создание продукта с CID: QmeGq712hKBE5jH3DqMnUax1mwfYAxg3pinM9Kk4aRCH7z
2025-06-10 23:54:04,447 - INFO - bot.services.blockchain - [Web3] [TX] account.address: 0x70997970C51812dc3A010C7d01b50e0d17dc79C8
2025-06-10 23:54:04,448 - INFO - bot.services.blockchain - [Web3] [TX] func: <Function createProduct(string)>, args: ('QmeGq712hKBE5jH3DqMnUax1mwfYAxg3pinM9Kk4aRCH7z',), kwargs: {}
2025-06-10 23:54:04,453 - INFO - bot.services.blockchain - [Web3] [TX] txn (build_transaction): {'value': 0, 'chainId': 31337, 'from': '0x70997970C51812dc3A010C7d01b50e0d17dc79C8', 'nonce': 77, 'gas': 2000000, 'gasPrice': 1000015229, 'to': '0xDc64a140Aa3E981100a9becA4E685f962f0cF6C9', 'data': '0x02ec06be0000000000000000000000000000000000000000000000000000000000000020000000000000000000000000000000000000000000000000000000000000002e516d654771373132684b4245356a483344714d6e556178316d7766594178673370696e4d394b6b3461524348377a000000000000000000000000000000000000'}
2025-06-10 23:54:04,458 - INFO - bot.services.blockchain - [Web3] [TX] signed_txn: SignedTransaction(raw_transaction=HexBytes('0xf8eb4d843b9b057d831e848094dc64a140aa3e981100a9beca4e685f962f0cf6c980b88402ec06be0000000000000000000000000000000000000000000000000000000000000020000000000000000000000000000000000000000000000000000000000000002e516d654771373132684b4245356a483344714d6e556178316d7766594178673370696e4d394b6b3461524348377a00000000000000000000000000000000000082f4f5a0fe9abc9a8b0a0f57a0e921805f310ca3b381656027bb154d7b097a0cba06774da04bb350dfe313cf0502ed53e96908bb0b1139fc5204e5abd8e54139d76174056c'), hash=HexBytes('0x580ea009c8ee221ca2b8c82c79650acfbe2bbc9deda1e55c13d1840509086411'), r=115160859682913064158217515531167752055059270135403619764969654734755169990477, s=34240287444030198965732589997781528536746094713741657408526050581368840389996, v=62709), type: <class 'eth_account.datastructures.SignedTransaction'>
2025-06-10 23:54:04,466 - INFO - bot.services.blockchain - [Web3] [TX] tx_hash: b'X\x0e\xa0\t\xc8\xee"\x1c\xa2\xb8\xc8,ye\n\xcf\xbe+\xbc\x9d\xed\xa1\xe5\\\x13\xd1\x84\x05\t\x08d\x11', type: <class 'hexbytes.main.HexBytes'>
2025-06-10 23:54:04,470 - INFO - bot.services.blockchain - [Web3] Транзакция ProductRegistry.createProduct отправлена: 580ea009c8ee221ca2b8c82c79650acfbe2bbc9deda1e55c13d1840509086411
2025-06-10 23:54:04,472 - INFO - bot.services.product_registry - [ProductRegistry] Продукт успешно создан. Хэш транзакции: 580ea009c8ee221ca2b8c82c79650acfbe2bbc9deda1e55c13d1840509086411
2025-06-10 23:54:04,473 - INFO - __main__ - ✅ Продукт amanita1 успешно загружен в смарт контракт. TX: 580ea009c8ee221ca2b8c82c79650acfbe2bbc9deda1e55c13d1840509086411
2025-06-10 23:54:04,473 - INFO - bot.services.product_registry - [ProductRegistry] Создание продукта в смарт-контракте с CID: QmdhoN7QQXzwfv9HG86xGNDHjUJnFeMDbbegoXnu4T8ZdU
2025-06-10 23:54:04,473 - INFO - bot.services.blockchain - [BlockchainService] Создание продукта с CID: QmdhoN7QQXzwfv9HG86xGNDHjUJnFeMDbbegoXnu4T8ZdU
2025-06-10 23:54:04,475 - INFO - bot.services.blockchain - [Web3] [TX] account.address: 0x70997970C51812dc3A010C7d01b50e0d17dc79C8
2025-06-10 23:54:04,475 - INFO - bot.services.blockchain - [Web3] [TX] func: <Function createProduct(string)>, args: ('QmdhoN7QQXzwfv9HG86xGNDHjUJnFeMDbbegoXnu4T8ZdU',), kwargs: {}
2025-06-10 23:54:04,479 - INFO - bot.services.blockchain - [Web3] [TX] txn (build_transaction): {'value': 0, 'chainId': 31337, 'from': '0x70997970C51812dc3A010C7d01b50e0d17dc79C8', 'nonce': 78, 'gas': 2000000, 'gasPrice': 1000013357, 'to': '0xDc64a140Aa3E981100a9becA4E685f962f0cF6C9', 'data': '0x02ec06be0000000000000000000000000000000000000000000000000000000000000020000000000000000000000000000000000000000000000000000000000000002e516d64686f4e375151587a776676394847383678474e44486a554a6e46654d44626265676f586e753454385a6455000000000000000000000000000000000000'}
2025-06-10 23:54:04,485 - INFO - bot.services.blockchain - [Web3] [TX] signed_txn: SignedTransaction(raw_transaction=HexBytes('0xf8eb4e843b9afe2d831e848094dc64a140aa3e981100a9beca4e685f962f0cf6c980b88402ec06be0000000000000000000000000000000000000000000000000000000000000020000000000000000000000000000000000000000000000000000000000000002e516d64686f4e375151587a776676394847383678474e44486a554a6e46654d44626265676f586e753454385a645500000000000000000000000000000000000082f4f6a0ad6e4ee05c8667e6fc9f7bcad71afaf56d33a00980081430250f99ecccfae16aa046fe415977a420c6bdfd351da244b1dcc1b59fc5832df2308f00dbabfc49d901'), hash=HexBytes('0xf146692eb4e56a5ffda09f794b6cc0380b685c96e0d9b28859d70375775ffc3e'), r=78445020367017832771281753259331880245363994823517164033747484845999946129770, s=32111129580829832633850527296311940484241713513491671722859089357091910572289, v=62710), type: <class 'eth_account.datastructures.SignedTransaction'>
2025-06-10 23:54:04,493 - INFO - bot.services.blockchain - [Web3] [TX] tx_hash: b'\xf1Fi.\xb4\xe5j_\xfd\xa0\x9fyKl\xc08\x0bh\\\x96\xe0\xd9\xb2\x88Y\xd7\x03uw_\xfc>', type: <class 'hexbytes.main.HexBytes'>
2025-06-10 23:54:04,499 - INFO - bot.services.blockchain - [Web3] Транзакция ProductRegistry.createProduct отправлена: f146692eb4e56a5ffda09f794b6cc0380b685c96e0d9b28859d70375775ffc3e
2025-06-10 23:54:04,503 - INFO - bot.services.product_registry - [ProductRegistry] Продукт успешно создан. Хэш транзакции: f146692eb4e56a5ffda09f794b6cc0380b685c96e0d9b28859d70375775ffc3e
2025-06-10 23:54:04,503 - INFO - __main__ - ✅ Продукт amanita_closed_cups успешно загружен в смарт контракт. TX: f146692eb4e56a5ffda09f794b6cc0380b685c96e0d9b28859d70375775ffc3e
2025-06-10 23:54:04,503 - INFO - bot.services.product_registry - [ProductRegistry] Создание продукта в смарт-контракте с CID: QmU1o4AZahdrYTwPA8RyLyRm5MopcQ9PH8sWp8PuZMmMTb
2025-06-10 23:54:04,503 - INFO - bot.services.blockchain - [BlockchainService] Создание продукта с CID: QmU1o4AZahdrYTwPA8RyLyRm5MopcQ9PH8sWp8PuZMmMTb
2025-06-10 23:54:04,506 - INFO - bot.services.blockchain - [Web3] [TX] account.address: 0x70997970C51812dc3A010C7d01b50e0d17dc79C8
2025-06-10 23:54:04,506 - INFO - bot.services.blockchain - [Web3] [TX] func: <Function createProduct(string)>, args: ('QmU1o4AZahdrYTwPA8RyLyRm5MopcQ9PH8sWp8PuZMmMTb',), kwargs: {}
2025-06-10 23:54:04,509 - INFO - bot.services.blockchain - [Web3] [TX] txn (build_transaction): {'value': 0, 'chainId': 31337, 'from': '0x70997970C51812dc3A010C7d01b50e0d17dc79C8', 'nonce': 79, 'gas': 2000000, 'gasPrice': 1000011715, 'to': '0xDc64a140Aa3E981100a9becA4E685f962f0cF6C9', 'data': '0x02ec06be0000000000000000000000000000000000000000000000000000000000000020000000000000000000000000000000000000000000000000000000000000002e516d55316f34415a6168647259547750413852794c79526d354d6f706351395048387357703850755a4d6d4d5462000000000000000000000000000000000000'}
2025-06-10 23:54:04,514 - INFO - bot.services.blockchain - [Web3] [TX] signed_txn: SignedTransaction(raw_transaction=HexBytes('0xf8eb4f843b9af7c3831e848094dc64a140aa3e981100a9beca4e685f962f0cf6c980b88402ec06be0000000000000000000000000000000000000000000000000000000000000020000000000000000000000000000000000000000000000000000000000000002e516d55316f34415a6168647259547750413852794c79526d354d6f706351395048387357703850755a4d6d4d546200000000000000000000000000000000000082f4f6a0d0491fe3f2ec8d1d5e8ac0e95e44bd423df053102069c7d3e4dc77b3a09d4ef5a00b5332057a4f55cfa79ca12c80b811a307cdd4dad504a26a86fbd8825017848e'), hash=HexBytes('0xa2796a505f53083fab2f6a5a26e85b989b9856c8f5830049c0324188de961495'), r=94210272440675760903674794329482015763703358664976078073034407203913842118389, s=5122434875790345227179272220486318674428355058792105599765673767625463137422, v=62710), type: <class 'eth_account.datastructures.SignedTransaction'>
2025-06-10 23:54:04,518 - INFO - bot.services.blockchain - [Web3] [TX] tx_hash: b'\xa2yjP_S\x08?\xab/jZ&\xe8[\x98\x9b\x98V\xc8\xf5\x83\x00I\xc02A\x88\xde\x96\x14\x95', type: <class 'hexbytes.main.HexBytes'>
2025-06-10 23:54:04,521 - INFO - bot.services.blockchain - [Web3] Транзакция ProductRegistry.createProduct отправлена: a2796a505f53083fab2f6a5a26e85b989b9856c8f5830049c0324188de961495
2025-06-10 23:54:04,523 - INFO - bot.services.product_registry - [ProductRegistry] Продукт успешно создан. Хэш транзакции: a2796a505f53083fab2f6a5a26e85b989b9856c8f5830049c0324188de961495
2025-06-10 23:54:04,523 - INFO - __main__ - ✅ Продукт amanita_broken_closed_cups успешно загружен в смарт контракт. TX: a2796a505f53083fab2f6a5a26e85b989b9856c8f5830049c0324188de961495
2025-06-10 23:54:04,524 - INFO - bot.services.product_registry - [ProductRegistry] Создание продукта в смарт-контракте с CID: QmSrLZMi3XRmPvzYVe9pNCZLqYbjSthgg792s26cyPBhcX
2025-06-10 23:54:04,524 - INFO - bot.services.blockchain - [BlockchainService] Создание продукта с CID: QmSrLZMi3XRmPvzYVe9pNCZLqYbjSthgg792s26cyPBhcX
2025-06-10 23:54:04,526 - INFO - bot.services.blockchain - [Web3] [TX] account.address: 0x70997970C51812dc3A010C7d01b50e0d17dc79C8
2025-06-10 23:54:04,526 - INFO - bot.services.blockchain - [Web3] [TX] func: <Function createProduct(string)>, args: ('QmSrLZMi3XRmPvzYVe9pNCZLqYbjSthgg792s26cyPBhcX',), kwargs: {}
2025-06-10 23:54:04,529 - INFO - bot.services.blockchain - [Web3] [TX] txn (build_transaction): {'value': 0, 'chainId': 31337, 'from': '0x70997970C51812dc3A010C7d01b50e0d17dc79C8', 'nonce': 80, 'gas': 2000000, 'gasPrice': 1000010275, 'to': '0xDc64a140Aa3E981100a9becA4E685f962f0cF6C9', 'data': '0x02ec06be0000000000000000000000000000000000000000000000000000000000000020000000000000000000000000000000000000000000000000000000000000002e516d53724c5a4d693358526d50767a59566539704e435a4c7159626a537468676737393273323663795042686358000000000000000000000000000000000000'}
2025-06-10 23:54:04,533 - INFO - bot.services.blockchain - [Web3] [TX] signed_txn: SignedTransaction(raw_transaction=HexBytes('0xf8eb50843b9af223831e848094dc64a140aa3e981100a9beca4e685f962f0cf6c980b88402ec06be0000000000000000000000000000000000000000000000000000000000000020000000000000000000000000000000000000000000000000000000000000002e516d53724c5a4d693358526d50767a59566539704e435a4c7159626a53746867673739327332366379504268635800000000000000000000000000000000000082f4f6a0c9ea365769809b0de6199af3541a1eaa3f480ac5aa229fca4dd771d14c3859c8a01de296844ec98392d6e39a059ea2e33e70d9d7c03a5ab9782e8f67277a61279b'), hash=HexBytes('0x45306d938e54d6046921c67dadc6411a89bf59afba1274ae42f389010974530d'), r=91328699829323468662384833414932904138272768023269777104422480530560651909576, s=13517418874516875554527361089210590191915369088762507737935804592719564711835, v=62710), type: <class 'eth_account.datastructures.SignedTransaction'>
2025-06-10 23:54:04,536 - INFO - bot.services.blockchain - [Web3] [TX] tx_hash: b'E0m\x93\x8eT\xd6\x04i!\xc6}\xad\xc6A\x1a\x89\xbfY\xaf\xba\x12t\xaeB\xf3\x89\x01\ttS\r', type: <class 'hexbytes.main.HexBytes'>
2025-06-10 23:54:04,538 - INFO - bot.services.blockchain - [Web3] Транзакция ProductRegistry.createProduct отправлена: 45306d938e54d6046921c67dadc6411a89bf59afba1274ae42f389010974530d
2025-06-10 23:54:04,541 - INFO - bot.services.product_registry - [ProductRegistry] Продукт успешно создан. Хэш транзакции: 45306d938e54d6046921c67dadc6411a89bf59afba1274ae42f389010974530d
2025-06-10 23:54:04,541 - INFO - __main__ - ✅ Продукт amanita_lux успешно загружен в смарт контракт. TX: 45306d938e54d6046921c67dadc6411a89bf59afba1274ae42f389010974530d
2025-06-10 23:54:04,541 - INFO - bot.services.product_registry - [ProductRegistry] Создание продукта в смарт-контракте с CID: QmRzWvsnjY1s8Y7NDM3VS661mwZNNi5TpFFefC2Tg91zZ5
2025-06-10 23:54:04,541 - INFO - bot.services.blockchain - [BlockchainService] Создание продукта с CID: QmRzWvsnjY1s8Y7NDM3VS661mwZNNi5TpFFefC2Tg91zZ5
2025-06-10 23:54:04,544 - INFO - bot.services.blockchain - [Web3] [TX] account.address: 0x70997970C51812dc3A010C7d01b50e0d17dc79C8
2025-06-10 23:54:04,544 - INFO - bot.services.blockchain - [Web3] [TX] func: <Function createProduct(string)>, args: ('QmRzWvsnjY1s8Y7NDM3VS661mwZNNi5TpFFefC2Tg91zZ5',), kwargs: {}
2025-06-10 23:54:04,547 - INFO - bot.services.blockchain - [Web3] [TX] txn (build_transaction): {'value': 0, 'chainId': 31337, 'from': '0x70997970C51812dc3A010C7d01b50e0d17dc79C8', 'nonce': 81, 'gas': 2000000, 'gasPrice': 1000009012, 'to': '0xDc64a140Aa3E981100a9becA4E685f962f0cF6C9', 'data': '0x02ec06be0000000000000000000000000000000000000000000000000000000000000020000000000000000000000000000000000000000000000000000000000000002e516d527a5776736e6a5931733859374e444d3356533636316d775a4e4e69355470464665664332546739317a5a35000000000000000000000000000000000000'}
2025-06-10 23:54:04,552 - INFO - bot.services.blockchain - [Web3] [TX] signed_txn: SignedTransaction(raw_transaction=HexBytes('0xf8eb51843b9aed34831e848094dc64a140aa3e981100a9beca4e685f962f0cf6c980b88402ec06be0000000000000000000000000000000000000000000000000000000000000020000000000000000000000000000000000000000000000000000000000000002e516d527a5776736e6a5931733859374e444d3356533636316d775a4e4e69355470464665664332546739317a5a3500000000000000000000000000000000000082f4f5a023a07516fb6d3f200585325748798c260fe50d95cebf161911da13f580bda8c5a0792952d347082186cae27c71046553b5dacf15ffa3836e9e6e0b0e9848e7f20d'), hash=HexBytes('0xc023bfb035357ddc4546948b0ce93c2cbdb211fabbc015c95b68a959318d6890'), r=16114453354698592905171136477711003663429415273219738252639989831248436373701, s=54802867047460847938344719308070838376763575634444755504115281239239259845133, v=62709), type: <class 'eth_account.datastructures.SignedTransaction'>
2025-06-10 23:54:04,555 - INFO - bot.services.blockchain - [Web3] [TX] tx_hash: b'\xc0#\xbf\xb055}\xdcEF\x94\x8b\x0c\xe9<,\xbd\xb2\x11\xfa\xbb\xc0\x15\xc9[h\xa9Y1\x8dh\x90', type: <class 'hexbytes.main.HexBytes'>
2025-06-10 23:54:04,557 - INFO - bot.services.blockchain - [Web3] Транзакция ProductRegistry.createProduct отправлена: c023bfb035357ddc4546948b0ce93c2cbdb211fabbc015c95b68a959318d6890
2025-06-10 23:54:04,559 - INFO - bot.services.product_registry - [ProductRegistry] Продукт успешно создан. Хэш транзакции: c023bfb035357ddc4546948b0ce93c2cbdb211fabbc015c95b68a959318d6890
2025-06-10 23:54:04,559 - INFO - __main__ - ✅ Продукт amanita_pantherina_whole успешно загружен в смарт контракт. TX: c023bfb035357ddc4546948b0ce93c2cbdb211fabbc015c95b68a959318d6890
2025-06-10 23:54:04,559 - INFO - bot.services.product_registry - [ProductRegistry] Создание продукта в смарт-контракте с CID: QmaJ1Mz3SsrWzwQ2ijPaxQeaowDLVrLHLSoEADUwSFyTrp
2025-06-10 23:54:04,559 - INFO - bot.services.blockchain - [BlockchainService] Создание продукта с CID: QmaJ1Mz3SsrWzwQ2ijPaxQeaowDLVrLHLSoEADUwSFyTrp
2025-06-10 23:54:04,562 - INFO - bot.services.blockchain - [Web3] [TX] account.address: 0x70997970C51812dc3A010C7d01b50e0d17dc79C8
2025-06-10 23:54:04,562 - INFO - bot.services.blockchain - [Web3] [TX] func: <Function createProduct(string)>, args: ('QmaJ1Mz3SsrWzwQ2ijPaxQeaowDLVrLHLSoEADUwSFyTrp',), kwargs: {}
2025-06-10 23:54:04,565 - INFO - bot.services.blockchain - [Web3] [TX] txn (build_transaction): {'value': 0, 'chainId': 31337, 'from': '0x70997970C51812dc3A010C7d01b50e0d17dc79C8', 'nonce': 82, 'gas': 2000000, 'gasPrice': 1000007904, 'to': '0xDc64a140Aa3E981100a9becA4E685f962f0cF6C9', 'data': '0x02ec06be0000000000000000000000000000000000000000000000000000000000000020000000000000000000000000000000000000000000000000000000000000002e516d614a314d7a33537372577a775132696a5061785165616f77444c56724c484c536f4541445577534679547270000000000000000000000000000000000000'}
2025-06-10 23:54:04,570 - INFO - bot.services.blockchain - [Web3] [TX] signed_txn: SignedTransaction(raw_transaction=HexBytes('0xf8eb52843b9ae8e0831e848094dc64a140aa3e981100a9beca4e685f962f0cf6c980b88402ec06be0000000000000000000000000000000000000000000000000000000000000020000000000000000000000000000000000000000000000000000000000000002e516d614a314d7a33537372577a775132696a5061785165616f77444c56724c484c536f454144557753467954727000000000000000000000000000000000000082f4f6a017d9b2e6843af9ac8e86013f678a3a609f2fe96baadfc58f429c9adcc3374390a04b6d9214497717cc3a738a3ef42d7880ca6d6a7d67564dd4f4185a7d8b44826c'), hash=HexBytes('0x61cf729fcbdc134d65d0dbceaa626984c9865d3ba49cbd4c75f7bd895bcacc40'), r=10787836056034982024167237494628783151441219310110149575471493116821123842960, s=34117058175708177079171627691463018806234496380630926667087820210103417864812, v=62710), type: <class 'eth_account.datastructures.SignedTransaction'>
2025-06-10 23:54:04,572 - INFO - bot.services.blockchain - [Web3] [TX] tx_hash: b'a\xcfr\x9f\xcb\xdc\x13Me\xd0\xdb\xce\xaabi\x84\xc9\x86];\xa4\x9c\xbdLu\xf7\xbd\x89[\xca\xcc@', type: <class 'hexbytes.main.HexBytes'>
2025-06-10 23:54:04,574 - INFO - bot.services.blockchain - [Web3] Транзакция ProductRegistry.createProduct отправлена: 61cf729fcbdc134d65d0dbceaa626984c9865d3ba49cbd4c75f7bd895bcacc40
2025-06-10 23:54:04,576 - INFO - bot.services.product_registry - [ProductRegistry] Продукт успешно создан. Хэш транзакции: 61cf729fcbdc134d65d0dbceaa626984c9865d3ba49cbd4c75f7bd895bcacc40
2025-06-10 23:54:04,576 - INFO - __main__ - ✅ Продукт amanita_pantherina_powder успешно загружен в смарт контракт. TX: 61cf729fcbdc134d65d0dbceaa626984c9865d3ba49cbd4c75f7bd895bcacc40
2025-06-10 23:54:04,576 - INFO - bot.services.product_registry - [ProductRegistry] Создание продукта в смарт-контракте с CID: QmVer4ycsDwFA4um8ngosoASW8toPeSsTs9BfVXJciAU89
2025-06-10 23:54:04,576 - INFO - bot.services.blockchain - [BlockchainService] Создание продукта с CID: QmVer4ycsDwFA4um8ngosoASW8toPeSsTs9BfVXJciAU89
2025-06-10 23:54:04,578 - INFO - bot.services.blockchain - [Web3] [TX] account.address: 0x70997970C51812dc3A010C7d01b50e0d17dc79C8
2025-06-10 23:54:04,578 - INFO - bot.services.blockchain - [Web3] [TX] func: <Function createProduct(string)>, args: ('QmVer4ycsDwFA4um8ngosoASW8toPeSsTs9BfVXJciAU89',), kwargs: {}
2025-06-10 23:54:04,581 - INFO - bot.services.blockchain - [Web3] [TX] txn (build_transaction): {'value': 0, 'chainId': 31337, 'from': '0x70997970C51812dc3A010C7d01b50e0d17dc79C8', 'nonce': 83, 'gas': 2000000, 'gasPrice': 1000006933, 'to': '0xDc64a140Aa3E981100a9becA4E685f962f0cF6C9', 'data': '0x02ec06be0000000000000000000000000000000000000000000000000000000000000020000000000000000000000000000000000000000000000000000000000000002e516d566572347963734477464134756d386e676f736f41535738746f50655373547339426656584a636941553839000000000000000000000000000000000000'}
2025-06-10 23:54:04,585 - INFO - bot.services.blockchain - [Web3] [TX] signed_txn: SignedTransaction(raw_transaction=HexBytes('0xf8eb53843b9ae515831e848094dc64a140aa3e981100a9beca4e685f962f0cf6c980b88402ec06be0000000000000000000000000000000000000000000000000000000000000020000000000000000000000000000000000000000000000000000000000000002e516d566572347963734477464134756d386e676f736f41535738746f50655373547339426656584a63694155383900000000000000000000000000000000000082f4f6a004f7491208c487ad5120544b2c181444a4031a6750e691bd00e2b21654c2794ea04d7355263f1d34449809f6b65c1797a43779af14ea074455c3853b666f6eae8b'), hash=HexBytes('0x96b4ad5306c4c287d4359f81fd0ec6d5c1de60b950368b1dc071e4c9c0b84c34'), r=2246166933019028283989352689899863521823972116659424967816631644811264424270, s=35031864432925164926803168168561534249795624830373753055774061163595948797579, v=62710), type: <class 'eth_account.datastructures.SignedTransaction'>
2025-06-10 23:54:04,588 - INFO - bot.services.blockchain - [Web3] [TX] tx_hash: b'\x96\xb4\xadS\x06\xc4\xc2\x87\xd45\x9f\x81\xfd\x0e\xc6\xd5\xc1\xde`\xb9P6\x8b\x1d\xc0q\xe4\xc9\xc0\xb8L4', type: <class 'hexbytes.main.HexBytes'>
2025-06-10 23:54:04,591 - INFO - bot.services.blockchain - [Web3] Транзакция ProductRegistry.createProduct отправлена: 96b4ad5306c4c287d4359f81fd0ec6d5c1de60b950368b1dc071e4c9c0b84c34
2025-06-10 23:54:04,593 - INFO - bot.services.product_registry - [ProductRegistry] Продукт успешно создан. Хэш транзакции: 96b4ad5306c4c287d4359f81fd0ec6d5c1de60b950368b1dc071e4c9c0b84c34
2025-06-10 23:54:04,593 - INFO - __main__ - ✅ Продукт amanita_tincture успешно загружен в смарт контракт. TX: 96b4ad5306c4c287d4359f81fd0ec6d5c1de60b950368b1dc071e4c9c0b84c34
2025-06-10 23:54:04,593 - INFO - bot.services.product_registry - [ProductRegistry] Создание продукта в смарт-контракте с CID: QmRiYSSFi9feAMuHrHANsSVupLx6e1jGUS7VZ33Xz6pDqr
2025-06-10 23:54:04,593 - INFO - bot.services.blockchain - [BlockchainService] Создание продукта с CID: QmRiYSSFi9feAMuHrHANsSVupLx6e1jGUS7VZ33Xz6pDqr
2025-06-10 23:54:04,595 - INFO - bot.services.blockchain - [Web3] [TX] account.address: 0x70997970C51812dc3A010C7d01b50e0d17dc79C8
2025-06-10 23:54:04,595 - INFO - bot.services.blockchain - [Web3] [TX] func: <Function createProduct(string)>, args: ('QmRiYSSFi9feAMuHrHANsSVupLx6e1jGUS7VZ33Xz6pDqr',), kwargs: {}
2025-06-10 23:54:04,598 - INFO - bot.services.blockchain - [Web3] [TX] txn (build_transaction): {'value': 0, 'chainId': 31337, 'from': '0x70997970C51812dc3A010C7d01b50e0d17dc79C8', 'nonce': 84, 'gas': 2000000, 'gasPrice': 1000006081, 'to': '0xDc64a140Aa3E981100a9becA4E685f962f0cF6C9', 'data': '0x02ec06be0000000000000000000000000000000000000000000000000000000000000020000000000000000000000000000000000000000000000000000000000000002e516d52695953534669396665414d75487248414e73535675704c783665316a47555337565a3333587a3670447172000000000000000000000000000000000000'}
2025-06-10 23:54:04,603 - INFO - bot.services.blockchain - [Web3] [TX] signed_txn: SignedTransaction(raw_transaction=HexBytes('0xf8eb54843b9ae1c1831e848094dc64a140aa3e981100a9beca4e685f962f0cf6c980b88402ec06be0000000000000000000000000000000000000000000000000000000000000020000000000000000000000000000000000000000000000000000000000000002e516d52695953534669396665414d75487248414e73535675704c783665316a47555337565a3333587a367044717200000000000000000000000000000000000082f4f5a0b66faf62c68104d61e02240559f09465ae95b2d443371ab43af41c457041cb69a03d87dd68384029a47936933497940c8781046f2dc744513e65ea3ab1180b7bf4'), hash=HexBytes('0x6b987639b5b9e3d9eea02fdaa11cd91c7ebd89165341f2efb23d8fda468e4ca6'), r=82518268934935254118089927305176251319325470580225231311653755171836765784937, s=27831136213025308996763060250051516952752109129586351581661017614419256638452, v=62709), type: <class 'eth_account.datastructures.SignedTransaction'>
2025-06-10 23:54:04,606 - INFO - bot.services.blockchain - [Web3] [TX] tx_hash: b'k\x98v9\xb5\xb9\xe3\xd9\xee\xa0/\xda\xa1\x1c\xd9\x1c~\xbd\x89\x16SA\xf2\xef\xb2=\x8f\xdaF\x8eL\xa6', type: <class 'hexbytes.main.HexBytes'>
2025-06-10 23:54:04,608 - INFO - bot.services.blockchain - [Web3] Транзакция ProductRegistry.createProduct отправлена: 6b987639b5b9e3d9eea02fdaa11cd91c7ebd89165341f2efb23d8fda468e4ca6
2025-06-10 23:54:04,610 - INFO - bot.services.product_registry - [ProductRegistry] Продукт успешно создан. Хэш транзакции: 6b987639b5b9e3d9eea02fdaa11cd91c7ebd89165341f2efb23d8fda468e4ca6
2025-06-10 23:54:04,610 - INFO - __main__ - ✅ Продукт blue_lotus_tincture успешно загружен в смарт контракт. TX: 6b987639b5b9e3d9eea02fdaa11cd91c7ebd89165341f2efb23d8fda468e4ca6
2025-06-10 23:54:04,610 - INFO - bot.services.product_registry - [ProductRegistry] Создание продукта в смарт-контракте с CID: QmNeu4EnHW9c5so7EUrkwnXWVDyjXQwRcZMoaT4uNLFE6Z
2025-06-10 23:54:04,610 - INFO - bot.services.blockchain - [BlockchainService] Создание продукта с CID: QmNeu4EnHW9c5so7EUrkwnXWVDyjXQwRcZMoaT4uNLFE6Z
2025-06-10 23:54:04,613 - INFO - bot.services.blockchain - [Web3] [TX] account.address: 0x70997970C51812dc3A010C7d01b50e0d17dc79C8
2025-06-10 23:54:04,613 - INFO - bot.services.blockchain - [Web3] [TX] func: <Function createProduct(string)>, args: ('QmNeu4EnHW9c5so7EUrkwnXWVDyjXQwRcZMoaT4uNLFE6Z',), kwargs: {}
2025-06-10 23:54:04,619 - INFO - bot.services.blockchain - [Web3] [TX] txn (build_transaction): {'value': 0, 'chainId': 31337, 'from': '0x70997970C51812dc3A010C7d01b50e0d17dc79C8', 'nonce': 85, 'gas': 2000000, 'gasPrice': 1000005334, 'to': '0xDc64a140Aa3E981100a9becA4E685f962f0cF6C9', 'data': '0x02ec06be0000000000000000000000000000000000000000000000000000000000000020000000000000000000000000000000000000000000000000000000000000002e516d4e657534456e4857396335736f374555726b776e58575644796a58517752635a4d6f615434754e4c4645365a000000000000000000000000000000000000'}
2025-06-10 23:54:04,625 - INFO - bot.services.blockchain - [Web3] [TX] signed_txn: SignedTransaction(raw_transaction=HexBytes('0xf8eb55843b9aded6831e848094dc64a140aa3e981100a9beca4e685f962f0cf6c980b88402ec06be0000000000000000000000000000000000000000000000000000000000000020000000000000000000000000000000000000000000000000000000000000002e516d4e657534456e4857396335736f374555726b776e58575644796a58517752635a4d6f615434754e4c4645365a00000000000000000000000000000000000082f4f6a081074629bd3bae757a5f61781fdeab5730805184e5dfeb4df5422e4d67ea4538a017e78bf826eba2ffe1231e4b0b94fe489ce6903a3621eea6c663eced2d7d7514'), hash=HexBytes('0x52adffc1fcf5ec14c4a4807176db7f8fe477d860781e88b417bd4eefb95eebd7'), r=58361209644225476145326218896490111506233165688986553232924671807201466795320, s=10812303222286713460737573960180401636312452112462645947064247261230549267732, v=62710), type: <class 'eth_account.datastructures.SignedTransaction'>
2025-06-10 23:54:04,629 - INFO - bot.services.blockchain - [Web3] [TX] tx_hash: b'R\xad\xff\xc1\xfc\xf5\xec\x14\xc4\xa4\x80qv\xdb\x7f\x8f\xe4w\xd8`x\x1e\x88\xb4\x17\xbdN\xef\xb9^\xeb\xd7', type: <class 'hexbytes.main.HexBytes'>
2025-06-10 23:54:04,631 - INFO - bot.services.blockchain - [Web3] Транзакция ProductRegistry.createProduct отправлена: 52adffc1fcf5ec14c4a4807176db7f8fe477d860781e88b417bd4eefb95eebd7
2025-06-10 23:54:04,633 - INFO - bot.services.product_registry - [ProductRegistry] Продукт успешно создан. Хэш транзакции: 52adffc1fcf5ec14c4a4807176db7f8fe477d860781e88b417bd4eefb95eebd7
2025-06-10 23:54:04,633 - INFO - __main__ - ✅ Продукт blue_lotus_flowers успешно загружен в смарт контракт. TX: 52adffc1fcf5ec14c4a4807176db7f8fe477d860781e88b417bd4eefb95eebd7
2025-06-10 23:54:04,633 - INFO - bot.services.product_registry - [ProductRegistry] Создание продукта в смарт-контракте с CID: QmdrnC4rbxLRsfTLSAFgMUpX8QWreS4SMZg2y5nZsa4qs1
2025-06-10 23:54:04,633 - INFO - bot.services.blockchain - [BlockchainService] Создание продукта с CID: QmdrnC4rbxLRsfTLSAFgMUpX8QWreS4SMZg2y5nZsa4qs1
2025-06-10 23:54:04,637 - INFO - bot.services.blockchain - [Web3] [TX] account.address: 0x70997970C51812dc3A010C7d01b50e0d17dc79C8
2025-06-10 23:54:04,637 - INFO - bot.services.blockchain - [Web3] [TX] func: <Function createProduct(string)>, args: ('QmdrnC4rbxLRsfTLSAFgMUpX8QWreS4SMZg2y5nZsa4qs1',), kwargs: {}
2025-06-10 23:54:04,640 - INFO - bot.services.blockchain - [Web3] [TX] txn (build_transaction): {'value': 0, 'chainId': 31337, 'from': '0x70997970C51812dc3A010C7d01b50e0d17dc79C8', 'nonce': 86, 'gas': 2000000, 'gasPrice': 1000004679, 'to': '0xDc64a140Aa3E981100a9becA4E685f962f0cF6C9', 'data': '0x02ec06be0000000000000000000000000000000000000000000000000000000000000020000000000000000000000000000000000000000000000000000000000000002e516d64726e43347262784c527366544c534146674d55705838515772655334534d5a673279356e5a736134717331000000000000000000000000000000000000'}
2025-06-10 23:54:04,645 - INFO - bot.services.blockchain - [Web3] [TX] signed_txn: SignedTransaction(raw_transaction=HexBytes('0xf8eb56843b9adc47831e848094dc64a140aa3e981100a9beca4e685f962f0cf6c980b88402ec06be0000000000000000000000000000000000000000000000000000000000000020000000000000000000000000000000000000000000000000000000000000002e516d64726e43347262784c527366544c534146674d55705838515772655334534d5a673279356e5a73613471733100000000000000000000000000000000000082f4f6a0e93eeae3ca2aa677e879f3c77972954a19dc7b35bb601f7e1797b4320ff9741da04d23b41849cf259a584c01f4913ab6137fefb9eff0c54057ce7b88277f6dbcff'), hash=HexBytes('0x946f2258ae92849ea79414fd075202e5431536567277f98fcf5ab90ae63708ef'), r=105500059387760998973831368925314683597699776524625563651944944011294008767517, s=34891171957332910247570854755990768360671820732555871926459383629495445339391, v=62710), type: <class 'eth_account.datastructures.SignedTransaction'>
2025-06-10 23:54:04,647 - INFO - bot.services.blockchain - [Web3] [TX] tx_hash: b'\x94o"X\xae\x92\x84\x9e\xa7\x94\x14\xfd\x07R\x02\xe5C\x156Vrw\xf9\x8f\xcfZ\xb9\n\xe67\x08\xef', type: <class 'hexbytes.main.HexBytes'>
2025-06-10 23:54:04,648 - INFO - bot.services.blockchain - [Web3] Транзакция ProductRegistry.createProduct отправлена: 946f2258ae92849ea79414fd075202e5431536567277f98fcf5ab90ae63708ef
2025-06-10 23:54:04,650 - INFO - bot.services.product_registry - [ProductRegistry] Продукт успешно создан. Хэш транзакции: 946f2258ae92849ea79414fd075202e5431536567277f98fcf5ab90ae63708ef
2025-06-10 23:54:04,650 - INFO - __main__ - ✅ Продукт chaga_chunks успешно загружен в смарт контракт. TX: 946f2258ae92849ea79414fd075202e5431536567277f98fcf5ab90ae63708ef
2025-06-10 23:54:04,650 - INFO - bot.services.product_registry - [ProductRegistry] Создание продукта в смарт-контракте с CID: QmXnknwLebfWJXx44GUVbHFBPt3XboNcfYcMqeNZvUkmZM
2025-06-10 23:54:04,650 - INFO - bot.services.blockchain - [BlockchainService] Создание продукта с CID: QmXnknwLebfWJXx44GUVbHFBPt3XboNcfYcMqeNZvUkmZM
2025-06-10 23:54:04,653 - INFO - bot.services.blockchain - [Web3] [TX] account.address: 0x70997970C51812dc3A010C7d01b50e0d17dc79C8
2025-06-10 23:54:04,653 - INFO - bot.services.blockchain - [Web3] [TX] func: <Function createProduct(string)>, args: ('QmXnknwLebfWJXx44GUVbHFBPt3XboNcfYcMqeNZvUkmZM',), kwargs: {}
2025-06-10 23:54:04,656 - INFO - bot.services.blockchain - [Web3] [TX] txn (build_transaction): {'value': 0, 'chainId': 31337, 'from': '0x70997970C51812dc3A010C7d01b50e0d17dc79C8', 'nonce': 87, 'gas': 2000000, 'gasPrice': 1000004104, 'to': '0xDc64a140Aa3E981100a9becA4E685f962f0cF6C9', 'data': '0x02ec06be0000000000000000000000000000000000000000000000000000000000000020000000000000000000000000000000000000000000000000000000000000002e516d586e6b6e774c656266574a587834344755566248464250743358626f4e636659634d71654e5a76556b6d5a4d000000000000000000000000000000000000'}
2025-06-10 23:54:04,661 - INFO - bot.services.blockchain - [Web3] [TX] signed_txn: SignedTransaction(raw_transaction=HexBytes('0xf8eb57843b9ada08831e848094dc64a140aa3e981100a9beca4e685f962f0cf6c980b88402ec06be0000000000000000000000000000000000000000000000000000000000000020000000000000000000000000000000000000000000000000000000000000002e516d586e6b6e774c656266574a587834344755566248464250743358626f4e636659634d71654e5a76556b6d5a4d00000000000000000000000000000000000082f4f6a0b2f4fb2107c13a5ca9f7a49b73916b9dc5b7375fc1a3651a9d8efbd1601b4795a0467958c46e0b14cd5e19fc6efc32350ae5f5eee30f919face6be24d311ef2a65'), hash=HexBytes('0x2b77ca0e50c1abfcf946b013838ab114e1f81c38c84075ce614a75c6efdf973e'), r=80944530960455302774989947056488280656233349200588746681792133976686937720725, s=31876300545083806670098991275959299738253224881113444959833450922116111084133, v=62710), type: <class 'eth_account.datastructures.SignedTransaction'>
2025-06-10 23:54:04,663 - INFO - bot.services.blockchain - [Web3] [TX] tx_hash: b'+w\xca\x0eP\xc1\xab\xfc\xf9F\xb0\x13\x83\x8a\xb1\x14\xe1\xf8\x1c8\xc8@u\xceaJu\xc6\xef\xdf\x97>', type: <class 'hexbytes.main.HexBytes'>
2025-06-10 23:54:04,665 - INFO - bot.services.blockchain - [Web3] Транзакция ProductRegistry.createProduct отправлена: 2b77ca0e50c1abfcf946b013838ab114e1f81c38c84075ce614a75c6efdf973e
2025-06-10 23:54:04,668 - INFO - bot.services.product_registry - [ProductRegistry] Продукт успешно создан. Хэш транзакции: 2b77ca0e50c1abfcf946b013838ab114e1f81c38c84075ce614a75c6efdf973e
2025-06-10 23:54:04,668 - INFO - __main__ - ✅ Продукт cordyceps_militaris_powder успешно загружен в смарт контракт. TX: 2b77ca0e50c1abfcf946b013838ab114e1f81c38c84075ce614a75c6efdf973e
2025-06-10 23:54:04,668 - INFO - bot.services.product_registry - [ProductRegistry] Создание продукта в смарт-контракте с CID: QmYxPRZD9aYAxY8yV2nnTKY4dmU7vZDtnY2Y9jF487yHQK
2025-06-10 23:54:04,668 - INFO - bot.services.blockchain - [BlockchainService] Создание продукта с CID: QmYxPRZD9aYAxY8yV2nnTKY4dmU7vZDtnY2Y9jF487yHQK
2025-06-10 23:54:04,670 - INFO - bot.services.blockchain - [Web3] [TX] account.address: 0x70997970C51812dc3A010C7d01b50e0d17dc79C8
2025-06-10 23:54:04,670 - INFO - bot.services.blockchain - [Web3] [TX] func: <Function createProduct(string)>, args: ('QmYxPRZD9aYAxY8yV2nnTKY4dmU7vZDtnY2Y9jF487yHQK',), kwargs: {}
2025-06-10 23:54:04,674 - INFO - bot.services.blockchain - [Web3] [TX] txn (build_transaction): {'value': 0, 'chainId': 31337, 'from': '0x70997970C51812dc3A010C7d01b50e0d17dc79C8', 'nonce': 88, 'gas': 2000000, 'gasPrice': 1000003600, 'to': '0xDc64a140Aa3E981100a9becA4E685f962f0cF6C9', 'data': '0x02ec06be0000000000000000000000000000000000000000000000000000000000000020000000000000000000000000000000000000000000000000000000000000002e516d597850525a44396159417859387956326e6e544b5934646d5537765a44746e593259396a463438377948514b000000000000000000000000000000000000'}
2025-06-10 23:54:04,678 - INFO - bot.services.blockchain - [Web3] [TX] signed_txn: SignedTransaction(raw_transaction=HexBytes('0xf8eb58843b9ad810831e848094dc64a140aa3e981100a9beca4e685f962f0cf6c980b88402ec06be0000000000000000000000000000000000000000000000000000000000000020000000000000000000000000000000000000000000000000000000000000002e516d597850525a44396159417859387956326e6e544b5934646d5537765a44746e593259396a463438377948514b00000000000000000000000000000000000082f4f6a0ad46e45c1a818f07044eca91ebc5b457c3beea1036f9f49fdff99039b4aa6a64a03f2677043c0a38502061ed6c76a7f46dfe54d1d90db1ef37577cb2b3c2ad3815'), hash=HexBytes('0x89a34adc383403a1969ccc7140232c21a7011f554066fc42e487ab0da1285dc0'), r=78375378180713150659600070124791467967803345710703192976209843170232511392356, s=28563671071185357570736220164882810528886030249132392822497837799172328994837, v=62710), type: <class 'eth_account.datastructures.SignedTransaction'>
2025-06-10 23:54:04,681 - INFO - bot.services.blockchain - [Web3] [TX] tx_hash: b'\x89\xa3J\xdc84\x03\xa1\x96\x9c\xccq@#,!\xa7\x01\x1fU@f\xfcB\xe4\x87\xab\r\xa1(]\xc0', type: <class 'hexbytes.main.HexBytes'>
2025-06-10 23:54:04,683 - INFO - bot.services.blockchain - [Web3] Транзакция ProductRegistry.createProduct отправлена: 89a34adc383403a1969ccc7140232c21a7011f554066fc42e487ab0da1285dc0
2025-06-10 23:54:04,686 - INFO - bot.services.product_registry - [ProductRegistry] Продукт успешно создан. Хэш транзакции: 89a34adc383403a1969ccc7140232c21a7011f554066fc42e487ab0da1285dc0
2025-06-10 23:54:04,686 - INFO - __main__ - ✅ Продукт cordyceps_militaris_dried_bodies успешно загружен в смарт контракт. TX: 89a34adc383403a1969ccc7140232c21a7011f554066fc42e487ab0da1285dc0
2025-06-10 23:54:04,686 - INFO - bot.services.product_registry - [ProductRegistry] Создание продукта в смарт-контракте с CID: QmWtDi6u5t5rnmrgxgjbZ5KStwv8YGBzpK1sSxCgjMdZKT
2025-06-10 23:54:04,686 - INFO - bot.services.blockchain - [BlockchainService] Создание продукта с CID: QmWtDi6u5t5rnmrgxgjbZ5KStwv8YGBzpK1sSxCgjMdZKT
2025-06-10 23:54:04,688 - INFO - bot.services.blockchain - [Web3] [TX] account.address: 0x70997970C51812dc3A010C7d01b50e0d17dc79C8
2025-06-10 23:54:04,688 - INFO - bot.services.blockchain - [Web3] [TX] func: <Function createProduct(string)>, args: ('QmWtDi6u5t5rnmrgxgjbZ5KStwv8YGBzpK1sSxCgjMdZKT',), kwargs: {}
2025-06-10 23:54:04,691 - INFO - bot.services.blockchain - [Web3] [TX] txn (build_transaction): {'value': 0, 'chainId': 31337, 'from': '0x70997970C51812dc3A010C7d01b50e0d17dc79C8', 'nonce': 89, 'gas': 2000000, 'gasPrice': 1000003158, 'to': '0xDc64a140Aa3E981100a9becA4E685f962f0cF6C9', 'data': '0x02ec06be0000000000000000000000000000000000000000000000000000000000000020000000000000000000000000000000000000000000000000000000000000002e516d577444693675357435726e6d726778676a625a354b53747776385947427a704b3173537843676a4d645a4b54000000000000000000000000000000000000'}
2025-06-10 23:54:04,695 - INFO - bot.services.blockchain - [Web3] [TX] signed_txn: SignedTransaction(raw_transaction=HexBytes('0xf8eb59843b9ad656831e848094dc64a140aa3e981100a9beca4e685f962f0cf6c980b88402ec06be0000000000000000000000000000000000000000000000000000000000000020000000000000000000000000000000000000000000000000000000000000002e516d577444693675357435726e6d726778676a625a354b53747776385947427a704b3173537843676a4d645a4b5400000000000000000000000000000000000082f4f6a0509ee4dbc260e49c7f801a88b9f635e84305ab3699d2315b6b228c635ca9a1dca0486fb888dbb1fa4bae124a6e3f6ef48b47d63b359b76218214266b59c88365b8'), hash=HexBytes('0x8aaf8b4438d103b330ea77bb816a1c7e0a822c03ff40f09347016a500f2118b3'), r=36465769245762128205777809742205282899954181569414487679034932857889876451804, s=32763918733202744481324387272916444286587074854599767199127093273684382803384, v=62710), type: <class 'eth_account.datastructures.SignedTransaction'>
2025-06-10 23:54:04,698 - INFO - bot.services.blockchain - [Web3] [TX] tx_hash: b'\x8a\xaf\x8bD8\xd1\x03\xb30\xeaw\xbb\x81j\x1c~\n\x82,\x03\xff@\xf0\x93G\x01jP\x0f!\x18\xb3', type: <class 'hexbytes.main.HexBytes'>
2025-06-10 23:54:04,700 - INFO - bot.services.blockchain - [Web3] Транзакция ProductRegistry.createProduct отправлена: 8aaf8b4438d103b330ea77bb816a1c7e0a822c03ff40f09347016a500f2118b3
2025-06-10 23:54:04,703 - INFO - bot.services.product_registry - [ProductRegistry] Продукт успешно создан. Хэш транзакции: 8aaf8b4438d103b330ea77bb816a1c7e0a822c03ff40f09347016a500f2118b3
2025-06-10 23:54:04,703 - INFO - __main__ - ✅ Продукт chanterelle_dried успешно загружен в смарт контракт. TX: 8aaf8b4438d103b330ea77bb816a1c7e0a822c03ff40f09347016a500f2118b3
2025-06-10 23:54:04,703 - INFO - bot.services.product_registry - [ProductRegistry] Создание продукта в смарт-контракте с CID: QmVgK7bn2MVwaqVAcJyvMLdBxrBfoxHPuYMCEmToxsHfYg
2025-06-10 23:54:04,703 - INFO - bot.services.blockchain - [BlockchainService] Создание продукта с CID: QmVgK7bn2MVwaqVAcJyvMLdBxrBfoxHPuYMCEmToxsHfYg
2025-06-10 23:54:04,705 - INFO - bot.services.blockchain - [Web3] [TX] account.address: 0x70997970C51812dc3A010C7d01b50e0d17dc79C8
2025-06-10 23:54:04,705 - INFO - bot.services.blockchain - [Web3] [TX] func: <Function createProduct(string)>, args: ('QmVgK7bn2MVwaqVAcJyvMLdBxrBfoxHPuYMCEmToxsHfYg',), kwargs: {}
2025-06-10 23:54:04,709 - INFO - bot.services.blockchain - [Web3] [TX] txn (build_transaction): {'value': 0, 'chainId': 31337, 'from': '0x70997970C51812dc3A010C7d01b50e0d17dc79C8', 'nonce': 90, 'gas': 2000000, 'gasPrice': 1000002770, 'to': '0xDc64a140Aa3E981100a9becA4E685f962f0cF6C9', 'data': '0x02ec06be0000000000000000000000000000000000000000000000000000000000000020000000000000000000000000000000000000000000000000000000000000002e516d56674b37626e324d567761715641634a79764d4c6442787242666f78485075594d43456d546f787348665967000000000000000000000000000000000000'}
2025-06-10 23:54:04,714 - INFO - bot.services.blockchain - [Web3] [TX] signed_txn: SignedTransaction(raw_transaction=HexBytes('0xf8eb5a843b9ad4d2831e848094dc64a140aa3e981100a9beca4e685f962f0cf6c980b88402ec06be0000000000000000000000000000000000000000000000000000000000000020000000000000000000000000000000000000000000000000000000000000002e516d56674b37626e324d567761715641634a79764d4c6442787242666f78485075594d43456d546f78734866596700000000000000000000000000000000000082f4f5a052e86b777fc956c4bc5b2415640f6df217c406ca0fbc730c6e0a2a2cdd9526a5a00403dd66e520fc5c74d14331385d4439011be805edcdec4414da63c9535058ca'), hash=HexBytes('0xf4cdf0ad22fc3f3e00bd03181405c38311325fbabdb4339bb79d720be916c245'), r=37500303811406676069841673119001900235039828458946859048894536243801767618213, s=1816079995514685827747362080089711873432135854825972721697890657882778654922, v=62709), type: <class 'eth_account.datastructures.SignedTransaction'>
2025-06-10 23:54:04,716 - INFO - bot.services.blockchain - [Web3] [TX] tx_hash: b'\xf4\xcd\xf0\xad"\xfc?>\x00\xbd\x03\x18\x14\x05\xc3\x83\x112_\xba\xbd\xb43\x9b\xb7\x9dr\x0b\xe9\x16\xc2E', type: <class 'hexbytes.main.HexBytes'>
2025-06-10 23:54:04,719 - INFO - bot.services.blockchain - [Web3] Транзакция ProductRegistry.createProduct отправлена: f4cdf0ad22fc3f3e00bd03181405c38311325fbabdb4339bb79d720be916c245
2025-06-10 23:54:04,721 - INFO - bot.services.product_registry - [ProductRegistry] Продукт успешно создан. Хэш транзакции: f4cdf0ad22fc3f3e00bd03181405c38311325fbabdb4339bb79d720be916c245
2025-06-10 23:54:04,721 - INFO - __main__ - ✅ Продукт chanterelle_powder успешно загружен в смарт контракт. TX: f4cdf0ad22fc3f3e00bd03181405c38311325fbabdb4339bb79d720be916c245
2025-06-10 23:54:04,721 - INFO - bot.services.product_registry - [ProductRegistry] Создание продукта в смарт-контракте с CID: QmcCqsvoF2XZSBbwQoBRbMvyTWNYe2fq6r4kv9VE2shxSD
2025-06-10 23:54:04,721 - INFO - bot.services.blockchain - [BlockchainService] Создание продукта с CID: QmcCqsvoF2XZSBbwQoBRbMvyTWNYe2fq6r4kv9VE2shxSD
2025-06-10 23:54:04,723 - INFO - bot.services.blockchain - [Web3] [TX] account.address: 0x70997970C51812dc3A010C7d01b50e0d17dc79C8
2025-06-10 23:54:04,723 - INFO - bot.services.blockchain - [Web3] [TX] func: <Function createProduct(string)>, args: ('QmcCqsvoF2XZSBbwQoBRbMvyTWNYe2fq6r4kv9VE2shxSD',), kwargs: {}
2025-06-10 23:54:04,726 - INFO - bot.services.blockchain - [Web3] [TX] txn (build_transaction): {'value': 0, 'chainId': 31337, 'from': '0x70997970C51812dc3A010C7d01b50e0d17dc79C8', 'nonce': 91, 'gas': 2000000, 'gasPrice': 1000002430, 'to': '0xDc64a140Aa3E981100a9becA4E685f962f0cF6C9', 'data': '0x02ec06be0000000000000000000000000000000000000000000000000000000000000020000000000000000000000000000000000000000000000000000000000000002e516d63437173766f4632585a53426277516f4252624d767954574e59653266713672346b76395645327368785344000000000000000000000000000000000000'}
2025-06-10 23:54:04,730 - INFO - bot.services.blockchain - [Web3] [TX] signed_txn: SignedTransaction(raw_transaction=HexBytes('0xf8eb5b843b9ad37e831e848094dc64a140aa3e981100a9beca4e685f962f0cf6c980b88402ec06be0000000000000000000000000000000000000000000000000000000000000020000000000000000000000000000000000000000000000000000000000000002e516d63437173766f4632585a53426277516f4252624d767954574e59653266713672346b7639564532736878534400000000000000000000000000000000000082f4f6a0bd4741b5a655f389f32cc5f36792337677ee5cebc1370d8da75e6bc1353aeae0a05c79321d4fd0bc49b39527b7877ba55b1f6471f38acd22341fe319dc7d31b01e'), hash=HexBytes('0x8c9eb6671834126222202240950db40e12e35c0cd2e03e40941bb520eeb7a640'), r=85613028034616699571564558883032017734934796027487423266799246970933126818528, s=41826916442060024955564148808575578807291849504582430388573216192803269357598, v=62710), type: <class 'eth_account.datastructures.SignedTransaction'>
2025-06-10 23:54:04,732 - INFO - bot.services.blockchain - [Web3] [TX] tx_hash: b'\x8c\x9e\xb6g\x184\x12b" "@\x95\r\xb4\x0e\x12\xe3\\\x0c\xd2\xe0>@\x94\x1b\xb5 \xee\xb7\xa6@', type: <class 'hexbytes.main.HexBytes'>
2025-06-10 23:54:04,734 - INFO - bot.services.blockchain - [Web3] Транзакция ProductRegistry.createProduct отправлена: 8c9eb6671834126222202240950db40e12e35c0cd2e03e40941bb520eeb7a640
2025-06-10 23:54:04,736 - INFO - bot.services.product_registry - [ProductRegistry] Продукт успешно создан. Хэш транзакции: 8c9eb6671834126222202240950db40e12e35c0cd2e03e40941bb520eeb7a640
2025-06-10 23:54:04,736 - INFO - __main__ - ✅ Продукт aspen_bark_dried_strips успешно загружен в смарт контракт. TX: 8c9eb6671834126222202240950db40e12e35c0cd2e03e40941bb520eeb7a640
2025-06-10 23:54:04,736 - INFO - bot.services.product_registry - [ProductRegistry] Создание продукта в смарт-контракте с CID: Qmb7s7cjpqYzKhwRFwwmnYkKZYmQgrzWYKwRHFkPHd6pVN
2025-06-10 23:54:04,736 - INFO - bot.services.blockchain - [BlockchainService] Создание продукта с CID: Qmb7s7cjpqYzKhwRFwwmnYkKZYmQgrzWYKwRHFkPHd6pVN
2025-06-10 23:54:04,739 - INFO - bot.services.blockchain - [Web3] [TX] account.address: 0x70997970C51812dc3A010C7d01b50e0d17dc79C8
2025-06-10 23:54:04,739 - INFO - bot.services.blockchain - [Web3] [TX] func: <Function createProduct(string)>, args: ('Qmb7s7cjpqYzKhwRFwwmnYkKZYmQgrzWYKwRHFkPHd6pVN',), kwargs: {}
2025-06-10 23:54:04,741 - INFO - bot.services.blockchain - [Web3] [TX] txn (build_transaction): {'value': 0, 'chainId': 31337, 'from': '0x70997970C51812dc3A010C7d01b50e0d17dc79C8', 'nonce': 92, 'gas': 2000000, 'gasPrice': 1000002132, 'to': '0xDc64a140Aa3E981100a9becA4E685f962f0cF6C9', 'data': '0x02ec06be0000000000000000000000000000000000000000000000000000000000000020000000000000000000000000000000000000000000000000000000000000002e516d62377337636a7071597a4b6877524677776d6e596b4b5a596d5167727a57594b775248466b5048643670564e000000000000000000000000000000000000'}
2025-06-10 23:54:04,746 - INFO - bot.services.blockchain - [Web3] [TX] signed_txn: SignedTransaction(raw_transaction=HexBytes('0xf8eb5c843b9ad254831e848094dc64a140aa3e981100a9beca4e685f962f0cf6c980b88402ec06be0000000000000000000000000000000000000000000000000000000000000020000000000000000000000000000000000000000000000000000000000000002e516d62377337636a7071597a4b6877524677776d6e596b4b5a596d5167727a57594b775248466b5048643670564e00000000000000000000000000000000000082f4f5a00f8d831d279ce7f646d125994ff84425d34cb4bc7778259cf3806604b8ed1362a00b69792de93e7afe13e153177c1cb6d6102beb3098ed7c6b89135220f6599569'), hash=HexBytes('0x09302083c0f2bd2af99f994be818a1f32bb4e623107dfa6bcea7c2d229cbcd22'), r=7034723079664357728696750693741081696768504001072227563640061618042014864226, s=5161796625286689227434886395720451671359087749061060406073182834691459880297, v=62709), type: <class 'eth_account.datastructures.SignedTransaction'>
2025-06-10 23:54:04,748 - INFO - bot.services.blockchain - [Web3] [TX] tx_hash: b'\t0 \x83\xc0\xf2\xbd*\xf9\x9f\x99K\xe8\x18\xa1\xf3+\xb4\xe6#\x10}\xfak\xce\xa7\xc2\xd2)\xcb\xcd"', type: <class 'hexbytes.main.HexBytes'>
2025-06-10 23:54:04,750 - INFO - bot.services.blockchain - [Web3] Транзакция ProductRegistry.createProduct отправлена: 09302083c0f2bd2af99f994be818a1f32bb4e623107dfa6bcea7c2d229cbcd22
2025-06-10 23:54:04,753 - INFO - bot.services.product_registry - [ProductRegistry] Продукт успешно создан. Хэш транзакции: 09302083c0f2bd2af99f994be818a1f32bb4e623107dfa6bcea7c2d229cbcd22
2025-06-10 23:54:04,753 - INFO - __main__ - ✅ Продукт lions_mane_powder успешно загружен в смарт контракт. TX: 09302083c0f2bd2af99f994be818a1f32bb4e623107dfa6bcea7c2d229cbcd22
2025-06-10 23:54:04,753 - INFO - bot.services.product_registry - [ProductRegistry] Создание продукта в смарт-контракте с CID: QmTnLDtj1k8mHCPQs8v54xDrBUgNsmmjHAMtNzaVVi9oNa
2025-06-10 23:54:04,753 - INFO - bot.services.blockchain - [BlockchainService] Создание продукта с CID: QmTnLDtj1k8mHCPQs8v54xDrBUgNsmmjHAMtNzaVVi9oNa
2025-06-10 23:54:04,755 - INFO - bot.services.blockchain - [Web3] [TX] account.address: 0x70997970C51812dc3A010C7d01b50e0d17dc79C8
2025-06-10 23:54:04,755 - INFO - bot.services.blockchain - [Web3] [TX] func: <Function createProduct(string)>, args: ('QmTnLDtj1k8mHCPQs8v54xDrBUgNsmmjHAMtNzaVVi9oNa',), kwargs: {}
2025-06-10 23:54:04,758 - INFO - bot.services.blockchain - [Web3] [TX] txn (build_transaction): {'value': 0, 'chainId': 31337, 'from': '0x70997970C51812dc3A010C7d01b50e0d17dc79C8', 'nonce': 93, 'gas': 2000000, 'gasPrice': 1000001870, 'to': '0xDc64a140Aa3E981100a9becA4E685f962f0cF6C9', 'data': '0x02ec06be0000000000000000000000000000000000000000000000000000000000000020000000000000000000000000000000000000000000000000000000000000002e516d546e4c44746a316b386d4843505173387635347844724255674e736d6d6a48414d744e7a61565669396f4e61000000000000000000000000000000000000'}
2025-06-10 23:54:04,763 - INFO - bot.services.blockchain - [Web3] [TX] signed_txn: SignedTransaction(raw_transaction=HexBytes('0xf8eb5d843b9ad14e831e848094dc64a140aa3e981100a9beca4e685f962f0cf6c980b88402ec06be0000000000000000000000000000000000000000000000000000000000000020000000000000000000000000000000000000000000000000000000000000002e516d546e4c44746a316b386d4843505173387635347844724255674e736d6d6a48414d744e7a61565669396f4e6100000000000000000000000000000000000082f4f6a0e75f3d81822885b21db1e403b18ccae453aff06116a37206c389936d2511f2a8a0042d47345fe4c1b763bef7d7eb4a9c3fac2348e3f2ab39efae51c140ba84cc99'), hash=HexBytes('0xbc4262b64c3ed04107cc47746417e3e8c056988ae9748639656f0142f438ebe3'), r=104652542991956024315669619447551373182543275434292339199234042856157601723048, s=1889250948254714428664887310753002154336822464221246194514106638312508017817, v=62710), type: <class 'eth_account.datastructures.SignedTransaction'>
2025-06-10 23:54:04,765 - INFO - bot.services.blockchain - [Web3] [TX] tx_hash: b'\xbcBb\xb6L>\xd0A\x07\xccGtd\x17\xe3\xe8\xc0V\x98\x8a\xe9t\x869eo\x01B\xf48\xeb\xe3', type: <class 'hexbytes.main.HexBytes'>
2025-06-10 23:54:04,766 - INFO - bot.services.blockchain - [Web3] Транзакция ProductRegistry.createProduct отправлена: bc4262b64c3ed04107cc47746417e3e8c056988ae9748639656f0142f438ebe3
2025-06-10 23:54:04,769 - INFO - bot.services.product_registry - [ProductRegistry] Продукт успешно создан. Хэш транзакции: bc4262b64c3ed04107cc47746417e3e8c056988ae9748639656f0142f438ebe3
2025-06-10 23:54:04,769 - INFO - __main__ - ✅ Продукт Lion's Mane mushroom — whole dried успешно загружен в смарт контракт. TX: bc4262b64c3ed04107cc47746417e3e8c056988ae9748639656f0142f438ebe3
2025-06-10 23:54:04,770 - INFO - __main__ - 📊 Итоги загрузки:
2025-06-10 23:54:04,770 - INFO - __main__ - ✅ Успешно загружено: 17
2025-06-10 23:54:04,770 - INFO - __main__ - ❌ Ошибок: 17
2025-06-10 23:54:04,770 - INFO - __main__ - 🔍 Детали ошибок:
2025-06-10 23:54:04,770 - ERROR - __main__ -   - Продукт amanita1: Транзакция не прошла
2025-06-10 23:54:04,770 - ERROR - __main__ -   - Продукт amanita_closed_cups: Транзакция не прошла
2025-06-10 23:54:04,770 - ERROR - __main__ -   - Продукт amanita_broken_closed_cups: Транзакция не прошла
2025-06-10 23:54:04,770 - ERROR - __main__ -   - Продукт amanita_lux: Транзакция не прошла
2025-06-10 23:54:04,770 - ERROR - __main__ -   - Продукт amanita_pantherina_whole: Транзакция не прошла
2025-06-10 23:54:04,770 - ERROR - __main__ -   - Продукт amanita_pantherina_powder: Транзакция не прошла
2025-06-10 23:54:04,770 - ERROR - __main__ -   - Продукт amanita_tincture: Транзакция не прошла
2025-06-10 23:54:04,770 - ERROR - __main__ -   - Продукт blue_lotus_tincture: Транзакция не прошла
2025-06-10 23:54:04,770 - ERROR - __main__ -   - Продукт blue_lotus_flowers: Транзакция не прошла
2025-06-10 23:54:04,770 - ERROR - __main__ -   - Продукт chaga_chunks: Транзакция не прошла
2025-06-10 23:54:04,770 - ERROR - __main__ -   - Продукт cordyceps_militaris_powder: Транзакция не прошла
2025-06-10 23:54:04,770 - ERROR - __main__ -   - Продукт cordyceps_militaris_dried_bodies: Транзакция не прошла
2025-06-10 23:54:04,770 - ERROR - __main__ -   - Продукт chanterelle_dried: Транзакция не прошла
2025-06-10 23:54:04,770 - ERROR - __main__ -   - Продукт chanterelle_powder: Транзакция не прошла
2025-06-10 23:54:04,770 - ERROR - __main__ -   - Продукт aspen_bark_dried_strips: Транзакция не прошла
2025-06-10 23:54:04,770 - ERROR - __main__ -   - Продукт lions_mane_powder: Транзакция не прошла
2025-06-10 23:54:04,770 - ERROR - __main__ -   - Продукт Lion's Mane mushroom — whole dried: Транзакция не прошла
2025-06-10 23:54:04,770 - ERROR - __main__ - ❌ Процесс завершился с ошибками
2025-06-10 23:54:43,323 - INFO - __main__ - 🚀 Запуск загрузки продуктов в смарт-контракт
2025-06-10 23:54:43,323 - INFO - __main__ - 📦 Загрузка данных из JSON...
2025-06-10 23:54:43,324 - INFO - __main__ - 📦 Загружено 17 продуктов
2025-06-10 23:54:43,324 - INFO - __main__ - 📝 Загрузка продуктов в реестр...
2025-06-10 23:54:43,324 - INFO - bot.services.product_registry - [ProductRegistry] Создание продукта в смарт-контракте с CID: QmeGq712hKBE5jH3DqMnUax1mwfYAxg3pinM9Kk4aRCH7z
2025-06-10 23:54:43,324 - INFO - bot.services.blockchain - [BlockchainService] Создание продукта с CID: QmeGq712hKBE5jH3DqMnUax1mwfYAxg3pinM9Kk4aRCH7z
2025-06-10 23:54:43,326 - INFO - bot.services.blockchain - [Web3] [TX] account.address: 0x70997970C51812dc3A010C7d01b50e0d17dc79C8
2025-06-10 23:54:43,326 - INFO - bot.services.blockchain - [Web3] [TX] func: <Function createProduct(string)>, args: ('QmeGq712hKBE5jH3DqMnUax1mwfYAxg3pinM9Kk4aRCH7z',), kwargs: {}
2025-06-10 23:54:43,329 - INFO - bot.services.blockchain - [Web3] [TX] txn (build_transaction): {'value': 0, 'chainId': 31337, 'from': '0x70997970C51812dc3A010C7d01b50e0d17dc79C8', 'nonce': 94, 'gas': 2000000, 'gasPrice': 1000001641, 'to': '0xDc64a140Aa3E981100a9becA4E685f962f0cF6C9', 'data': '0x02ec06be0000000000000000000000000000000000000000000000000000000000000020000000000000000000000000000000000000000000000000000000000000002e516d654771373132684b4245356a483344714d6e556178316d7766594178673370696e4d394b6b3461524348377a000000000000000000000000000000000000'}
2025-06-10 23:54:43,334 - INFO - bot.services.blockchain - [Web3] [TX] signed_txn: SignedTransaction(raw_transaction=HexBytes('0xf8eb5e843b9ad069831e848094dc64a140aa3e981100a9beca4e685f962f0cf6c980b88402ec06be0000000000000000000000000000000000000000000000000000000000000020000000000000000000000000000000000000000000000000000000000000002e516d654771373132684b4245356a483344714d6e556178316d7766594178673370696e4d394b6b3461524348377a00000000000000000000000000000000000082f4f6a01cbd1ddbf25999acd07b22602f60e02d015ba3be2e533c3d6545fa7d7ffd7afea070bed60e0ceae27d2d870be49cbdc331f999803d6cd94e6ccb5c946f80c0dee9'), hash=HexBytes('0xfa809118661e4d3a7a0e5eb2684771c6e796e30d808e34bd151690b939153a88'), r=12998899935969384551569715561274297795091320860376403132030329336996583799550, s=50996217336151568511570628548768617053345991539858353752656559697655094107881, v=62710), type: <class 'eth_account.datastructures.SignedTransaction'>
2025-06-10 23:54:43,337 - INFO - bot.services.blockchain - [Web3] [TX] tx_hash: b'\xfa\x80\x91\x18f\x1eM:z\x0e^\xb2hGq\xc6\xe7\x96\xe3\r\x80\x8e4\xbd\x15\x16\x90\xb99\x15:\x88', type: <class 'hexbytes.main.HexBytes'>
2025-06-10 23:54:43,339 - INFO - bot.services.blockchain - [Web3] Транзакция ProductRegistry.createProduct отправлена: fa809118661e4d3a7a0e5eb2684771c6e796e30d808e34bd151690b939153a88
2025-06-10 23:54:43,341 - INFO - bot.services.product_registry - [ProductRegistry] Продукт успешно создан. Хэш транзакции: fa809118661e4d3a7a0e5eb2684771c6e796e30d808e34bd151690b939153a88
2025-06-10 23:54:43,341 - INFO - __main__ - ✅ Продукт amanita1 успешно загружен в смарт контракт. TX: fa809118661e4d3a7a0e5eb2684771c6e796e30d808e34bd151690b939153a88
2025-06-10 23:54:43,341 - INFO - bot.services.product_registry - [ProductRegistry] Создание продукта в смарт-контракте с CID: QmdhoN7QQXzwfv9HG86xGNDHjUJnFeMDbbegoXnu4T8ZdU
2025-06-10 23:54:43,341 - INFO - bot.services.blockchain - [BlockchainService] Создание продукта с CID: QmdhoN7QQXzwfv9HG86xGNDHjUJnFeMDbbegoXnu4T8ZdU
2025-06-10 23:54:43,344 - INFO - bot.services.blockchain - [Web3] [TX] account.address: 0x70997970C51812dc3A010C7d01b50e0d17dc79C8
2025-06-10 23:54:43,344 - INFO - bot.services.blockchain - [Web3] [TX] func: <Function createProduct(string)>, args: ('QmdhoN7QQXzwfv9HG86xGNDHjUJnFeMDbbegoXnu4T8ZdU',), kwargs: {}
2025-06-10 23:54:43,347 - INFO - bot.services.blockchain - [Web3] [TX] txn (build_transaction): {'value': 0, 'chainId': 31337, 'from': '0x70997970C51812dc3A010C7d01b50e0d17dc79C8', 'nonce': 95, 'gas': 2000000, 'gasPrice': 1000001440, 'to': '0xDc64a140Aa3E981100a9becA4E685f962f0cF6C9', 'data': '0x02ec06be0000000000000000000000000000000000000000000000000000000000000020000000000000000000000000000000000000000000000000000000000000002e516d64686f4e375151587a776676394847383678474e44486a554a6e46654d44626265676f586e753454385a6455000000000000000000000000000000000000'}
2025-06-10 23:54:43,352 - INFO - bot.services.blockchain - [Web3] [TX] signed_txn: SignedTransaction(raw_transaction=HexBytes('0xf8eb5f843b9acfa0831e848094dc64a140aa3e981100a9beca4e685f962f0cf6c980b88402ec06be0000000000000000000000000000000000000000000000000000000000000020000000000000000000000000000000000000000000000000000000000000002e516d64686f4e375151587a776676394847383678474e44486a554a6e46654d44626265676f586e753454385a645500000000000000000000000000000000000082f4f6a023b9d6462811fe015f16d750a651387302a640ab445c2d39f94a6d0f92c9fe51a06997360a66d8a73322a03f1c4954d6640747c584eca47c9dbfa5adc5a0e745f8'), hash=HexBytes('0x6f74cd4179aa2eb79fe69e62429711a68763e7ff2ae3cf4c7ee05098f05b55ef'), r=16159295272532697807217379383656716437638868040189533105765082537531410087505, s=47760015982757679850839818233708089264322609847629236329014074191733923988984, v=62710), type: <class 'eth_account.datastructures.SignedTransaction'>
2025-06-10 23:54:43,356 - INFO - bot.services.blockchain - [Web3] [TX] tx_hash: b'ot\xcdAy\xaa.\xb7\x9f\xe6\x9ebB\x97\x11\xa6\x87c\xe7\xff*\xe3\xcfL~\xe0P\x98\xf0[U\xef', type: <class 'hexbytes.main.HexBytes'>
2025-06-10 23:54:43,359 - INFO - bot.services.blockchain - [Web3] Транзакция ProductRegistry.createProduct отправлена: 6f74cd4179aa2eb79fe69e62429711a68763e7ff2ae3cf4c7ee05098f05b55ef
2025-06-10 23:54:43,362 - INFO - bot.services.product_registry - [ProductRegistry] Продукт успешно создан. Хэш транзакции: 6f74cd4179aa2eb79fe69e62429711a68763e7ff2ae3cf4c7ee05098f05b55ef
2025-06-10 23:54:43,362 - INFO - __main__ - ✅ Продукт amanita_closed_cups успешно загружен в смарт контракт. TX: 6f74cd4179aa2eb79fe69e62429711a68763e7ff2ae3cf4c7ee05098f05b55ef
2025-06-10 23:54:43,362 - INFO - bot.services.product_registry - [ProductRegistry] Создание продукта в смарт-контракте с CID: QmU1o4AZahdrYTwPA8RyLyRm5MopcQ9PH8sWp8PuZMmMTb
2025-06-10 23:54:43,362 - INFO - bot.services.blockchain - [BlockchainService] Создание продукта с CID: QmU1o4AZahdrYTwPA8RyLyRm5MopcQ9PH8sWp8PuZMmMTb
2025-06-10 23:54:43,365 - INFO - bot.services.blockchain - [Web3] [TX] account.address: 0x70997970C51812dc3A010C7d01b50e0d17dc79C8
2025-06-10 23:54:43,365 - INFO - bot.services.blockchain - [Web3] [TX] func: <Function createProduct(string)>, args: ('QmU1o4AZahdrYTwPA8RyLyRm5MopcQ9PH8sWp8PuZMmMTb',), kwargs: {}
2025-06-10 23:54:43,369 - INFO - bot.services.blockchain - [Web3] [TX] txn (build_transaction): {'value': 0, 'chainId': 31337, 'from': '0x70997970C51812dc3A010C7d01b50e0d17dc79C8', 'nonce': 96, 'gas': 2000000, 'gasPrice': 1000001263, 'to': '0xDc64a140Aa3E981100a9becA4E685f962f0cF6C9', 'data': '0x02ec06be0000000000000000000000000000000000000000000000000000000000000020000000000000000000000000000000000000000000000000000000000000002e516d55316f34415a6168647259547750413852794c79526d354d6f706351395048387357703850755a4d6d4d5462000000000000000000000000000000000000'}
2025-06-10 23:54:43,374 - INFO - bot.services.blockchain - [Web3] [TX] signed_txn: SignedTransaction(raw_transaction=HexBytes('0xf8eb60843b9aceef831e848094dc64a140aa3e981100a9beca4e685f962f0cf6c980b88402ec06be0000000000000000000000000000000000000000000000000000000000000020000000000000000000000000000000000000000000000000000000000000002e516d55316f34415a6168647259547750413852794c79526d354d6f706351395048387357703850755a4d6d4d546200000000000000000000000000000000000082f4f5a0d1ef0771a596732a6b1f5c22d15474fa6d326178a94f6ca3e69a36018653db81a01e3216e3460aeb79cebd640040c64c9fe5f399ee55ede907d17379a9aa5e67c0'), hash=HexBytes('0x552531699ef8a44360051f744c17ccba6965a45518cbe0f916e1d40d63403dce'), r=94955713178521529557115446173195485883196751784148070521765919794021648292737, s=13657885776440786276508708884329090413627607181283240119878260989315977734080, v=62709), type: <class 'eth_account.datastructures.SignedTransaction'>
2025-06-10 23:54:43,377 - INFO - bot.services.blockchain - [Web3] [TX] tx_hash: b'U%1i\x9e\xf8\xa4C`\x05\x1ftL\x17\xcc\xbaie\xa4U\x18\xcb\xe0\xf9\x16\xe1\xd4\rc@=\xce', type: <class 'hexbytes.main.HexBytes'>
2025-06-10 23:54:43,380 - INFO - bot.services.blockchain - [Web3] Транзакция ProductRegistry.createProduct отправлена: 552531699ef8a44360051f744c17ccba6965a45518cbe0f916e1d40d63403dce
2025-06-10 23:54:43,382 - INFO - bot.services.product_registry - [ProductRegistry] Продукт успешно создан. Хэш транзакции: 552531699ef8a44360051f744c17ccba6965a45518cbe0f916e1d40d63403dce
2025-06-10 23:54:43,382 - INFO - __main__ - ✅ Продукт amanita_broken_closed_cups успешно загружен в смарт контракт. TX: 552531699ef8a44360051f744c17ccba6965a45518cbe0f916e1d40d63403dce
2025-06-10 23:54:43,382 - INFO - bot.services.product_registry - [ProductRegistry] Создание продукта в смарт-контракте с CID: QmSrLZMi3XRmPvzYVe9pNCZLqYbjSthgg792s26cyPBhcX
2025-06-10 23:54:43,382 - INFO - bot.services.blockchain - [BlockchainService] Создание продукта с CID: QmSrLZMi3XRmPvzYVe9pNCZLqYbjSthgg792s26cyPBhcX
2025-06-10 23:54:43,385 - INFO - bot.services.blockchain - [Web3] [TX] account.address: 0x70997970C51812dc3A010C7d01b50e0d17dc79C8
2025-06-10 23:54:43,385 - INFO - bot.services.blockchain - [Web3] [TX] func: <Function createProduct(string)>, args: ('QmSrLZMi3XRmPvzYVe9pNCZLqYbjSthgg792s26cyPBhcX',), kwargs: {}
2025-06-10 23:54:43,388 - INFO - bot.services.blockchain - [Web3] [TX] txn (build_transaction): {'value': 0, 'chainId': 31337, 'from': '0x70997970C51812dc3A010C7d01b50e0d17dc79C8', 'nonce': 97, 'gas': 2000000, 'gasPrice': 1000001108, 'to': '0xDc64a140Aa3E981100a9becA4E685f962f0cF6C9', 'data': '0x02ec06be0000000000000000000000000000000000000000000000000000000000000020000000000000000000000000000000000000000000000000000000000000002e516d53724c5a4d693358526d50767a59566539704e435a4c7159626a537468676737393273323663795042686358000000000000000000000000000000000000'}
2025-06-10 23:54:43,393 - INFO - bot.services.blockchain - [Web3] [TX] signed_txn: SignedTransaction(raw_transaction=HexBytes('0xf8eb61843b9ace54831e848094dc64a140aa3e981100a9beca4e685f962f0cf6c980b88402ec06be0000000000000000000000000000000000000000000000000000000000000020000000000000000000000000000000000000000000000000000000000000002e516d53724c5a4d693358526d50767a59566539704e435a4c7159626a53746867673739327332366379504268635800000000000000000000000000000000000082f4f5a0637eea9a99866dfe1e071bd94807706261c36c4a759b18be246fafb13825c3b9a04dc023ed88acb8fb27aaf81bbeba01f0f17077d3c304585878db8b85d9d4d4fc'), hash=HexBytes('0x781d2a2890ec378aad111f2823d7ca1d9df9b389ecd4424b384b56f9f18309d6'), r=45003213916550466386937829186735969855644632730530699314260657900679772619705, s=35167571942371985096474066305309258485409779592414775371362206171237490939132, v=62709), type: <class 'eth_account.datastructures.SignedTransaction'>
2025-06-10 23:54:43,396 - INFO - bot.services.blockchain - [Web3] [TX] tx_hash: b'x\x1d*(\x90\xec7\x8a\xad\x11\x1f(#\xd7\xca\x1d\x9d\xf9\xb3\x89\xec\xd4BK8KV\xf9\xf1\x83\t\xd6', type: <class 'hexbytes.main.HexBytes'>
2025-06-10 23:54:43,397 - INFO - bot.services.blockchain - [Web3] Транзакция ProductRegistry.createProduct отправлена: 781d2a2890ec378aad111f2823d7ca1d9df9b389ecd4424b384b56f9f18309d6
2025-06-10 23:54:43,400 - INFO - bot.services.product_registry - [ProductRegistry] Продукт успешно создан. Хэш транзакции: 781d2a2890ec378aad111f2823d7ca1d9df9b389ecd4424b384b56f9f18309d6
2025-06-10 23:54:43,400 - INFO - __main__ - ✅ Продукт amanita_lux успешно загружен в смарт контракт. TX: 781d2a2890ec378aad111f2823d7ca1d9df9b389ecd4424b384b56f9f18309d6
2025-06-10 23:54:43,400 - INFO - bot.services.product_registry - [ProductRegistry] Создание продукта в смарт-контракте с CID: QmRzWvsnjY1s8Y7NDM3VS661mwZNNi5TpFFefC2Tg91zZ5
2025-06-10 23:54:43,400 - INFO - bot.services.blockchain - [BlockchainService] Создание продукта с CID: QmRzWvsnjY1s8Y7NDM3VS661mwZNNi5TpFFefC2Tg91zZ5
2025-06-10 23:54:43,402 - INFO - bot.services.blockchain - [Web3] [TX] account.address: 0x70997970C51812dc3A010C7d01b50e0d17dc79C8
2025-06-10 23:54:43,403 - INFO - bot.services.blockchain - [Web3] [TX] func: <Function createProduct(string)>, args: ('QmRzWvsnjY1s8Y7NDM3VS661mwZNNi5TpFFefC2Tg91zZ5',), kwargs: {}
2025-06-10 23:54:43,405 - INFO - bot.services.blockchain - [Web3] [TX] txn (build_transaction): {'value': 0, 'chainId': 31337, 'from': '0x70997970C51812dc3A010C7d01b50e0d17dc79C8', 'nonce': 98, 'gas': 2000000, 'gasPrice': 1000000972, 'to': '0xDc64a140Aa3E981100a9becA4E685f962f0cF6C9', 'data': '0x02ec06be0000000000000000000000000000000000000000000000000000000000000020000000000000000000000000000000000000000000000000000000000000002e516d527a5776736e6a5931733859374e444d3356533636316d775a4e4e69355470464665664332546739317a5a35000000000000000000000000000000000000'}
2025-06-10 23:54:43,410 - INFO - bot.services.blockchain - [Web3] [TX] signed_txn: SignedTransaction(raw_transaction=HexBytes('0xf8eb62843b9acdcc831e848094dc64a140aa3e981100a9beca4e685f962f0cf6c980b88402ec06be0000000000000000000000000000000000000000000000000000000000000020000000000000000000000000000000000000000000000000000000000000002e516d527a5776736e6a5931733859374e444d3356533636316d775a4e4e69355470464665664332546739317a5a3500000000000000000000000000000000000082f4f6a06bc369998e1a890156eb3918926b726a286cff610fba348d395c26105c6285b7a00d18f0bc51b8b3c6a87d1b6abf352163d7ff1c9ec1b2ed9de3b34c4a5112f7bc'), hash=HexBytes('0xba665fca12390c9f152196eb59be1c5cf848a864aeab0b5c274810e515c8402d'), r=48742738799244802938938114708478308580605124751558533254033640638392404444599, s=5924132857336625156089783420759264667981874465831084283044380529482198611900, v=62710), type: <class 'eth_account.datastructures.SignedTransaction'>
2025-06-10 23:54:43,414 - INFO - bot.services.blockchain - [Web3] [TX] tx_hash: b"\xbaf_\xca\x129\x0c\x9f\x15!\x96\xebY\xbe\x1c\\\xf8H\xa8d\xae\xab\x0b\\'H\x10\xe5\x15\xc8@-", type: <class 'hexbytes.main.HexBytes'>
2025-06-10 23:54:43,421 - INFO - bot.services.blockchain - [Web3] Транзакция ProductRegistry.createProduct отправлена: ba665fca12390c9f152196eb59be1c5cf848a864aeab0b5c274810e515c8402d
2025-06-10 23:54:43,424 - INFO - bot.services.product_registry - [ProductRegistry] Продукт успешно создан. Хэш транзакции: ba665fca12390c9f152196eb59be1c5cf848a864aeab0b5c274810e515c8402d
2025-06-10 23:54:43,424 - INFO - __main__ - ✅ Продукт amanita_pantherina_whole успешно загружен в смарт контракт. TX: ba665fca12390c9f152196eb59be1c5cf848a864aeab0b5c274810e515c8402d
2025-06-10 23:54:43,425 - INFO - bot.services.product_registry - [ProductRegistry] Создание продукта в смарт-контракте с CID: QmaJ1Mz3SsrWzwQ2ijPaxQeaowDLVrLHLSoEADUwSFyTrp
2025-06-10 23:54:43,425 - INFO - bot.services.blockchain - [BlockchainService] Создание продукта с CID: QmaJ1Mz3SsrWzwQ2ijPaxQeaowDLVrLHLSoEADUwSFyTrp
2025-06-10 23:54:43,427 - INFO - bot.services.blockchain - [Web3] [TX] account.address: 0x70997970C51812dc3A010C7d01b50e0d17dc79C8
2025-06-10 23:54:43,427 - INFO - bot.services.blockchain - [Web3] [TX] func: <Function createProduct(string)>, args: ('QmaJ1Mz3SsrWzwQ2ijPaxQeaowDLVrLHLSoEADUwSFyTrp',), kwargs: {}
2025-06-10 23:54:43,430 - INFO - bot.services.blockchain - [Web3] [TX] txn (build_transaction): {'value': 0, 'chainId': 31337, 'from': '0x70997970C51812dc3A010C7d01b50e0d17dc79C8', 'nonce': 99, 'gas': 2000000, 'gasPrice': 1000000853, 'to': '0xDc64a140Aa3E981100a9becA4E685f962f0cF6C9', 'data': '0x02ec06be0000000000000000000000000000000000000000000000000000000000000020000000000000000000000000000000000000000000000000000000000000002e516d614a314d7a33537372577a775132696a5061785165616f77444c56724c484c536f4541445577534679547270000000000000000000000000000000000000'}
2025-06-10 23:54:43,436 - INFO - bot.services.blockchain - [Web3] [TX] signed_txn: SignedTransaction(raw_transaction=HexBytes('0xf8eb63843b9acd55831e848094dc64a140aa3e981100a9beca4e685f962f0cf6c980b88402ec06be0000000000000000000000000000000000000000000000000000000000000020000000000000000000000000000000000000000000000000000000000000002e516d614a314d7a33537372577a775132696a5061785165616f77444c56724c484c536f454144557753467954727000000000000000000000000000000000000082f4f5a071bf147695f1b2e2de04803511600eab0222a8c4a5dea5891535ca9ec04147f5a0353c6feb5b38322b323f4910260b0ec7ff2dc5a6fc3171288610c7cf70c9edb5'), hash=HexBytes('0xebfaf03bf22fac7230d0624187767760dfe93503dca931af7def5e81d0ffa8e6'), r=51448960911273376395421633422731879712537100267101760781429513926719150573557, s=24079364237838318400232781760044195170339275725289570320005561012370224573877, v=62709), type: <class 'eth_account.datastructures.SignedTransaction'>
2025-06-10 23:54:43,439 - INFO - bot.services.blockchain - [Web3] [TX] tx_hash: b'\xeb\xfa\xf0;\xf2/\xacr0\xd0bA\x87vw`\xdf\xe95\x03\xdc\xa91\xaf}\xef^\x81\xd0\xff\xa8\xe6', type: <class 'hexbytes.main.HexBytes'>
2025-06-10 23:54:43,442 - INFO - bot.services.blockchain - [Web3] Транзакция ProductRegistry.createProduct отправлена: ebfaf03bf22fac7230d0624187767760dfe93503dca931af7def5e81d0ffa8e6
2025-06-10 23:54:43,445 - INFO - bot.services.product_registry - [ProductRegistry] Продукт успешно создан. Хэш транзакции: ebfaf03bf22fac7230d0624187767760dfe93503dca931af7def5e81d0ffa8e6
2025-06-10 23:54:43,445 - INFO - __main__ - ✅ Продукт amanita_pantherina_powder успешно загружен в смарт контракт. TX: ebfaf03bf22fac7230d0624187767760dfe93503dca931af7def5e81d0ffa8e6
2025-06-10 23:54:43,445 - INFO - bot.services.product_registry - [ProductRegistry] Создание продукта в смарт-контракте с CID: QmVer4ycsDwFA4um8ngosoASW8toPeSsTs9BfVXJciAU89
2025-06-10 23:54:43,445 - INFO - bot.services.blockchain - [BlockchainService] Создание продукта с CID: QmVer4ycsDwFA4um8ngosoASW8toPeSsTs9BfVXJciAU89
2025-06-10 23:54:43,447 - INFO - bot.services.blockchain - [Web3] [TX] account.address: 0x70997970C51812dc3A010C7d01b50e0d17dc79C8
2025-06-10 23:54:43,447 - INFO - bot.services.blockchain - [Web3] [TX] func: <Function createProduct(string)>, args: ('QmVer4ycsDwFA4um8ngosoASW8toPeSsTs9BfVXJciAU89',), kwargs: {}
2025-06-10 23:54:43,452 - INFO - bot.services.blockchain - [Web3] [TX] txn (build_transaction): {'value': 0, 'chainId': 31337, 'from': '0x70997970C51812dc3A010C7d01b50e0d17dc79C8', 'nonce': 100, 'gas': 2000000, 'gasPrice': 1000000749, 'to': '0xDc64a140Aa3E981100a9becA4E685f962f0cF6C9', 'data': '0x02ec06be0000000000000000000000000000000000000000000000000000000000000020000000000000000000000000000000000000000000000000000000000000002e516d566572347963734477464134756d386e676f736f41535738746f50655373547339426656584a636941553839000000000000000000000000000000000000'}
2025-06-10 23:54:43,456 - INFO - bot.services.blockchain - [Web3] [TX] signed_txn: SignedTransaction(raw_transaction=HexBytes('0xf8eb64843b9acced831e848094dc64a140aa3e981100a9beca4e685f962f0cf6c980b88402ec06be0000000000000000000000000000000000000000000000000000000000000020000000000000000000000000000000000000000000000000000000000000002e516d566572347963734477464134756d386e676f736f41535738746f50655373547339426656584a63694155383900000000000000000000000000000000000082f4f6a014b964ca6a8d6b6215b3a9f611e97fa761865d73910879784a7dd211aafe47a2a04a9dafeb0b906c5b247b0db702eaf7f3a4ccf19a3d70dffab98fdf2b8e1c5537'), hash=HexBytes('0xf805653853c376379685674704f3b1d3e7f87ffc27a04c2961fbc02f72178dfd'), r=9373819310414514199818842208216805543530523614437055319995555318606287751074, s=33749759926747921702270952375405380863316992059294739237832163328283973014839, v=62710), type: <class 'eth_account.datastructures.SignedTransaction'>
2025-06-10 23:54:43,459 - INFO - bot.services.blockchain - [Web3] [TX] tx_hash: b"\xf8\x05e8S\xc3v7\x96\x85gG\x04\xf3\xb1\xd3\xe7\xf8\x7f\xfc'\xa0L)a\xfb\xc0/r\x17\x8d\xfd", type: <class 'hexbytes.main.HexBytes'>
2025-06-10 23:54:43,462 - INFO - bot.services.blockchain - [Web3] Транзакция ProductRegistry.createProduct отправлена: f805653853c376379685674704f3b1d3e7f87ffc27a04c2961fbc02f72178dfd
2025-06-10 23:54:43,464 - INFO - bot.services.product_registry - [ProductRegistry] Продукт успешно создан. Хэш транзакции: f805653853c376379685674704f3b1d3e7f87ffc27a04c2961fbc02f72178dfd
2025-06-10 23:54:43,464 - INFO - __main__ - ✅ Продукт amanita_tincture успешно загружен в смарт контракт. TX: f805653853c376379685674704f3b1d3e7f87ffc27a04c2961fbc02f72178dfd
2025-06-10 23:54:43,464 - INFO - bot.services.product_registry - [ProductRegistry] Создание продукта в смарт-контракте с CID: QmRiYSSFi9feAMuHrHANsSVupLx6e1jGUS7VZ33Xz6pDqr
2025-06-10 23:54:43,464 - INFO - bot.services.blockchain - [BlockchainService] Создание продукта с CID: QmRiYSSFi9feAMuHrHANsSVupLx6e1jGUS7VZ33Xz6pDqr
2025-06-10 23:54:43,466 - INFO - bot.services.blockchain - [Web3] [TX] account.address: 0x70997970C51812dc3A010C7d01b50e0d17dc79C8
2025-06-10 23:54:43,466 - INFO - bot.services.blockchain - [Web3] [TX] func: <Function createProduct(string)>, args: ('QmRiYSSFi9feAMuHrHANsSVupLx6e1jGUS7VZ33Xz6pDqr',), kwargs: {}
2025-06-10 23:54:43,470 - INFO - bot.services.blockchain - [Web3] [TX] txn (build_transaction): {'value': 0, 'chainId': 31337, 'from': '0x70997970C51812dc3A010C7d01b50e0d17dc79C8', 'nonce': 101, 'gas': 2000000, 'gasPrice': 1000000657, 'to': '0xDc64a140Aa3E981100a9becA4E685f962f0cF6C9', 'data': '0x02ec06be0000000000000000000000000000000000000000000000000000000000000020000000000000000000000000000000000000000000000000000000000000002e516d52695953534669396665414d75487248414e73535675704c783665316a47555337565a3333587a3670447172000000000000000000000000000000000000'}
2025-06-10 23:54:43,474 - INFO - bot.services.blockchain - [Web3] [TX] signed_txn: SignedTransaction(raw_transaction=HexBytes('0xf8eb65843b9acc91831e848094dc64a140aa3e981100a9beca4e685f962f0cf6c980b88402ec06be0000000000000000000000000000000000000000000000000000000000000020000000000000000000000000000000000000000000000000000000000000002e516d52695953534669396665414d75487248414e73535675704c783665316a47555337565a3333587a367044717200000000000000000000000000000000000082f4f6a078e73c8154d1f3be4eb8caa850101ffcd75f1f688401a4bc1c87806a1aa298c7a0199dd3c6dcefab3438f75e25378f7fd766cb07e6f7fcd67bee8ec678e58ca9cd'), hash=HexBytes('0x1546a5275e5eb9e13fa7508a5337d22475c9b8e17c7862ce20ac50285b3ca636'), r=54686101093502302674995595856207377725694441661317400022652532213323000879303, s=11586677833567777132457700580428596808529865896564538074153162080770096671181, v=62710), type: <class 'eth_account.datastructures.SignedTransaction'>
2025-06-10 23:54:43,476 - INFO - bot.services.blockchain - [Web3] [TX] tx_hash: b"\x15F\xa5'^^\xb9\xe1?\xa7P\x8aS7\xd2$u\xc9\xb8\xe1|xb\xce \xacP([<\xa66", type: <class 'hexbytes.main.HexBytes'>
2025-06-10 23:54:43,478 - INFO - bot.services.blockchain - [Web3] Транзакция ProductRegistry.createProduct отправлена: 1546a5275e5eb9e13fa7508a5337d22475c9b8e17c7862ce20ac50285b3ca636
2025-06-10 23:54:43,480 - INFO - bot.services.product_registry - [ProductRegistry] Продукт успешно создан. Хэш транзакции: 1546a5275e5eb9e13fa7508a5337d22475c9b8e17c7862ce20ac50285b3ca636
2025-06-10 23:54:43,480 - INFO - __main__ - ✅ Продукт blue_lotus_tincture успешно загружен в смарт контракт. TX: 1546a5275e5eb9e13fa7508a5337d22475c9b8e17c7862ce20ac50285b3ca636
2025-06-10 23:54:43,480 - INFO - bot.services.product_registry - [ProductRegistry] Создание продукта в смарт-контракте с CID: QmNeu4EnHW9c5so7EUrkwnXWVDyjXQwRcZMoaT4uNLFE6Z
2025-06-10 23:54:43,480 - INFO - bot.services.blockchain - [BlockchainService] Создание продукта с CID: QmNeu4EnHW9c5so7EUrkwnXWVDyjXQwRcZMoaT4uNLFE6Z
2025-06-10 23:54:43,482 - INFO - bot.services.blockchain - [Web3] [TX] account.address: 0x70997970C51812dc3A010C7d01b50e0d17dc79C8
2025-06-10 23:54:43,482 - INFO - bot.services.blockchain - [Web3] [TX] func: <Function createProduct(string)>, args: ('QmNeu4EnHW9c5so7EUrkwnXWVDyjXQwRcZMoaT4uNLFE6Z',), kwargs: {}
2025-06-10 23:54:43,486 - INFO - bot.services.blockchain - [Web3] [TX] txn (build_transaction): {'value': 0, 'chainId': 31337, 'from': '0x70997970C51812dc3A010C7d01b50e0d17dc79C8', 'nonce': 102, 'gas': 2000000, 'gasPrice': 1000000577, 'to': '0xDc64a140Aa3E981100a9becA4E685f962f0cF6C9', 'data': '0x02ec06be0000000000000000000000000000000000000000000000000000000000000020000000000000000000000000000000000000000000000000000000000000002e516d4e657534456e4857396335736f374555726b776e58575644796a58517752635a4d6f615434754e4c4645365a000000000000000000000000000000000000'}
2025-06-10 23:54:43,490 - INFO - bot.services.blockchain - [Web3] [TX] signed_txn: SignedTransaction(raw_transaction=HexBytes('0xf8eb66843b9acc41831e848094dc64a140aa3e981100a9beca4e685f962f0cf6c980b88402ec06be0000000000000000000000000000000000000000000000000000000000000020000000000000000000000000000000000000000000000000000000000000002e516d4e657534456e4857396335736f374555726b776e58575644796a58517752635a4d6f615434754e4c4645365a00000000000000000000000000000000000082f4f5a042f640d40b8f9ca279c3ceeadd0086bbfa0901816a32425df659cd0c0da5d755a03134f176e4f1a12a4fe212c18349644e6b65d2fd81f6d1966f872ebb9ba84366'), hash=HexBytes('0xb0017950d151b609854df52b65d6d51b611e12b125d61243ec9b6f59718e222f'), r=30287739812923465908224331829850992081920599672599342979140153183771927369557, s=22256872154202415397711250561656581704984371205936689872522810685969823974246, v=62709), type: <class 'eth_account.datastructures.SignedTransaction'>
2025-06-10 23:54:43,493 - INFO - bot.services.blockchain - [Web3] [TX] tx_hash: b'\xb0\x01yP\xd1Q\xb6\t\x85M\xf5+e\xd6\xd5\x1ba\x1e\x12\xb1%\xd6\x12C\xec\x9boYq\x8e"/', type: <class 'hexbytes.main.HexBytes'>
2025-06-10 23:54:43,499 - INFO - bot.services.blockchain - [Web3] Транзакция ProductRegistry.createProduct отправлена: b0017950d151b609854df52b65d6d51b611e12b125d61243ec9b6f59718e222f
2025-06-10 23:54:43,504 - INFO - bot.services.product_registry - [ProductRegistry] Продукт успешно создан. Хэш транзакции: b0017950d151b609854df52b65d6d51b611e12b125d61243ec9b6f59718e222f
2025-06-10 23:54:43,505 - INFO - __main__ - ✅ Продукт blue_lotus_flowers успешно загружен в смарт контракт. TX: b0017950d151b609854df52b65d6d51b611e12b125d61243ec9b6f59718e222f
2025-06-10 23:54:43,505 - INFO - bot.services.product_registry - [ProductRegistry] Создание продукта в смарт-контракте с CID: QmdrnC4rbxLRsfTLSAFgMUpX8QWreS4SMZg2y5nZsa4qs1
2025-06-10 23:54:43,505 - INFO - bot.services.blockchain - [BlockchainService] Создание продукта с CID: QmdrnC4rbxLRsfTLSAFgMUpX8QWreS4SMZg2y5nZsa4qs1
2025-06-10 23:54:43,507 - INFO - bot.services.blockchain - [Web3] [TX] account.address: 0x70997970C51812dc3A010C7d01b50e0d17dc79C8
2025-06-10 23:54:43,507 - INFO - bot.services.blockchain - [Web3] [TX] func: <Function createProduct(string)>, args: ('QmdrnC4rbxLRsfTLSAFgMUpX8QWreS4SMZg2y5nZsa4qs1',), kwargs: {}
2025-06-10 23:54:43,510 - INFO - bot.services.blockchain - [Web3] [TX] txn (build_transaction): {'value': 0, 'chainId': 31337, 'from': '0x70997970C51812dc3A010C7d01b50e0d17dc79C8', 'nonce': 103, 'gas': 2000000, 'gasPrice': 1000000507, 'to': '0xDc64a140Aa3E981100a9becA4E685f962f0cF6C9', 'data': '0x02ec06be0000000000000000000000000000000000000000000000000000000000000020000000000000000000000000000000000000000000000000000000000000002e516d64726e43347262784c527366544c534146674d55705838515772655334534d5a673279356e5a736134717331000000000000000000000000000000000000'}
2025-06-10 23:54:43,515 - INFO - bot.services.blockchain - [Web3] [TX] signed_txn: SignedTransaction(raw_transaction=HexBytes('0xf8eb67843b9acbfb831e848094dc64a140aa3e981100a9beca4e685f962f0cf6c980b88402ec06be0000000000000000000000000000000000000000000000000000000000000020000000000000000000000000000000000000000000000000000000000000002e516d64726e43347262784c527366544c534146674d55705838515772655334534d5a673279356e5a73613471733100000000000000000000000000000000000082f4f6a0b98811810db56f67a09ea76f0b0b9d58ff854f9af0aa830675a5ec08b2d20396a013fdb9cb6a8e5150300c65c3b3805b08d2013d39f3b5a9d49b0b2168ad1fc796'), hash=HexBytes('0xbfced2431780a2a927aec473085c485e117a84f8e91ac1e52da9d0dc1ad794fa'), r=83918288997678855513418022113899878268939290930939813545867678853090795193238, s=9042238737635971294338119493807268247222654198021881910782892984184243996566, v=62710), type: <class 'eth_account.datastructures.SignedTransaction'>
2025-06-10 23:54:43,523 - INFO - bot.services.blockchain - [Web3] [TX] tx_hash: b"\xbf\xce\xd2C\x17\x80\xa2\xa9'\xae\xc4s\x08\\H^\x11z\x84\xf8\xe9\x1a\xc1\xe5-\xa9\xd0\xdc\x1a\xd7\x94\xfa", type: <class 'hexbytes.main.HexBytes'>
2025-06-10 23:54:43,527 - INFO - bot.services.blockchain - [Web3] Транзакция ProductRegistry.createProduct отправлена: bfced2431780a2a927aec473085c485e117a84f8e91ac1e52da9d0dc1ad794fa
2025-06-10 23:54:43,531 - INFO - bot.services.product_registry - [ProductRegistry] Продукт успешно создан. Хэш транзакции: bfced2431780a2a927aec473085c485e117a84f8e91ac1e52da9d0dc1ad794fa
2025-06-10 23:54:43,531 - INFO - __main__ - ✅ Продукт chaga_chunks успешно загружен в смарт контракт. TX: bfced2431780a2a927aec473085c485e117a84f8e91ac1e52da9d0dc1ad794fa
2025-06-10 23:54:43,531 - INFO - bot.services.product_registry - [ProductRegistry] Создание продукта в смарт-контракте с CID: QmXnknwLebfWJXx44GUVbHFBPt3XboNcfYcMqeNZvUkmZM
2025-06-10 23:54:43,531 - INFO - bot.services.blockchain - [BlockchainService] Создание продукта с CID: QmXnknwLebfWJXx44GUVbHFBPt3XboNcfYcMqeNZvUkmZM
2025-06-10 23:54:43,533 - INFO - bot.services.blockchain - [Web3] [TX] account.address: 0x70997970C51812dc3A010C7d01b50e0d17dc79C8
2025-06-10 23:54:43,534 - INFO - bot.services.blockchain - [Web3] [TX] func: <Function createProduct(string)>, args: ('QmXnknwLebfWJXx44GUVbHFBPt3XboNcfYcMqeNZvUkmZM',), kwargs: {}
2025-06-10 23:54:43,537 - INFO - bot.services.blockchain - [Web3] [TX] txn (build_transaction): {'value': 0, 'chainId': 31337, 'from': '0x70997970C51812dc3A010C7d01b50e0d17dc79C8', 'nonce': 104, 'gas': 2000000, 'gasPrice': 1000000445, 'to': '0xDc64a140Aa3E981100a9becA4E685f962f0cF6C9', 'data': '0x02ec06be0000000000000000000000000000000000000000000000000000000000000020000000000000000000000000000000000000000000000000000000000000002e516d586e6b6e774c656266574a587834344755566248464250743358626f4e636659634d71654e5a76556b6d5a4d000000000000000000000000000000000000'}
2025-06-10 23:54:43,542 - INFO - bot.services.blockchain - [Web3] [TX] signed_txn: SignedTransaction(raw_transaction=HexBytes('0xf8eb68843b9acbbd831e848094dc64a140aa3e981100a9beca4e685f962f0cf6c980b88402ec06be0000000000000000000000000000000000000000000000000000000000000020000000000000000000000000000000000000000000000000000000000000002e516d586e6b6e774c656266574a587834344755566248464250743358626f4e636659634d71654e5a76556b6d5a4d00000000000000000000000000000000000082f4f6a0b8da97aabd5c79b11150b8cde7f2b3bc416e3f49adb1650834604652e6a35faba0065b739cfbc51fa8d81f9be1e7b783ee8b2568fe10ba56e79c2d164c5041fc68'), hash=HexBytes('0xccfffddb9982d163a8c488c1d3b8e58dcdef8ea07c01ca8e49bf3ea782e13b1e'), r=83611783566274067316432101006151066936938169349809776683725781406715182538667, s=2875458107490469477755106952990357805464169863530508610296858916127229738088, v=62710), type: <class 'eth_account.datastructures.SignedTransaction'>
2025-06-10 23:54:43,544 - INFO - bot.services.blockchain - [Web3] [TX] tx_hash: b'\xcc\xff\xfd\xdb\x99\x82\xd1c\xa8\xc4\x88\xc1\xd3\xb8\xe5\x8d\xcd\xef\x8e\xa0|\x01\xca\x8eI\xbf>\xa7\x82\xe1;\x1e', type: <class 'hexbytes.main.HexBytes'>
2025-06-10 23:54:43,546 - INFO - bot.services.blockchain - [Web3] Транзакция ProductRegistry.createProduct отправлена: ccfffddb9982d163a8c488c1d3b8e58dcdef8ea07c01ca8e49bf3ea782e13b1e
2025-06-10 23:54:43,547 - INFO - bot.services.product_registry - [ProductRegistry] Продукт успешно создан. Хэш транзакции: ccfffddb9982d163a8c488c1d3b8e58dcdef8ea07c01ca8e49bf3ea782e13b1e
2025-06-10 23:54:43,548 - INFO - __main__ - ✅ Продукт cordyceps_militaris_powder успешно загружен в смарт контракт. TX: ccfffddb9982d163a8c488c1d3b8e58dcdef8ea07c01ca8e49bf3ea782e13b1e
2025-06-10 23:54:43,548 - INFO - bot.services.product_registry - [ProductRegistry] Создание продукта в смарт-контракте с CID: QmYxPRZD9aYAxY8yV2nnTKY4dmU7vZDtnY2Y9jF487yHQK
2025-06-10 23:54:43,548 - INFO - bot.services.blockchain - [BlockchainService] Создание продукта с CID: QmYxPRZD9aYAxY8yV2nnTKY4dmU7vZDtnY2Y9jF487yHQK
2025-06-10 23:54:43,550 - INFO - bot.services.blockchain - [Web3] [TX] account.address: 0x70997970C51812dc3A010C7d01b50e0d17dc79C8
2025-06-10 23:54:43,550 - INFO - bot.services.blockchain - [Web3] [TX] func: <Function createProduct(string)>, args: ('QmYxPRZD9aYAxY8yV2nnTKY4dmU7vZDtnY2Y9jF487yHQK',), kwargs: {}
2025-06-10 23:54:43,553 - INFO - bot.services.blockchain - [Web3] [TX] txn (build_transaction): {'value': 0, 'chainId': 31337, 'from': '0x70997970C51812dc3A010C7d01b50e0d17dc79C8', 'nonce': 105, 'gas': 2000000, 'gasPrice': 1000000391, 'to': '0xDc64a140Aa3E981100a9becA4E685f962f0cF6C9', 'data': '0x02ec06be0000000000000000000000000000000000000000000000000000000000000020000000000000000000000000000000000000000000000000000000000000002e516d597850525a44396159417859387956326e6e544b5934646d5537765a44746e593259396a463438377948514b000000000000000000000000000000000000'}
2025-06-10 23:54:43,558 - INFO - bot.services.blockchain - [Web3] [TX] signed_txn: SignedTransaction(raw_transaction=HexBytes('0xf8eb69843b9acb87831e848094dc64a140aa3e981100a9beca4e685f962f0cf6c980b88402ec06be0000000000000000000000000000000000000000000000000000000000000020000000000000000000000000000000000000000000000000000000000000002e516d597850525a44396159417859387956326e6e544b5934646d5537765a44746e593259396a463438377948514b00000000000000000000000000000000000082f4f5a0bb1a142bdde7faaf4b6d1b9735a3ee44c6f37f45542cf6c6851f84134619be48a04acc6f6a8d914eea3fbbabac317243f916e4cfe53292240e0bb3fad1dabf557b'), hash=HexBytes('0x49f1d9e202420fb02f1e0f33cfc8b3f70b6d073b252a286cf43ff0d23364c5e7'), r=84628579926329142298923795003599070358121700660164474499989230584626159402568, s=33832356562884153090450650139171998479639522385027165383156782224029605909883, v=62709), type: <class 'eth_account.datastructures.SignedTransaction'>
2025-06-10 23:54:43,562 - INFO - bot.services.blockchain - [Web3] [TX] tx_hash: b'I\xf1\xd9\xe2\x02B\x0f\xb0/\x1e\x0f3\xcf\xc8\xb3\xf7\x0bm\x07;%*(l\xf4?\xf0\xd23d\xc5\xe7', type: <class 'hexbytes.main.HexBytes'>
2025-06-10 23:54:43,564 - INFO - bot.services.blockchain - [Web3] Транзакция ProductRegistry.createProduct отправлена: 49f1d9e202420fb02f1e0f33cfc8b3f70b6d073b252a286cf43ff0d23364c5e7
2025-06-10 23:54:43,567 - INFO - bot.services.product_registry - [ProductRegistry] Продукт успешно создан. Хэш транзакции: 49f1d9e202420fb02f1e0f33cfc8b3f70b6d073b252a286cf43ff0d23364c5e7
2025-06-10 23:54:43,567 - INFO - __main__ - ✅ Продукт cordyceps_militaris_dried_bodies успешно загружен в смарт контракт. TX: 49f1d9e202420fb02f1e0f33cfc8b3f70b6d073b252a286cf43ff0d23364c5e7
2025-06-10 23:54:43,567 - INFO - bot.services.product_registry - [ProductRegistry] Создание продукта в смарт-контракте с CID: QmWtDi6u5t5rnmrgxgjbZ5KStwv8YGBzpK1sSxCgjMdZKT
2025-06-10 23:54:43,567 - INFO - bot.services.blockchain - [BlockchainService] Создание продукта с CID: QmWtDi6u5t5rnmrgxgjbZ5KStwv8YGBzpK1sSxCgjMdZKT
2025-06-10 23:54:43,569 - INFO - bot.services.blockchain - [Web3] [TX] account.address: 0x70997970C51812dc3A010C7d01b50e0d17dc79C8
2025-06-10 23:54:43,569 - INFO - bot.services.blockchain - [Web3] [TX] func: <Function createProduct(string)>, args: ('QmWtDi6u5t5rnmrgxgjbZ5KStwv8YGBzpK1sSxCgjMdZKT',), kwargs: {}
2025-06-10 23:54:43,572 - INFO - bot.services.blockchain - [Web3] [TX] txn (build_transaction): {'value': 0, 'chainId': 31337, 'from': '0x70997970C51812dc3A010C7d01b50e0d17dc79C8', 'nonce': 106, 'gas': 2000000, 'gasPrice': 1000000343, 'to': '0xDc64a140Aa3E981100a9becA4E685f962f0cF6C9', 'data': '0x02ec06be0000000000000000000000000000000000000000000000000000000000000020000000000000000000000000000000000000000000000000000000000000002e516d577444693675357435726e6d726778676a625a354b53747776385947427a704b3173537843676a4d645a4b54000000000000000000000000000000000000'}
2025-06-10 23:54:43,576 - INFO - bot.services.blockchain - [Web3] [TX] signed_txn: SignedTransaction(raw_transaction=HexBytes('0xf8eb6a843b9acb57831e848094dc64a140aa3e981100a9beca4e685f962f0cf6c980b88402ec06be0000000000000000000000000000000000000000000000000000000000000020000000000000000000000000000000000000000000000000000000000000002e516d577444693675357435726e6d726778676a625a354b53747776385947427a704b3173537843676a4d645a4b5400000000000000000000000000000000000082f4f6a08df756bfa31f4d3f00a8bd720295eede707aef032e4eae6ed05d850d762b2809a057df1534d07e532f524b0bf67f6ce12c8a2f7e52a5d7f7a36c484b79cbe0b28f'), hash=HexBytes('0x54ba8b9fa333798cfecdeed7cda923456ada75b8d443c2be61f5c69ef07b7f2c'), r=64213121591955239436300741373203630150130528077081960564120618182073723332617, s=39745371082737188521163872812940879993895269805080369477948384411698967130767, v=62710), type: <class 'eth_account.datastructures.SignedTransaction'>
2025-06-10 23:54:43,578 - INFO - bot.services.blockchain - [Web3] [TX] tx_hash: b'T\xba\x8b\x9f\xa33y\x8c\xfe\xcd\xee\xd7\xcd\xa9#Ej\xdau\xb8\xd4C\xc2\xbea\xf5\xc6\x9e\xf0{\x7f,', type: <class 'hexbytes.main.HexBytes'>
2025-06-10 23:54:43,580 - INFO - bot.services.blockchain - [Web3] Транзакция ProductRegistry.createProduct отправлена: 54ba8b9fa333798cfecdeed7cda923456ada75b8d443c2be61f5c69ef07b7f2c
2025-06-10 23:54:43,582 - INFO - bot.services.product_registry - [ProductRegistry] Продукт успешно создан. Хэш транзакции: 54ba8b9fa333798cfecdeed7cda923456ada75b8d443c2be61f5c69ef07b7f2c
2025-06-10 23:54:43,582 - INFO - __main__ - ✅ Продукт chanterelle_dried успешно загружен в смарт контракт. TX: 54ba8b9fa333798cfecdeed7cda923456ada75b8d443c2be61f5c69ef07b7f2c
2025-06-10 23:54:43,582 - INFO - bot.services.product_registry - [ProductRegistry] Создание продукта в смарт-контракте с CID: QmVgK7bn2MVwaqVAcJyvMLdBxrBfoxHPuYMCEmToxsHfYg
2025-06-10 23:54:43,582 - INFO - bot.services.blockchain - [BlockchainService] Создание продукта с CID: QmVgK7bn2MVwaqVAcJyvMLdBxrBfoxHPuYMCEmToxsHfYg
2025-06-10 23:54:43,585 - INFO - bot.services.blockchain - [Web3] [TX] account.address: 0x70997970C51812dc3A010C7d01b50e0d17dc79C8
2025-06-10 23:54:43,585 - INFO - bot.services.blockchain - [Web3] [TX] func: <Function createProduct(string)>, args: ('QmVgK7bn2MVwaqVAcJyvMLdBxrBfoxHPuYMCEmToxsHfYg',), kwargs: {}
2025-06-10 23:54:43,588 - INFO - bot.services.blockchain - [Web3] [TX] txn (build_transaction): {'value': 0, 'chainId': 31337, 'from': '0x70997970C51812dc3A010C7d01b50e0d17dc79C8', 'nonce': 107, 'gas': 2000000, 'gasPrice': 1000000301, 'to': '0xDc64a140Aa3E981100a9becA4E685f962f0cF6C9', 'data': '0x02ec06be0000000000000000000000000000000000000000000000000000000000000020000000000000000000000000000000000000000000000000000000000000002e516d56674b37626e324d567761715641634a79764d4c6442787242666f78485075594d43456d546f787348665967000000000000000000000000000000000000'}
2025-06-10 23:54:43,592 - INFO - bot.services.blockchain - [Web3] [TX] signed_txn: SignedTransaction(raw_transaction=HexBytes('0xf8eb6b843b9acb2d831e848094dc64a140aa3e981100a9beca4e685f962f0cf6c980b88402ec06be0000000000000000000000000000000000000000000000000000000000000020000000000000000000000000000000000000000000000000000000000000002e516d56674b37626e324d567761715641634a79764d4c6442787242666f78485075594d43456d546f78734866596700000000000000000000000000000000000082f4f5a09319c4585181c5ca88e59f1257d6243042aa3b57d808933a751752a284721e3da00ac185396b41829f9ae7452bfdb10de8ac7530c890b54039a25fc52d46da5dff'), hash=HexBytes('0x588f1c058b66239a4bc60e2677a0b8e04e4aa48f4abafc0c1d5637a8cc765ee2'), r=66535515041702577344129587370031020853208446823372994964392673862380862709309, s=4865049449611339793308253605497723339147525012565819470988790297868591848959, v=62709), type: <class 'eth_account.datastructures.SignedTransaction'>
2025-06-10 23:54:43,594 - INFO - bot.services.blockchain - [Web3] [TX] tx_hash: b'X\x8f\x1c\x05\x8bf#\x9aK\xc6\x0e&w\xa0\xb8\xe0NJ\xa4\x8fJ\xba\xfc\x0c\x1dV7\xa8\xccv^\xe2', type: <class 'hexbytes.main.HexBytes'>
2025-06-10 23:54:43,596 - INFO - bot.services.blockchain - [Web3] Транзакция ProductRegistry.createProduct отправлена: 588f1c058b66239a4bc60e2677a0b8e04e4aa48f4abafc0c1d5637a8cc765ee2
2025-06-10 23:54:43,598 - INFO - bot.services.product_registry - [ProductRegistry] Продукт успешно создан. Хэш транзакции: 588f1c058b66239a4bc60e2677a0b8e04e4aa48f4abafc0c1d5637a8cc765ee2
2025-06-10 23:54:43,598 - INFO - __main__ - ✅ Продукт chanterelle_powder успешно загружен в смарт контракт. TX: 588f1c058b66239a4bc60e2677a0b8e04e4aa48f4abafc0c1d5637a8cc765ee2
2025-06-10 23:54:43,598 - INFO - bot.services.product_registry - [ProductRegistry] Создание продукта в смарт-контракте с CID: QmcCqsvoF2XZSBbwQoBRbMvyTWNYe2fq6r4kv9VE2shxSD
2025-06-10 23:54:43,598 - INFO - bot.services.blockchain - [BlockchainService] Создание продукта с CID: QmcCqsvoF2XZSBbwQoBRbMvyTWNYe2fq6r4kv9VE2shxSD
2025-06-10 23:54:43,600 - INFO - bot.services.blockchain - [Web3] [TX] account.address: 0x70997970C51812dc3A010C7d01b50e0d17dc79C8
2025-06-10 23:54:43,600 - INFO - bot.services.blockchain - [Web3] [TX] func: <Function createProduct(string)>, args: ('QmcCqsvoF2XZSBbwQoBRbMvyTWNYe2fq6r4kv9VE2shxSD',), kwargs: {}
2025-06-10 23:54:43,603 - INFO - bot.services.blockchain - [Web3] [TX] txn (build_transaction): {'value': 0, 'chainId': 31337, 'from': '0x70997970C51812dc3A010C7d01b50e0d17dc79C8', 'nonce': 108, 'gas': 2000000, 'gasPrice': 1000000264, 'to': '0xDc64a140Aa3E981100a9becA4E685f962f0cF6C9', 'data': '0x02ec06be0000000000000000000000000000000000000000000000000000000000000020000000000000000000000000000000000000000000000000000000000000002e516d63437173766f4632585a53426277516f4252624d767954574e59653266713672346b76395645327368785344000000000000000000000000000000000000'}
2025-06-10 23:54:43,608 - INFO - bot.services.blockchain - [Web3] [TX] signed_txn: SignedTransaction(raw_transaction=HexBytes('0xf8eb6c843b9acb08831e848094dc64a140aa3e981100a9beca4e685f962f0cf6c980b88402ec06be0000000000000000000000000000000000000000000000000000000000000020000000000000000000000000000000000000000000000000000000000000002e516d63437173766f4632585a53426277516f4252624d767954574e59653266713672346b7639564532736878534400000000000000000000000000000000000082f4f6a04e4055aba815439214690a9eddb708c9533904903af2f731c7e1408c7ceb79e5a0411adbb3eb5bd21847cdabf6d1d4a801d36848ca3d70b89ad3636fc710d519c0'), hash=HexBytes('0xebd67d0c06748f06f66f2f0a4443437da62180f4aa86cf7b32f5c5149b497e19'), r=35394071677932164651943774341656648064957806524243931340965274095892610906597, s=29447789514663115170459554325982977418203555263697478977979437895947356805568, v=62710), type: <class 'eth_account.datastructures.SignedTransaction'>
2025-06-10 23:54:43,611 - INFO - bot.services.blockchain - [Web3] [TX] tx_hash: b'\xeb\xd6}\x0c\x06t\x8f\x06\xf6o/\nDCC}\xa6!\x80\xf4\xaa\x86\xcf{2\xf5\xc5\x14\x9bI~\x19', type: <class 'hexbytes.main.HexBytes'>
2025-06-10 23:54:43,614 - INFO - bot.services.blockchain - [Web3] Транзакция ProductRegistry.createProduct отправлена: ebd67d0c06748f06f66f2f0a4443437da62180f4aa86cf7b32f5c5149b497e19
2025-06-10 23:54:43,615 - INFO - bot.services.product_registry - [ProductRegistry] Продукт успешно создан. Хэш транзакции: ebd67d0c06748f06f66f2f0a4443437da62180f4aa86cf7b32f5c5149b497e19
2025-06-10 23:54:43,615 - INFO - __main__ - ✅ Продукт aspen_bark_dried_strips успешно загружен в смарт контракт. TX: ebd67d0c06748f06f66f2f0a4443437da62180f4aa86cf7b32f5c5149b497e19
2025-06-10 23:54:43,615 - INFO - bot.services.product_registry - [ProductRegistry] Создание продукта в смарт-контракте с CID: Qmb7s7cjpqYzKhwRFwwmnYkKZYmQgrzWYKwRHFkPHd6pVN
2025-06-10 23:54:43,615 - INFO - bot.services.blockchain - [BlockchainService] Создание продукта с CID: Qmb7s7cjpqYzKhwRFwwmnYkKZYmQgrzWYKwRHFkPHd6pVN
2025-06-10 23:54:43,618 - INFO - bot.services.blockchain - [Web3] [TX] account.address: 0x70997970C51812dc3A010C7d01b50e0d17dc79C8
2025-06-10 23:54:43,618 - INFO - bot.services.blockchain - [Web3] [TX] func: <Function createProduct(string)>, args: ('Qmb7s7cjpqYzKhwRFwwmnYkKZYmQgrzWYKwRHFkPHd6pVN',), kwargs: {}
2025-06-10 23:54:43,622 - INFO - bot.services.blockchain - [Web3] [TX] txn (build_transaction): {'value': 0, 'chainId': 31337, 'from': '0x70997970C51812dc3A010C7d01b50e0d17dc79C8', 'nonce': 109, 'gas': 2000000, 'gasPrice': 1000000232, 'to': '0xDc64a140Aa3E981100a9becA4E685f962f0cF6C9', 'data': '0x02ec06be0000000000000000000000000000000000000000000000000000000000000020000000000000000000000000000000000000000000000000000000000000002e516d62377337636a7071597a4b6877524677776d6e596b4b5a596d5167727a57594b775248466b5048643670564e000000000000000000000000000000000000'}
2025-06-10 23:54:43,626 - INFO - bot.services.blockchain - [Web3] [TX] signed_txn: SignedTransaction(raw_transaction=HexBytes('0xf8eb6d843b9acae8831e848094dc64a140aa3e981100a9beca4e685f962f0cf6c980b88402ec06be0000000000000000000000000000000000000000000000000000000000000020000000000000000000000000000000000000000000000000000000000000002e516d62377337636a7071597a4b6877524677776d6e596b4b5a596d5167727a57594b775248466b5048643670564e00000000000000000000000000000000000082f4f6a03aa45b3ca8730a22afef20073cb7262b1801985accf09045f8f144dd7bf121c9a037be38f13744d8f8c60eb658b05f41b104b10b399b609f78f873ab4b71009d24'), hash=HexBytes('0x5553df9921add32c82ec6a114fb8ad4983de9ada6945cb7473f084ccf7fc52e2'), r=26524537830707253069503891105733871896838926237366637440610789013853817610697, s=25213300615350609717470193316543574031379781734568927359879547080711749016868, v=62710), type: <class 'eth_account.datastructures.SignedTransaction'>
2025-06-10 23:54:43,628 - INFO - bot.services.blockchain - [Web3] [TX] tx_hash: b'US\xdf\x99!\xad\xd3,\x82\xecj\x11O\xb8\xadI\x83\xde\x9a\xdaiE\xcbts\xf0\x84\xcc\xf7\xfcR\xe2', type: <class 'hexbytes.main.HexBytes'>
2025-06-10 23:54:43,630 - INFO - bot.services.blockchain - [Web3] Транзакция ProductRegistry.createProduct отправлена: 5553df9921add32c82ec6a114fb8ad4983de9ada6945cb7473f084ccf7fc52e2
2025-06-10 23:54:43,632 - INFO - bot.services.product_registry - [ProductRegistry] Продукт успешно создан. Хэш транзакции: 5553df9921add32c82ec6a114fb8ad4983de9ada6945cb7473f084ccf7fc52e2
2025-06-10 23:54:43,632 - INFO - __main__ - ✅ Продукт lions_mane_powder успешно загружен в смарт контракт. TX: 5553df9921add32c82ec6a114fb8ad4983de9ada6945cb7473f084ccf7fc52e2
2025-06-10 23:54:43,632 - INFO - bot.services.product_registry - [ProductRegistry] Создание продукта в смарт-контракте с CID: QmTnLDtj1k8mHCPQs8v54xDrBUgNsmmjHAMtNzaVVi9oNa
2025-06-10 23:54:43,632 - INFO - bot.services.blockchain - [BlockchainService] Создание продукта с CID: QmTnLDtj1k8mHCPQs8v54xDrBUgNsmmjHAMtNzaVVi9oNa
2025-06-10 23:54:43,634 - INFO - bot.services.blockchain - [Web3] [TX] account.address: 0x70997970C51812dc3A010C7d01b50e0d17dc79C8
2025-06-10 23:54:43,634 - INFO - bot.services.blockchain - [Web3] [TX] func: <Function createProduct(string)>, args: ('QmTnLDtj1k8mHCPQs8v54xDrBUgNsmmjHAMtNzaVVi9oNa',), kwargs: {}
2025-06-10 23:54:43,638 - INFO - bot.services.blockchain - [Web3] [TX] txn (build_transaction): {'value': 0, 'chainId': 31337, 'from': '0x70997970C51812dc3A010C7d01b50e0d17dc79C8', 'nonce': 110, 'gas': 2000000, 'gasPrice': 1000000204, 'to': '0xDc64a140Aa3E981100a9becA4E685f962f0cF6C9', 'data': '0x02ec06be0000000000000000000000000000000000000000000000000000000000000020000000000000000000000000000000000000000000000000000000000000002e516d546e4c44746a316b386d4843505173387635347844724255674e736d6d6a48414d744e7a61565669396f4e61000000000000000000000000000000000000'}
2025-06-10 23:54:43,642 - INFO - bot.services.blockchain - [Web3] [TX] signed_txn: SignedTransaction(raw_transaction=HexBytes('0xf8eb6e843b9acacc831e848094dc64a140aa3e981100a9beca4e685f962f0cf6c980b88402ec06be0000000000000000000000000000000000000000000000000000000000000020000000000000000000000000000000000000000000000000000000000000002e516d546e4c44746a316b386d4843505173387635347844724255674e736d6d6a48414d744e7a61565669396f4e6100000000000000000000000000000000000082f4f6a024636742d4c4d2d3fe305dbe52dc40bc0bd39a8f4b6e19e58dcff00bbbcc7468a05d063c76911d49c603b16a7676fea66ccec5905ae705ca675b0f3048a0bc4ef4'), hash=HexBytes('0x8497817c36aba5ac1a3d324e9f7546aa125cc56e0081334b580b9502cb8bd8be'), r=16458893090048023834814066116159728292402606011740344526133657522155257885800, s=42076113301969289331714686716935376944211437767105304178955040899909673570036, v=62710), type: <class 'eth_account.datastructures.SignedTransaction'>
2025-06-10 23:54:43,644 - INFO - bot.services.blockchain - [Web3] [TX] tx_hash: b'\x84\x97\x81|6\xab\xa5\xac\x1a=2N\x9fuF\xaa\x12\\\xc5n\x00\x813KX\x0b\x95\x02\xcb\x8b\xd8\xbe', type: <class 'hexbytes.main.HexBytes'>
2025-06-10 23:54:43,646 - INFO - bot.services.blockchain - [Web3] Транзакция ProductRegistry.createProduct отправлена: 8497817c36aba5ac1a3d324e9f7546aa125cc56e0081334b580b9502cb8bd8be
2025-06-10 23:54:43,648 - INFO - bot.services.product_registry - [ProductRegistry] Продукт успешно создан. Хэш транзакции: 8497817c36aba5ac1a3d324e9f7546aa125cc56e0081334b580b9502cb8bd8be
2025-06-10 23:54:43,648 - INFO - __main__ - ✅ Продукт Lion's Mane mushroom — whole dried успешно загружен в смарт контракт. TX: 8497817c36aba5ac1a3d324e9f7546aa125cc56e0081334b580b9502cb8bd8be
2025-06-10 23:54:43,649 - INFO - __main__ - 📊 Итоги загрузки:
2025-06-10 23:54:43,649 - INFO - __main__ - ✅ Успешно загружено: 0
2025-06-10 23:54:43,649 - INFO - __main__ - ❌ Ошибок: 17
2025-06-10 23:54:43,649 - INFO - __main__ - 🔍 Детали ошибок:
2025-06-10 23:54:43,649 - ERROR - __main__ -   - Продукт amanita1: Транзакция не прошла
2025-06-10 23:54:43,649 - ERROR - __main__ -   - Продукт amanita_closed_cups: Транзакция не прошла
2025-06-10 23:54:43,649 - ERROR - __main__ -   - Продукт amanita_broken_closed_cups: Транзакция не прошла
2025-06-10 23:54:43,649 - ERROR - __main__ -   - Продукт amanita_lux: Транзакция не прошла
2025-06-10 23:54:43,649 - ERROR - __main__ -   - Продукт amanita_pantherina_whole: Транзакция не прошла
2025-06-10 23:54:43,649 - ERROR - __main__ -   - Продукт amanita_pantherina_powder: Транзакция не прошла
2025-06-10 23:54:43,649 - ERROR - __main__ -   - Продукт amanita_tincture: Транзакция не прошла
2025-06-10 23:54:43,649 - ERROR - __main__ -   - Продукт blue_lotus_tincture: Транзакция не прошла
2025-06-10 23:54:43,649 - ERROR - __main__ -   - Продукт blue_lotus_flowers: Транзакция не прошла
2025-06-10 23:54:43,649 - ERROR - __main__ -   - Продукт chaga_chunks: Транзакция не прошла
2025-06-10 23:54:43,649 - ERROR - __main__ -   - Продукт cordyceps_militaris_powder: Транзакция не прошла
2025-06-10 23:54:43,649 - ERROR - __main__ -   - Продукт cordyceps_militaris_dried_bodies: Транзакция не прошла
2025-06-10 23:54:43,649 - ERROR - __main__ -   - Продукт chanterelle_dried: Транзакция не прошла
2025-06-10 23:54:43,649 - ERROR - __main__ -   - Продукт chanterelle_powder: Транзакция не прошла
2025-06-10 23:54:43,650 - ERROR - __main__ -   - Продукт aspen_bark_dried_strips: Транзакция не прошла
2025-06-10 23:54:43,650 - ERROR - __main__ -   - Продукт lions_mane_powder: Транзакция не прошла
2025-06-10 23:54:43,650 - ERROR - __main__ -   - Продукт Lion's Mane mushroom — whole dried: Транзакция не прошла
2025-06-10 23:54:43,650 - ERROR - __main__ - ❌ Процесс завершился с ошибками
2025-06-10 23:56:04,943 - INFO - __main__ - 🚀 Запуск загрузки продуктов в смарт-контракт
2025-06-10 23:56:04,943 - INFO - __main__ - 📦 Загрузка данных из JSON...
2025-06-10 23:56:04,944 - INFO - __main__ - 📦 Загружено 17 продуктов
2025-06-10 23:56:04,944 - INFO - __main__ - 📝 Загрузка продуктов в реестр...
2025-06-10 23:56:04,944 - INFO - bot.services.product_registry - [ProductRegistry] Создание продукта в смарт-контракте с CID: QmeGq712hKBE5jH3DqMnUax1mwfYAxg3pinM9Kk4aRCH7z
2025-06-10 23:56:04,944 - INFO - bot.services.blockchain - [BlockchainService] Создание продукта с CID: QmeGq712hKBE5jH3DqMnUax1mwfYAxg3pinM9Kk4aRCH7z
2025-06-10 23:56:04,946 - INFO - bot.services.blockchain - [Web3] [TX] account.address: 0x70997970C51812dc3A010C7d01b50e0d17dc79C8
2025-06-10 23:56:04,946 - INFO - bot.services.blockchain - [Web3] [TX] func: <Function createProduct(string) bound to ('QmeGq712hKBE5jH3DqMnUax1mwfYAxg3pinM9Kk4aRCH7z',)>, args: ('QmeGq712hKBE5jH3DqMnUax1mwfYAxg3pinM9Kk4aRCH7z',), kwargs: {}
2025-06-10 23:56:04,951 - INFO - bot.services.blockchain - [Web3] [TX] txn (build_transaction): {'value': 0, 'chainId': 31337, 'from': '0x70997970C51812dc3A010C7d01b50e0d17dc79C8', 'nonce': 111, 'gas': 2000000, 'gasPrice': 1000000179, 'to': '0xDc64a140Aa3E981100a9becA4E685f962f0cF6C9', 'data': '0x02ec06be0000000000000000000000000000000000000000000000000000000000000020000000000000000000000000000000000000000000000000000000000000002e516d654771373132684b4245356a483344714d6e556178316d7766594178673370696e4d394b6b3461524348377a000000000000000000000000000000000000'}
2025-06-10 23:56:04,956 - INFO - bot.services.blockchain - [Web3] [TX] signed_txn: SignedTransaction(raw_transaction=HexBytes('0xf8eb6f843b9acab3831e848094dc64a140aa3e981100a9beca4e685f962f0cf6c980b88402ec06be0000000000000000000000000000000000000000000000000000000000000020000000000000000000000000000000000000000000000000000000000000002e516d654771373132684b4245356a483344714d6e556178316d7766594178673370696e4d394b6b3461524348377a00000000000000000000000000000000000082f4f5a0ca2c8a0e655b8596f44c953d3bd2b2135859bbdcc5e84b3ac3e9cc09eb79ac86a041cd91f532b9312d17b5b17458379e876647bbd0555f5a7662b88844a6d8ba6d'), hash=HexBytes('0x6f23b92d13a07646c5bd5ea6a5feaec9cd6485c9a4d100a9426269f9f9613eee'), r=91445889513779361157343446400126330581029288184741116017214137943430553775238, s=29763546169940900307705647138747598199721420729428856920425879198622729943661, v=62709), type: <class 'eth_account.datastructures.SignedTransaction'>
2025-06-10 23:56:04,956 - ERROR - bot.services.blockchain - [BlockchainService] Ошибка создания продукта: 'SignedTransaction' object has no attribute 'rawTransaction'
2025-06-10 23:56:04,956 - ERROR - bot.services.product_registry - [ProductRegistry] Ошибка создания продукта: 'SignedTransaction' object has no attribute 'rawTransaction'
2025-06-10 23:56:04,956 - ERROR - __main__ - ❌ Ошибка загрузки продукта amanita1: 'SignedTransaction' object has no attribute 'rawTransaction'
2025-06-10 23:56:04,956 - INFO - bot.services.product_registry - [ProductRegistry] Создание продукта в смарт-контракте с CID: QmdhoN7QQXzwfv9HG86xGNDHjUJnFeMDbbegoXnu4T8ZdU
2025-06-10 23:56:04,956 - INFO - bot.services.blockchain - [BlockchainService] Создание продукта с CID: QmdhoN7QQXzwfv9HG86xGNDHjUJnFeMDbbegoXnu4T8ZdU
2025-06-10 23:56:04,958 - INFO - bot.services.blockchain - [Web3] [TX] account.address: 0x70997970C51812dc3A010C7d01b50e0d17dc79C8
2025-06-10 23:56:04,958 - INFO - bot.services.blockchain - [Web3] [TX] func: <Function createProduct(string) bound to ('QmdhoN7QQXzwfv9HG86xGNDHjUJnFeMDbbegoXnu4T8ZdU',)>, args: ('QmdhoN7QQXzwfv9HG86xGNDHjUJnFeMDbbegoXnu4T8ZdU',), kwargs: {}
2025-06-10 23:56:04,961 - INFO - bot.services.blockchain - [Web3] [TX] txn (build_transaction): {'value': 0, 'chainId': 31337, 'from': '0x70997970C51812dc3A010C7d01b50e0d17dc79C8', 'nonce': 111, 'gas': 2000000, 'gasPrice': 1000000179, 'to': '0xDc64a140Aa3E981100a9becA4E685f962f0cF6C9', 'data': '0x02ec06be0000000000000000000000000000000000000000000000000000000000000020000000000000000000000000000000000000000000000000000000000000002e516d64686f4e375151587a776676394847383678474e44486a554a6e46654d44626265676f586e753454385a6455000000000000000000000000000000000000'}
2025-06-10 23:56:04,966 - INFO - bot.services.blockchain - [Web3] [TX] signed_txn: SignedTransaction(raw_transaction=HexBytes('0xf8eb6f843b9acab3831e848094dc64a140aa3e981100a9beca4e685f962f0cf6c980b88402ec06be0000000000000000000000000000000000000000000000000000000000000020000000000000000000000000000000000000000000000000000000000000002e516d64686f4e375151587a776676394847383678474e44486a554a6e46654d44626265676f586e753454385a645500000000000000000000000000000000000082f4f5a0f878d0d475b0e4d9a96fcf04ca92f4642a4709d3d98ae69085de70c4da87ab6ca0189c96d445e7f9c1adc3fcd3f0e54bdebfcf223022f604ce0bc7e6974bff1009'), hash=HexBytes('0x64394b27e6b879705371b21677c4df1f2158fed81a7d8df84059b6d043b3eb1f'), r=112387049387566604383240878949299276126430217019962704269506079660346515630956, s=11132177492926510653508646427432545014321012683652419067825632483384238215177, v=62709), type: <class 'eth_account.datastructures.SignedTransaction'>
2025-06-10 23:56:04,966 - ERROR - bot.services.blockchain - [BlockchainService] Ошибка создания продукта: 'SignedTransaction' object has no attribute 'rawTransaction'
2025-06-10 23:56:04,966 - ERROR - bot.services.product_registry - [ProductRegistry] Ошибка создания продукта: 'SignedTransaction' object has no attribute 'rawTransaction'
2025-06-10 23:56:04,966 - ERROR - __main__ - ❌ Ошибка загрузки продукта amanita_closed_cups: 'SignedTransaction' object has no attribute 'rawTransaction'
2025-06-10 23:56:04,966 - INFO - bot.services.product_registry - [ProductRegistry] Создание продукта в смарт-контракте с CID: QmU1o4AZahdrYTwPA8RyLyRm5MopcQ9PH8sWp8PuZMmMTb
2025-06-10 23:56:04,966 - INFO - bot.services.blockchain - [BlockchainService] Создание продукта с CID: QmU1o4AZahdrYTwPA8RyLyRm5MopcQ9PH8sWp8PuZMmMTb
2025-06-10 23:56:04,968 - INFO - bot.services.blockchain - [Web3] [TX] account.address: 0x70997970C51812dc3A010C7d01b50e0d17dc79C8
2025-06-10 23:56:04,968 - INFO - bot.services.blockchain - [Web3] [TX] func: <Function createProduct(string) bound to ('QmU1o4AZahdrYTwPA8RyLyRm5MopcQ9PH8sWp8PuZMmMTb',)>, args: ('QmU1o4AZahdrYTwPA8RyLyRm5MopcQ9PH8sWp8PuZMmMTb',), kwargs: {}
2025-06-10 23:56:04,972 - INFO - bot.services.blockchain - [Web3] [TX] txn (build_transaction): {'value': 0, 'chainId': 31337, 'from': '0x70997970C51812dc3A010C7d01b50e0d17dc79C8', 'nonce': 111, 'gas': 2000000, 'gasPrice': 1000000179, 'to': '0xDc64a140Aa3E981100a9becA4E685f962f0cF6C9', 'data': '0x02ec06be0000000000000000000000000000000000000000000000000000000000000020000000000000000000000000000000000000000000000000000000000000002e516d55316f34415a6168647259547750413852794c79526d354d6f706351395048387357703850755a4d6d4d5462000000000000000000000000000000000000'}
2025-06-10 23:56:04,976 - INFO - bot.services.blockchain - [Web3] [TX] signed_txn: SignedTransaction(raw_transaction=HexBytes('0xf8eb6f843b9acab3831e848094dc64a140aa3e981100a9beca4e685f962f0cf6c980b88402ec06be0000000000000000000000000000000000000000000000000000000000000020000000000000000000000000000000000000000000000000000000000000002e516d55316f34415a6168647259547750413852794c79526d354d6f706351395048387357703850755a4d6d4d546200000000000000000000000000000000000082f4f5a064427271bf79ac5f1b71a9071df2862b46607901e1c76c1333fb41e6e380105ca02bae62e953148bce09c34e576aced34042821b33d039d993027af63a3786f49f'), hash=HexBytes('0xf550b90db528318e23da3ea6ae24532ac25c465ef52fdfa881973a4266cad26d'), r=45348686630324220927273569127968095401418412153265443038140738491719092277340, s=19757566539910824883738021390552935159712002219905218369714506085202548683935, v=62709), type: <class 'eth_account.datastructures.SignedTransaction'>
2025-06-10 23:56:04,976 - ERROR - bot.services.blockchain - [BlockchainService] Ошибка создания продукта: 'SignedTransaction' object has no attribute 'rawTransaction'
2025-06-10 23:56:04,976 - ERROR - bot.services.product_registry - [ProductRegistry] Ошибка создания продукта: 'SignedTransaction' object has no attribute 'rawTransaction'
2025-06-10 23:56:04,976 - ERROR - __main__ - ❌ Ошибка загрузки продукта amanita_broken_closed_cups: 'SignedTransaction' object has no attribute 'rawTransaction'
2025-06-10 23:56:04,976 - INFO - bot.services.product_registry - [ProductRegistry] Создание продукта в смарт-контракте с CID: QmSrLZMi3XRmPvzYVe9pNCZLqYbjSthgg792s26cyPBhcX
2025-06-10 23:56:04,976 - INFO - bot.services.blockchain - [BlockchainService] Создание продукта с CID: QmSrLZMi3XRmPvzYVe9pNCZLqYbjSthgg792s26cyPBhcX
2025-06-10 23:56:04,978 - INFO - bot.services.blockchain - [Web3] [TX] account.address: 0x70997970C51812dc3A010C7d01b50e0d17dc79C8
2025-06-10 23:56:04,979 - INFO - bot.services.blockchain - [Web3] [TX] func: <Function createProduct(string) bound to ('QmSrLZMi3XRmPvzYVe9pNCZLqYbjSthgg792s26cyPBhcX',)>, args: ('QmSrLZMi3XRmPvzYVe9pNCZLqYbjSthgg792s26cyPBhcX',), kwargs: {}
2025-06-10 23:56:04,982 - INFO - bot.services.blockchain - [Web3] [TX] txn (build_transaction): {'value': 0, 'chainId': 31337, 'from': '0x70997970C51812dc3A010C7d01b50e0d17dc79C8', 'nonce': 111, 'gas': 2000000, 'gasPrice': 1000000179, 'to': '0xDc64a140Aa3E981100a9becA4E685f962f0cF6C9', 'data': '0x02ec06be0000000000000000000000000000000000000000000000000000000000000020000000000000000000000000000000000000000000000000000000000000002e516d53724c5a4d693358526d50767a59566539704e435a4c7159626a537468676737393273323663795042686358000000000000000000000000000000000000'}
2025-06-10 23:56:04,987 - INFO - bot.services.blockchain - [Web3] [TX] signed_txn: SignedTransaction(raw_transaction=HexBytes('0xf8eb6f843b9acab3831e848094dc64a140aa3e981100a9beca4e685f962f0cf6c980b88402ec06be0000000000000000000000000000000000000000000000000000000000000020000000000000000000000000000000000000000000000000000000000000002e516d53724c5a4d693358526d50767a59566539704e435a4c7159626a53746867673739327332366379504268635800000000000000000000000000000000000082f4f5a0e1030bf7ae2ce50126e4fd16672863d82bdd04de1362ab770d7f2fdbd3734277a036e630d0cb7b2673966c9695ec5f490c071cc6b89d0ecbc205381a13e7ffabcb'), hash=HexBytes('0x238226b0a8a50d64e1142985c0bf9417df9d0046cc7ce3651802bd5a9a2820a2'), r=101775774069088721315898787838006576947652981340428016302592370926428817146487, s=24831605561318022345414044614788929811396932889004691560931202319372454439883, v=62709), type: <class 'eth_account.datastructures.SignedTransaction'>
2025-06-10 23:56:04,987 - ERROR - bot.services.blockchain - [BlockchainService] Ошибка создания продукта: 'SignedTransaction' object has no attribute 'rawTransaction'
2025-06-10 23:56:04,988 - ERROR - bot.services.product_registry - [ProductRegistry] Ошибка создания продукта: 'SignedTransaction' object has no attribute 'rawTransaction'
2025-06-10 23:56:04,988 - ERROR - __main__ - ❌ Ошибка загрузки продукта amanita_lux: 'SignedTransaction' object has no attribute 'rawTransaction'
2025-06-10 23:56:04,988 - INFO - bot.services.product_registry - [ProductRegistry] Создание продукта в смарт-контракте с CID: QmRzWvsnjY1s8Y7NDM3VS661mwZNNi5TpFFefC2Tg91zZ5
2025-06-10 23:56:04,988 - INFO - bot.services.blockchain - [BlockchainService] Создание продукта с CID: QmRzWvsnjY1s8Y7NDM3VS661mwZNNi5TpFFefC2Tg91zZ5
2025-06-10 23:56:04,990 - INFO - bot.services.blockchain - [Web3] [TX] account.address: 0x70997970C51812dc3A010C7d01b50e0d17dc79C8
2025-06-10 23:56:04,990 - INFO - bot.services.blockchain - [Web3] [TX] func: <Function createProduct(string) bound to ('QmRzWvsnjY1s8Y7NDM3VS661mwZNNi5TpFFefC2Tg91zZ5',)>, args: ('QmRzWvsnjY1s8Y7NDM3VS661mwZNNi5TpFFefC2Tg91zZ5',), kwargs: {}
2025-06-10 23:56:04,993 - INFO - bot.services.blockchain - [Web3] [TX] txn (build_transaction): {'value': 0, 'chainId': 31337, 'from': '0x70997970C51812dc3A010C7d01b50e0d17dc79C8', 'nonce': 111, 'gas': 2000000, 'gasPrice': 1000000179, 'to': '0xDc64a140Aa3E981100a9becA4E685f962f0cF6C9', 'data': '0x02ec06be0000000000000000000000000000000000000000000000000000000000000020000000000000000000000000000000000000000000000000000000000000002e516d527a5776736e6a5931733859374e444d3356533636316d775a4e4e69355470464665664332546739317a5a35000000000000000000000000000000000000'}
2025-06-10 23:56:04,998 - INFO - bot.services.blockchain - [Web3] [TX] signed_txn: SignedTransaction(raw_transaction=HexBytes('0xf8eb6f843b9acab3831e848094dc64a140aa3e981100a9beca4e685f962f0cf6c980b88402ec06be0000000000000000000000000000000000000000000000000000000000000020000000000000000000000000000000000000000000000000000000000000002e516d527a5776736e6a5931733859374e444d3356533636316d775a4e4e69355470464665664332546739317a5a3500000000000000000000000000000000000082f4f6a0c85596a696f0a5cd5f5f2be1bf39b1a76021df2f7965a8f3806d805f1f4f6ecfa070db7b5c4205f12a77c98326ac25d57099b3e9906750a4151ad69c65e50b9737'), hash=HexBytes('0x9089f11cf512a90d692faa1523d6351efe7bb881d206369b5ab69d4b3f878115'), r=90613791470358446131898251141116083670242031969784375993931189533682275675855, s=51046829950581105952661301365291930149495241819516229822947923259774045230903, v=62710), type: <class 'eth_account.datastructures.SignedTransaction'>
2025-06-10 23:56:04,998 - ERROR - bot.services.blockchain - [BlockchainService] Ошибка создания продукта: 'SignedTransaction' object has no attribute 'rawTransaction'
2025-06-10 23:56:04,998 - ERROR - bot.services.product_registry - [ProductRegistry] Ошибка создания продукта: 'SignedTransaction' object has no attribute 'rawTransaction'
2025-06-10 23:56:04,998 - ERROR - __main__ - ❌ Ошибка загрузки продукта amanita_pantherina_whole: 'SignedTransaction' object has no attribute 'rawTransaction'
2025-06-10 23:56:04,998 - INFO - bot.services.product_registry - [ProductRegistry] Создание продукта в смарт-контракте с CID: QmaJ1Mz3SsrWzwQ2ijPaxQeaowDLVrLHLSoEADUwSFyTrp
2025-06-10 23:56:04,998 - INFO - bot.services.blockchain - [BlockchainService] Создание продукта с CID: QmaJ1Mz3SsrWzwQ2ijPaxQeaowDLVrLHLSoEADUwSFyTrp
2025-06-10 23:56:05,001 - INFO - bot.services.blockchain - [Web3] [TX] account.address: 0x70997970C51812dc3A010C7d01b50e0d17dc79C8
2025-06-10 23:56:05,001 - INFO - bot.services.blockchain - [Web3] [TX] func: <Function createProduct(string) bound to ('QmaJ1Mz3SsrWzwQ2ijPaxQeaowDLVrLHLSoEADUwSFyTrp',)>, args: ('QmaJ1Mz3SsrWzwQ2ijPaxQeaowDLVrLHLSoEADUwSFyTrp',), kwargs: {}
2025-06-10 23:56:05,005 - INFO - bot.services.blockchain - [Web3] [TX] txn (build_transaction): {'value': 0, 'chainId': 31337, 'from': '0x70997970C51812dc3A010C7d01b50e0d17dc79C8', 'nonce': 111, 'gas': 2000000, 'gasPrice': 1000000179, 'to': '0xDc64a140Aa3E981100a9becA4E685f962f0cF6C9', 'data': '0x02ec06be0000000000000000000000000000000000000000000000000000000000000020000000000000000000000000000000000000000000000000000000000000002e516d614a314d7a33537372577a775132696a5061785165616f77444c56724c484c536f4541445577534679547270000000000000000000000000000000000000'}
2025-06-10 23:56:05,013 - INFO - bot.services.blockchain - [Web3] [TX] signed_txn: SignedTransaction(raw_transaction=HexBytes('0xf8eb6f843b9acab3831e848094dc64a140aa3e981100a9beca4e685f962f0cf6c980b88402ec06be0000000000000000000000000000000000000000000000000000000000000020000000000000000000000000000000000000000000000000000000000000002e516d614a314d7a33537372577a775132696a5061785165616f77444c56724c484c536f454144557753467954727000000000000000000000000000000000000082f4f5a004db879a896199747ae0d6bfa379f6de5e1252ad79e178609536006ab1ba9b0aa029aae4e19bc0f2601353f0f512246b9bcca61c1457ea782b97d2ccd4cf57c107'), hash=HexBytes('0x16248e216248885dd3e36628ab3f9cec0481d3f05dd726f1204c436ef5e0c96c'), r=2197126803576069225766784199017467988148147181169172279238726652137423149834, s=18846770473484094526233117786181274728702348290887166804516401661860405297415, v=62709), type: <class 'eth_account.datastructures.SignedTransaction'>
2025-06-10 23:56:05,013 - ERROR - bot.services.blockchain - [BlockchainService] Ошибка создания продукта: 'SignedTransaction' object has no attribute 'rawTransaction'
2025-06-10 23:56:05,013 - ERROR - bot.services.product_registry - [ProductRegistry] Ошибка создания продукта: 'SignedTransaction' object has no attribute 'rawTransaction'
2025-06-10 23:56:05,014 - ERROR - __main__ - ❌ Ошибка загрузки продукта amanita_pantherina_powder: 'SignedTransaction' object has no attribute 'rawTransaction'
2025-06-10 23:56:05,014 - INFO - bot.services.product_registry - [ProductRegistry] Создание продукта в смарт-контракте с CID: QmVer4ycsDwFA4um8ngosoASW8toPeSsTs9BfVXJciAU89
2025-06-10 23:56:05,014 - INFO - bot.services.blockchain - [BlockchainService] Создание продукта с CID: QmVer4ycsDwFA4um8ngosoASW8toPeSsTs9BfVXJciAU89
2025-06-10 23:56:05,025 - INFO - bot.services.blockchain - [Web3] [TX] account.address: 0x70997970C51812dc3A010C7d01b50e0d17dc79C8
2025-06-10 23:56:05,025 - INFO - bot.services.blockchain - [Web3] [TX] func: <Function createProduct(string) bound to ('QmVer4ycsDwFA4um8ngosoASW8toPeSsTs9BfVXJciAU89',)>, args: ('QmVer4ycsDwFA4um8ngosoASW8toPeSsTs9BfVXJciAU89',), kwargs: {}
2025-06-10 23:56:05,032 - INFO - bot.services.blockchain - [Web3] [TX] txn (build_transaction): {'value': 0, 'chainId': 31337, 'from': '0x70997970C51812dc3A010C7d01b50e0d17dc79C8', 'nonce': 111, 'gas': 2000000, 'gasPrice': 1000000179, 'to': '0xDc64a140Aa3E981100a9becA4E685f962f0cF6C9', 'data': '0x02ec06be0000000000000000000000000000000000000000000000000000000000000020000000000000000000000000000000000000000000000000000000000000002e516d566572347963734477464134756d386e676f736f41535738746f50655373547339426656584a636941553839000000000000000000000000000000000000'}
2025-06-10 23:56:05,038 - INFO - bot.services.blockchain - [Web3] [TX] signed_txn: SignedTransaction(raw_transaction=HexBytes('0xf8eb6f843b9acab3831e848094dc64a140aa3e981100a9beca4e685f962f0cf6c980b88402ec06be0000000000000000000000000000000000000000000000000000000000000020000000000000000000000000000000000000000000000000000000000000002e516d566572347963734477464134756d386e676f736f41535738746f50655373547339426656584a63694155383900000000000000000000000000000000000082f4f6a07def5f8c7b11673fafa2640d719446520c1f83e33be39a0df595dfe0701b3a97a059a063544b26ac34551ef4d7dec8b53e55957597872abdb183029d58f91b6d58'), hash=HexBytes('0xb3187cece7296898b11d37ef9e2368a021e22485fce1dd070b001323fcc88579'), r=56962041974646382090068964242387938977478561204625886373757999126501645826711, s=40539224599713433254704278867534002924103472975697031192771088484559614602584, v=62710), type: <class 'eth_account.datastructures.SignedTransaction'>
2025-06-10 23:56:05,038 - ERROR - bot.services.blockchain - [BlockchainService] Ошибка создания продукта: 'SignedTransaction' object has no attribute 'rawTransaction'
2025-06-10 23:56:05,038 - ERROR - bot.services.product_registry - [ProductRegistry] Ошибка создания продукта: 'SignedTransaction' object has no attribute 'rawTransaction'
2025-06-10 23:56:05,038 - ERROR - __main__ - ❌ Ошибка загрузки продукта amanita_tincture: 'SignedTransaction' object has no attribute 'rawTransaction'
2025-06-10 23:56:05,038 - INFO - bot.services.product_registry - [ProductRegistry] Создание продукта в смарт-контракте с CID: QmRiYSSFi9feAMuHrHANsSVupLx6e1jGUS7VZ33Xz6pDqr
2025-06-10 23:56:05,038 - INFO - bot.services.blockchain - [BlockchainService] Создание продукта с CID: QmRiYSSFi9feAMuHrHANsSVupLx6e1jGUS7VZ33Xz6pDqr
2025-06-10 23:56:05,040 - INFO - bot.services.blockchain - [Web3] [TX] account.address: 0x70997970C51812dc3A010C7d01b50e0d17dc79C8
2025-06-10 23:56:05,041 - INFO - bot.services.blockchain - [Web3] [TX] func: <Function createProduct(string) bound to ('QmRiYSSFi9feAMuHrHANsSVupLx6e1jGUS7VZ33Xz6pDqr',)>, args: ('QmRiYSSFi9feAMuHrHANsSVupLx6e1jGUS7VZ33Xz6pDqr',), kwargs: {}
2025-06-10 23:56:05,044 - INFO - bot.services.blockchain - [Web3] [TX] txn (build_transaction): {'value': 0, 'chainId': 31337, 'from': '0x70997970C51812dc3A010C7d01b50e0d17dc79C8', 'nonce': 111, 'gas': 2000000, 'gasPrice': 1000000179, 'to': '0xDc64a140Aa3E981100a9becA4E685f962f0cF6C9', 'data': '0x02ec06be0000000000000000000000000000000000000000000000000000000000000020000000000000000000000000000000000000000000000000000000000000002e516d52695953534669396665414d75487248414e73535675704c783665316a47555337565a3333587a3670447172000000000000000000000000000000000000'}
2025-06-10 23:56:05,049 - INFO - bot.services.blockchain - [Web3] [TX] signed_txn: SignedTransaction(raw_transaction=HexBytes('0xf8eb6f843b9acab3831e848094dc64a140aa3e981100a9beca4e685f962f0cf6c980b88402ec06be0000000000000000000000000000000000000000000000000000000000000020000000000000000000000000000000000000000000000000000000000000002e516d52695953534669396665414d75487248414e73535675704c783665316a47555337565a3333587a367044717200000000000000000000000000000000000082f4f6a02183cdc9664ab257297b1d5cd7271e70a3d315b36371c88533d731d25622c281a05784eb0e74e314645ea8f39cddac951fafed8750e28b7d6047dfa391e8768fd4'), hash=HexBytes('0xbd4a2efb9d29f70ffc896d04b5373a9c6cf1792649a569be0eeb5a127c96e705'), r=15159201256456713492950245665926117092261183936116454528444176545473399800449, s=39586063939435312628555927960929600542544522255531399678028681527279222165460, v=62710), type: <class 'eth_account.datastructures.SignedTransaction'>
2025-06-10 23:56:05,049 - ERROR - bot.services.blockchain - [BlockchainService] Ошибка создания продукта: 'SignedTransaction' object has no attribute 'rawTransaction'
2025-06-10 23:56:05,049 - ERROR - bot.services.product_registry - [ProductRegistry] Ошибка создания продукта: 'SignedTransaction' object has no attribute 'rawTransaction'
2025-06-10 23:56:05,049 - ERROR - __main__ - ❌ Ошибка загрузки продукта blue_lotus_tincture: 'SignedTransaction' object has no attribute 'rawTransaction'
2025-06-10 23:56:05,049 - INFO - bot.services.product_registry - [ProductRegistry] Создание продукта в смарт-контракте с CID: QmNeu4EnHW9c5so7EUrkwnXWVDyjXQwRcZMoaT4uNLFE6Z
2025-06-10 23:56:05,049 - INFO - bot.services.blockchain - [BlockchainService] Создание продукта с CID: QmNeu4EnHW9c5so7EUrkwnXWVDyjXQwRcZMoaT4uNLFE6Z
2025-06-10 23:56:05,052 - INFO - bot.services.blockchain - [Web3] [TX] account.address: 0x70997970C51812dc3A010C7d01b50e0d17dc79C8
2025-06-10 23:56:05,052 - INFO - bot.services.blockchain - [Web3] [TX] func: <Function createProduct(string) bound to ('QmNeu4EnHW9c5so7EUrkwnXWVDyjXQwRcZMoaT4uNLFE6Z',)>, args: ('QmNeu4EnHW9c5so7EUrkwnXWVDyjXQwRcZMoaT4uNLFE6Z',), kwargs: {}
2025-06-10 23:56:05,057 - INFO - bot.services.blockchain - [Web3] [TX] txn (build_transaction): {'value': 0, 'chainId': 31337, 'from': '0x70997970C51812dc3A010C7d01b50e0d17dc79C8', 'nonce': 111, 'gas': 2000000, 'gasPrice': 1000000179, 'to': '0xDc64a140Aa3E981100a9becA4E685f962f0cF6C9', 'data': '0x02ec06be0000000000000000000000000000000000000000000000000000000000000020000000000000000000000000000000000000000000000000000000000000002e516d4e657534456e4857396335736f374555726b776e58575644796a58517752635a4d6f615434754e4c4645365a000000000000000000000000000000000000'}
2025-06-10 23:56:05,062 - INFO - bot.services.blockchain - [Web3] [TX] signed_txn: SignedTransaction(raw_transaction=HexBytes('0xf8eb6f843b9acab3831e848094dc64a140aa3e981100a9beca4e685f962f0cf6c980b88402ec06be0000000000000000000000000000000000000000000000000000000000000020000000000000000000000000000000000000000000000000000000000000002e516d4e657534456e4857396335736f374555726b776e58575644796a58517752635a4d6f615434754e4c4645365a00000000000000000000000000000000000082f4f6a0cad939e92732bceff9ff81614461031142381688f55977b95ae873572a62fec9a05a9f18842fbe9485d271bcfc361d775e5cbb60ff34e3e8ed6bdf0a8cfac91641'), hash=HexBytes('0xaf97468b2f389e22467682a43cc31e8f5f89e8cc1cae00719b9f1616112abf52'), r=91751000912214112151915827448190281478627545379067338152544722195663762423497, s=40989254261447098941158375223540391516674010443244822098980694327437277337153, v=62710), type: <class 'eth_account.datastructures.SignedTransaction'>
2025-06-10 23:56:05,063 - ERROR - bot.services.blockchain - [BlockchainService] Ошибка создания продукта: 'SignedTransaction' object has no attribute 'rawTransaction'
2025-06-10 23:56:05,063 - ERROR - bot.services.product_registry - [ProductRegistry] Ошибка создания продукта: 'SignedTransaction' object has no attribute 'rawTransaction'
2025-06-10 23:56:05,063 - ERROR - __main__ - ❌ Ошибка загрузки продукта blue_lotus_flowers: 'SignedTransaction' object has no attribute 'rawTransaction'
2025-06-10 23:56:05,063 - INFO - bot.services.product_registry - [ProductRegistry] Создание продукта в смарт-контракте с CID: QmdrnC4rbxLRsfTLSAFgMUpX8QWreS4SMZg2y5nZsa4qs1
2025-06-10 23:56:05,063 - INFO - bot.services.blockchain - [BlockchainService] Создание продукта с CID: QmdrnC4rbxLRsfTLSAFgMUpX8QWreS4SMZg2y5nZsa4qs1
2025-06-10 23:56:05,066 - INFO - bot.services.blockchain - [Web3] [TX] account.address: 0x70997970C51812dc3A010C7d01b50e0d17dc79C8
2025-06-10 23:56:05,067 - INFO - bot.services.blockchain - [Web3] [TX] func: <Function createProduct(string) bound to ('QmdrnC4rbxLRsfTLSAFgMUpX8QWreS4SMZg2y5nZsa4qs1',)>, args: ('QmdrnC4rbxLRsfTLSAFgMUpX8QWreS4SMZg2y5nZsa4qs1',), kwargs: {}
2025-06-10 23:56:05,071 - INFO - bot.services.blockchain - [Web3] [TX] txn (build_transaction): {'value': 0, 'chainId': 31337, 'from': '0x70997970C51812dc3A010C7d01b50e0d17dc79C8', 'nonce': 111, 'gas': 2000000, 'gasPrice': 1000000179, 'to': '0xDc64a140Aa3E981100a9becA4E685f962f0cF6C9', 'data': '0x02ec06be0000000000000000000000000000000000000000000000000000000000000020000000000000000000000000000000000000000000000000000000000000002e516d64726e43347262784c527366544c534146674d55705838515772655334534d5a673279356e5a736134717331000000000000000000000000000000000000'}
2025-06-10 23:56:05,075 - INFO - bot.services.blockchain - [Web3] [TX] signed_txn: SignedTransaction(raw_transaction=HexBytes('0xf8eb6f843b9acab3831e848094dc64a140aa3e981100a9beca4e685f962f0cf6c980b88402ec06be0000000000000000000000000000000000000000000000000000000000000020000000000000000000000000000000000000000000000000000000000000002e516d64726e43347262784c527366544c534146674d55705838515772655334534d5a673279356e5a73613471733100000000000000000000000000000000000082f4f5a060a17ba802876c7b84ca55b77648145fdb0dfb9afbbfc3d03bcda140457cae16a02a887b3e55705d905be2f225006704695dfe92af991981006dd6404f3b6b26f9'), hash=HexBytes('0x238040cb2f0b5adf8852259acd2d373a06ca863eda3b4f2d7a191fd5d33f0204'), r=43707349285760923168350379164655114175607358650276241309325037485400203767318, s=19238281436622166454014636156738677879023497533945593169738655322601513756409, v=62709), type: <class 'eth_account.datastructures.SignedTransaction'>
2025-06-10 23:56:05,075 - ERROR - bot.services.blockchain - [BlockchainService] Ошибка создания продукта: 'SignedTransaction' object has no attribute 'rawTransaction'
2025-06-10 23:56:05,075 - ERROR - bot.services.product_registry - [ProductRegistry] Ошибка создания продукта: 'SignedTransaction' object has no attribute 'rawTransaction'
2025-06-10 23:56:05,075 - ERROR - __main__ - ❌ Ошибка загрузки продукта chaga_chunks: 'SignedTransaction' object has no attribute 'rawTransaction'
2025-06-10 23:56:05,075 - INFO - bot.services.product_registry - [ProductRegistry] Создание продукта в смарт-контракте с CID: QmXnknwLebfWJXx44GUVbHFBPt3XboNcfYcMqeNZvUkmZM
2025-06-10 23:56:05,075 - INFO - bot.services.blockchain - [BlockchainService] Создание продукта с CID: QmXnknwLebfWJXx44GUVbHFBPt3XboNcfYcMqeNZvUkmZM
2025-06-10 23:56:05,078 - INFO - bot.services.blockchain - [Web3] [TX] account.address: 0x70997970C51812dc3A010C7d01b50e0d17dc79C8
2025-06-10 23:56:05,078 - INFO - bot.services.blockchain - [Web3] [TX] func: <Function createProduct(string) bound to ('QmXnknwLebfWJXx44GUVbHFBPt3XboNcfYcMqeNZvUkmZM',)>, args: ('QmXnknwLebfWJXx44GUVbHFBPt3XboNcfYcMqeNZvUkmZM',), kwargs: {}
2025-06-10 23:56:05,082 - INFO - bot.services.blockchain - [Web3] [TX] txn (build_transaction): {'value': 0, 'chainId': 31337, 'from': '0x70997970C51812dc3A010C7d01b50e0d17dc79C8', 'nonce': 111, 'gas': 2000000, 'gasPrice': 1000000179, 'to': '0xDc64a140Aa3E981100a9becA4E685f962f0cF6C9', 'data': '0x02ec06be0000000000000000000000000000000000000000000000000000000000000020000000000000000000000000000000000000000000000000000000000000002e516d586e6b6e774c656266574a587834344755566248464250743358626f4e636659634d71654e5a76556b6d5a4d000000000000000000000000000000000000'}
2025-06-10 23:56:05,089 - INFO - bot.services.blockchain - [Web3] [TX] signed_txn: SignedTransaction(raw_transaction=HexBytes('0xf8eb6f843b9acab3831e848094dc64a140aa3e981100a9beca4e685f962f0cf6c980b88402ec06be0000000000000000000000000000000000000000000000000000000000000020000000000000000000000000000000000000000000000000000000000000002e516d586e6b6e774c656266574a587834344755566248464250743358626f4e636659634d71654e5a76556b6d5a4d00000000000000000000000000000000000082f4f5a0f25c71a68cd06f79b5d66caa120b1a1ad66513f4a8f16a3cca17d6da94dcf8a6a05da9e3a0af7f70f363f5e34e08854609ff7a22edad80b2ebfc9b7661294d4e3d'), hash=HexBytes('0x1bff1486facaceeffcc7a9187b3a5d7551b5292e822d3a7c0c80067c1495a41b'), r=109623043674627877630069872630202370084732305328963761066461000332080152639654, s=42365263100685586589040998000994466676518072437512508985427167672193090670141, v=62709), type: <class 'eth_account.datastructures.SignedTransaction'>
2025-06-10 23:56:05,089 - ERROR - bot.services.blockchain - [BlockchainService] Ошибка создания продукта: 'SignedTransaction' object has no attribute 'rawTransaction'
2025-06-10 23:56:05,090 - ERROR - bot.services.product_registry - [ProductRegistry] Ошибка создания продукта: 'SignedTransaction' object has no attribute 'rawTransaction'
2025-06-10 23:56:05,090 - ERROR - __main__ - ❌ Ошибка загрузки продукта cordyceps_militaris_powder: 'SignedTransaction' object has no attribute 'rawTransaction'
2025-06-10 23:56:05,090 - INFO - bot.services.product_registry - [ProductRegistry] Создание продукта в смарт-контракте с CID: QmYxPRZD9aYAxY8yV2nnTKY4dmU7vZDtnY2Y9jF487yHQK
2025-06-10 23:56:05,090 - INFO - bot.services.blockchain - [BlockchainService] Создание продукта с CID: QmYxPRZD9aYAxY8yV2nnTKY4dmU7vZDtnY2Y9jF487yHQK
2025-06-10 23:56:05,093 - INFO - bot.services.blockchain - [Web3] [TX] account.address: 0x70997970C51812dc3A010C7d01b50e0d17dc79C8
2025-06-10 23:56:05,093 - INFO - bot.services.blockchain - [Web3] [TX] func: <Function createProduct(string) bound to ('QmYxPRZD9aYAxY8yV2nnTKY4dmU7vZDtnY2Y9jF487yHQK',)>, args: ('QmYxPRZD9aYAxY8yV2nnTKY4dmU7vZDtnY2Y9jF487yHQK',), kwargs: {}
2025-06-10 23:56:05,097 - INFO - bot.services.blockchain - [Web3] [TX] txn (build_transaction): {'value': 0, 'chainId': 31337, 'from': '0x70997970C51812dc3A010C7d01b50e0d17dc79C8', 'nonce': 111, 'gas': 2000000, 'gasPrice': 1000000179, 'to': '0xDc64a140Aa3E981100a9becA4E685f962f0cF6C9', 'data': '0x02ec06be0000000000000000000000000000000000000000000000000000000000000020000000000000000000000000000000000000000000000000000000000000002e516d597850525a44396159417859387956326e6e544b5934646d5537765a44746e593259396a463438377948514b000000000000000000000000000000000000'}
2025-06-10 23:56:05,103 - INFO - bot.services.blockchain - [Web3] [TX] signed_txn: SignedTransaction(raw_transaction=HexBytes('0xf8eb6f843b9acab3831e848094dc64a140aa3e981100a9beca4e685f962f0cf6c980b88402ec06be0000000000000000000000000000000000000000000000000000000000000020000000000000000000000000000000000000000000000000000000000000002e516d597850525a44396159417859387956326e6e544b5934646d5537765a44746e593259396a463438377948514b00000000000000000000000000000000000082f4f6a052d2bd6e7ee4cf0543eef3b8b8d8fe7bb87ee84be63db6336dbbed08e2100d5ca005b40a8a76f9d77f9dd908d7b0a8cd2f747cc6936d230b0746904a05de7a923b'), hash=HexBytes('0x7ffa2397d982dcc1e4bbddc4cd45fad9c171ab8ff4ce21c2d56a5c11e7ddd9e9'), r=37461998876448456538183183027285996773462670895934972841167191808527192558940, s=2579669465042178461942626124002396924050131328054516418272055926508874273339, v=62710), type: <class 'eth_account.datastructures.SignedTransaction'>
2025-06-10 23:56:05,103 - ERROR - bot.services.blockchain - [BlockchainService] Ошибка создания продукта: 'SignedTransaction' object has no attribute 'rawTransaction'
2025-06-10 23:56:05,103 - ERROR - bot.services.product_registry - [ProductRegistry] Ошибка создания продукта: 'SignedTransaction' object has no attribute 'rawTransaction'
2025-06-10 23:56:05,103 - ERROR - __main__ - ❌ Ошибка загрузки продукта cordyceps_militaris_dried_bodies: 'SignedTransaction' object has no attribute 'rawTransaction'
2025-06-10 23:56:05,103 - INFO - bot.services.product_registry - [ProductRegistry] Создание продукта в смарт-контракте с CID: QmWtDi6u5t5rnmrgxgjbZ5KStwv8YGBzpK1sSxCgjMdZKT
2025-06-10 23:56:05,103 - INFO - bot.services.blockchain - [BlockchainService] Создание продукта с CID: QmWtDi6u5t5rnmrgxgjbZ5KStwv8YGBzpK1sSxCgjMdZKT
2025-06-10 23:56:05,105 - INFO - bot.services.blockchain - [Web3] [TX] account.address: 0x70997970C51812dc3A010C7d01b50e0d17dc79C8
2025-06-10 23:56:05,105 - INFO - bot.services.blockchain - [Web3] [TX] func: <Function createProduct(string) bound to ('QmWtDi6u5t5rnmrgxgjbZ5KStwv8YGBzpK1sSxCgjMdZKT',)>, args: ('QmWtDi6u5t5rnmrgxgjbZ5KStwv8YGBzpK1sSxCgjMdZKT',), kwargs: {}
2025-06-10 23:56:05,109 - INFO - bot.services.blockchain - [Web3] [TX] txn (build_transaction): {'value': 0, 'chainId': 31337, 'from': '0x70997970C51812dc3A010C7d01b50e0d17dc79C8', 'nonce': 111, 'gas': 2000000, 'gasPrice': 1000000179, 'to': '0xDc64a140Aa3E981100a9becA4E685f962f0cF6C9', 'data': '0x02ec06be0000000000000000000000000000000000000000000000000000000000000020000000000000000000000000000000000000000000000000000000000000002e516d577444693675357435726e6d726778676a625a354b53747776385947427a704b3173537843676a4d645a4b54000000000000000000000000000000000000'}
2025-06-10 23:56:05,113 - INFO - bot.services.blockchain - [Web3] [TX] signed_txn: SignedTransaction(raw_transaction=HexBytes('0xf8eb6f843b9acab3831e848094dc64a140aa3e981100a9beca4e685f962f0cf6c980b88402ec06be0000000000000000000000000000000000000000000000000000000000000020000000000000000000000000000000000000000000000000000000000000002e516d577444693675357435726e6d726778676a625a354b53747776385947427a704b3173537843676a4d645a4b5400000000000000000000000000000000000082f4f5a0696d4f6cd8bccf4f70a0276bf72b0162bb37ae6a4ca481a50112757b353440b2a00147c41b82edcac288c190a86c57ad178b3552f4d35aec2a00609d138ff975a2'), hash=HexBytes('0x4ca4a9fba5d7884be01d952ea9d2c951314e52c3653b858d8416653fa38c15e5'), r=47685983603764578027362140848632205969281233946577944727067410341278902403250, s=579112474173482523872992808013130009280600719037178184761365939931240297890, v=62709), type: <class 'eth_account.datastructures.SignedTransaction'>
2025-06-10 23:56:05,113 - ERROR - bot.services.blockchain - [BlockchainService] Ошибка создания продукта: 'SignedTransaction' object has no attribute 'rawTransaction'
2025-06-10 23:56:05,113 - ERROR - bot.services.product_registry - [ProductRegistry] Ошибка создания продукта: 'SignedTransaction' object has no attribute 'rawTransaction'
2025-06-10 23:56:05,113 - ERROR - __main__ - ❌ Ошибка загрузки продукта chanterelle_dried: 'SignedTransaction' object has no attribute 'rawTransaction'
2025-06-10 23:56:05,113 - INFO - bot.services.product_registry - [ProductRegistry] Создание продукта в смарт-контракте с CID: QmVgK7bn2MVwaqVAcJyvMLdBxrBfoxHPuYMCEmToxsHfYg
2025-06-10 23:56:05,113 - INFO - bot.services.blockchain - [BlockchainService] Создание продукта с CID: QmVgK7bn2MVwaqVAcJyvMLdBxrBfoxHPuYMCEmToxsHfYg
2025-06-10 23:56:05,116 - INFO - bot.services.blockchain - [Web3] [TX] account.address: 0x70997970C51812dc3A010C7d01b50e0d17dc79C8
2025-06-10 23:56:05,117 - INFO - bot.services.blockchain - [Web3] [TX] func: <Function createProduct(string) bound to ('QmVgK7bn2MVwaqVAcJyvMLdBxrBfoxHPuYMCEmToxsHfYg',)>, args: ('QmVgK7bn2MVwaqVAcJyvMLdBxrBfoxHPuYMCEmToxsHfYg',), kwargs: {}
2025-06-10 23:56:05,122 - INFO - bot.services.blockchain - [Web3] [TX] txn (build_transaction): {'value': 0, 'chainId': 31337, 'from': '0x70997970C51812dc3A010C7d01b50e0d17dc79C8', 'nonce': 111, 'gas': 2000000, 'gasPrice': 1000000179, 'to': '0xDc64a140Aa3E981100a9becA4E685f962f0cF6C9', 'data': '0x02ec06be0000000000000000000000000000000000000000000000000000000000000020000000000000000000000000000000000000000000000000000000000000002e516d56674b37626e324d567761715641634a79764d4c6442787242666f78485075594d43456d546f787348665967000000000000000000000000000000000000'}
2025-06-10 23:56:05,126 - INFO - bot.services.blockchain - [Web3] [TX] signed_txn: SignedTransaction(raw_transaction=HexBytes('0xf8eb6f843b9acab3831e848094dc64a140aa3e981100a9beca4e685f962f0cf6c980b88402ec06be0000000000000000000000000000000000000000000000000000000000000020000000000000000000000000000000000000000000000000000000000000002e516d56674b37626e324d567761715641634a79764d4c6442787242666f78485075594d43456d546f78734866596700000000000000000000000000000000000082f4f6a0414c89a2cb04f83e1cdd422bcb6297beac9c2b177168bb1a4a677590dc4bb01fa04847ff3d27f35259f45299fe78417c82d64d988f7c1f8409d524b50d462f0972'), hash=HexBytes('0x444ef095c710c49a19508372ba3f7682441bcd0523e676d7ebc38d262408b16b'), r=29535565462976782462754390603813745178534980221302740728230850622701309767711, s=32693732833676899650738028475767376057490818124801188245807395083920046229874, v=62710), type: <class 'eth_account.datastructures.SignedTransaction'>
2025-06-10 23:56:05,126 - ERROR - bot.services.blockchain - [BlockchainService] Ошибка создания продукта: 'SignedTransaction' object has no attribute 'rawTransaction'
2025-06-10 23:56:05,126 - ERROR - bot.services.product_registry - [ProductRegistry] Ошибка создания продукта: 'SignedTransaction' object has no attribute 'rawTransaction'
2025-06-10 23:56:05,126 - ERROR - __main__ - ❌ Ошибка загрузки продукта chanterelle_powder: 'SignedTransaction' object has no attribute 'rawTransaction'
2025-06-10 23:56:05,126 - INFO - bot.services.product_registry - [ProductRegistry] Создание продукта в смарт-контракте с CID: QmcCqsvoF2XZSBbwQoBRbMvyTWNYe2fq6r4kv9VE2shxSD
2025-06-10 23:56:05,126 - INFO - bot.services.blockchain - [BlockchainService] Создание продукта с CID: QmcCqsvoF2XZSBbwQoBRbMvyTWNYe2fq6r4kv9VE2shxSD
2025-06-10 23:56:05,128 - INFO - bot.services.blockchain - [Web3] [TX] account.address: 0x70997970C51812dc3A010C7d01b50e0d17dc79C8
2025-06-10 23:56:05,128 - INFO - bot.services.blockchain - [Web3] [TX] func: <Function createProduct(string) bound to ('QmcCqsvoF2XZSBbwQoBRbMvyTWNYe2fq6r4kv9VE2shxSD',)>, args: ('QmcCqsvoF2XZSBbwQoBRbMvyTWNYe2fq6r4kv9VE2shxSD',), kwargs: {}
2025-06-10 23:56:05,131 - INFO - bot.services.blockchain - [Web3] [TX] txn (build_transaction): {'value': 0, 'chainId': 31337, 'from': '0x70997970C51812dc3A010C7d01b50e0d17dc79C8', 'nonce': 111, 'gas': 2000000, 'gasPrice': 1000000179, 'to': '0xDc64a140Aa3E981100a9becA4E685f962f0cF6C9', 'data': '0x02ec06be0000000000000000000000000000000000000000000000000000000000000020000000000000000000000000000000000000000000000000000000000000002e516d63437173766f4632585a53426277516f4252624d767954574e59653266713672346b76395645327368785344000000000000000000000000000000000000'}
2025-06-10 23:56:05,136 - INFO - bot.services.blockchain - [Web3] [TX] signed_txn: SignedTransaction(raw_transaction=HexBytes('0xf8eb6f843b9acab3831e848094dc64a140aa3e981100a9beca4e685f962f0cf6c980b88402ec06be0000000000000000000000000000000000000000000000000000000000000020000000000000000000000000000000000000000000000000000000000000002e516d63437173766f4632585a53426277516f4252624d767954574e59653266713672346b7639564532736878534400000000000000000000000000000000000082f4f5a0693f53c2a0d31dfd3f2b34a42c8d258f6cfe32aca5b93a79c3b5623993f8c154a03c928182e1ee5fd305a8568689f8f0a6eaf6cfe28abec513180956c8b7358c42'), hash=HexBytes('0xddf1e54f963ca03f00f45b99378a6da378c10d1c975fcaa04c1ef853815f2881'), r=47604738558437261259208021649002033455712227906944817416872204433171144032596, s=27397624440318757257137736193440797211535657035620586595511324367148627102786, v=62709), type: <class 'eth_account.datastructures.SignedTransaction'>
2025-06-10 23:56:05,136 - ERROR - bot.services.blockchain - [BlockchainService] Ошибка создания продукта: 'SignedTransaction' object has no attribute 'rawTransaction'
2025-06-10 23:56:05,136 - ERROR - bot.services.product_registry - [ProductRegistry] Ошибка создания продукта: 'SignedTransaction' object has no attribute 'rawTransaction'
2025-06-10 23:56:05,136 - ERROR - __main__ - ❌ Ошибка загрузки продукта aspen_bark_dried_strips: 'SignedTransaction' object has no attribute 'rawTransaction'
2025-06-10 23:56:05,136 - INFO - bot.services.product_registry - [ProductRegistry] Создание продукта в смарт-контракте с CID: Qmb7s7cjpqYzKhwRFwwmnYkKZYmQgrzWYKwRHFkPHd6pVN
2025-06-10 23:56:05,136 - INFO - bot.services.blockchain - [BlockchainService] Создание продукта с CID: Qmb7s7cjpqYzKhwRFwwmnYkKZYmQgrzWYKwRHFkPHd6pVN
2025-06-10 23:56:05,138 - INFO - bot.services.blockchain - [Web3] [TX] account.address: 0x70997970C51812dc3A010C7d01b50e0d17dc79C8
2025-06-10 23:56:05,138 - INFO - bot.services.blockchain - [Web3] [TX] func: <Function createProduct(string) bound to ('Qmb7s7cjpqYzKhwRFwwmnYkKZYmQgrzWYKwRHFkPHd6pVN',)>, args: ('Qmb7s7cjpqYzKhwRFwwmnYkKZYmQgrzWYKwRHFkPHd6pVN',), kwargs: {}
2025-06-10 23:56:05,141 - INFO - bot.services.blockchain - [Web3] [TX] txn (build_transaction): {'value': 0, 'chainId': 31337, 'from': '0x70997970C51812dc3A010C7d01b50e0d17dc79C8', 'nonce': 111, 'gas': 2000000, 'gasPrice': 1000000179, 'to': '0xDc64a140Aa3E981100a9becA4E685f962f0cF6C9', 'data': '0x02ec06be0000000000000000000000000000000000000000000000000000000000000020000000000000000000000000000000000000000000000000000000000000002e516d62377337636a7071597a4b6877524677776d6e596b4b5a596d5167727a57594b775248466b5048643670564e000000000000000000000000000000000000'}
2025-06-10 23:56:05,145 - INFO - bot.services.blockchain - [Web3] [TX] signed_txn: SignedTransaction(raw_transaction=HexBytes('0xf8eb6f843b9acab3831e848094dc64a140aa3e981100a9beca4e685f962f0cf6c980b88402ec06be0000000000000000000000000000000000000000000000000000000000000020000000000000000000000000000000000000000000000000000000000000002e516d62377337636a7071597a4b6877524677776d6e596b4b5a596d5167727a57594b775248466b5048643670564e00000000000000000000000000000000000082f4f5a07d2544e79852be788c94677a8421eaa2ec2546469ffb3d98f002689d4c495ee7a069acb7fd0388a3153f6dd6107f924355f94b8ba87814311743309d8f2c6f18ba'), hash=HexBytes('0x100a033cc2ac35d96320c0938cc36e27c3ca16904d5f97b3574ddddd26bcad7b'), r=56604954976845867888968839030507078696418817308067728552774317497415482564327, s=47798016637204968440402551547320271990444883409418631483651404136187121572026, v=62709), type: <class 'eth_account.datastructures.SignedTransaction'>
2025-06-10 23:56:05,145 - ERROR - bot.services.blockchain - [BlockchainService] Ошибка создания продукта: 'SignedTransaction' object has no attribute 'rawTransaction'
2025-06-10 23:56:05,145 - ERROR - bot.services.product_registry - [ProductRegistry] Ошибка создания продукта: 'SignedTransaction' object has no attribute 'rawTransaction'
2025-06-10 23:56:05,145 - ERROR - __main__ - ❌ Ошибка загрузки продукта lions_mane_powder: 'SignedTransaction' object has no attribute 'rawTransaction'
2025-06-10 23:56:05,145 - INFO - bot.services.product_registry - [ProductRegistry] Создание продукта в смарт-контракте с CID: QmTnLDtj1k8mHCPQs8v54xDrBUgNsmmjHAMtNzaVVi9oNa
2025-06-10 23:56:05,145 - INFO - bot.services.blockchain - [BlockchainService] Создание продукта с CID: QmTnLDtj1k8mHCPQs8v54xDrBUgNsmmjHAMtNzaVVi9oNa
2025-06-10 23:56:05,147 - INFO - bot.services.blockchain - [Web3] [TX] account.address: 0x70997970C51812dc3A010C7d01b50e0d17dc79C8
2025-06-10 23:56:05,148 - INFO - bot.services.blockchain - [Web3] [TX] func: <Function createProduct(string) bound to ('QmTnLDtj1k8mHCPQs8v54xDrBUgNsmmjHAMtNzaVVi9oNa',)>, args: ('QmTnLDtj1k8mHCPQs8v54xDrBUgNsmmjHAMtNzaVVi9oNa',), kwargs: {}
2025-06-10 23:56:05,151 - INFO - bot.services.blockchain - [Web3] [TX] txn (build_transaction): {'value': 0, 'chainId': 31337, 'from': '0x70997970C51812dc3A010C7d01b50e0d17dc79C8', 'nonce': 111, 'gas': 2000000, 'gasPrice': 1000000179, 'to': '0xDc64a140Aa3E981100a9becA4E685f962f0cF6C9', 'data': '0x02ec06be0000000000000000000000000000000000000000000000000000000000000020000000000000000000000000000000000000000000000000000000000000002e516d546e4c44746a316b386d4843505173387635347844724255674e736d6d6a48414d744e7a61565669396f4e61000000000000000000000000000000000000'}
2025-06-10 23:56:05,155 - INFO - bot.services.blockchain - [Web3] [TX] signed_txn: SignedTransaction(raw_transaction=HexBytes('0xf8eb6f843b9acab3831e848094dc64a140aa3e981100a9beca4e685f962f0cf6c980b88402ec06be0000000000000000000000000000000000000000000000000000000000000020000000000000000000000000000000000000000000000000000000000000002e516d546e4c44746a316b386d4843505173387635347844724255674e736d6d6a48414d744e7a61565669396f4e6100000000000000000000000000000000000082f4f5a056191628c039fc052408e78d9dfc10704fd6538f75226441d272cf66ed1e2b0ba0542a2a543a881ea2562025db6e7af09eb63c47f6bedcb624269f32b52725952d'), hash=HexBytes('0x637c0dfed8ae76c2e7e1488a1a44b295e82f1bb1fea1c65746f3c173c6d08421'), r=38943229091841678507735414853411724364040699584480629568684618197243667557131, s=38068779001861263308403382718401762702115735047988283450315561957286601921837, v=62709), type: <class 'eth_account.datastructures.SignedTransaction'>
2025-06-10 23:56:05,155 - ERROR - bot.services.blockchain - [BlockchainService] Ошибка создания продукта: 'SignedTransaction' object has no attribute 'rawTransaction'
2025-06-10 23:56:05,156 - ERROR - bot.services.product_registry - [ProductRegistry] Ошибка создания продукта: 'SignedTransaction' object has no attribute 'rawTransaction'
2025-06-10 23:56:05,156 - ERROR - __main__ - ❌ Ошибка загрузки продукта Lion's Mane mushroom — whole dried: 'SignedTransaction' object has no attribute 'rawTransaction'
2025-06-10 23:56:05,156 - INFO - __main__ - 📊 Итоги загрузки:
2025-06-10 23:56:05,157 - INFO - __main__ - ✅ Успешно загружено: 0
2025-06-10 23:56:05,157 - INFO - __main__ - ❌ Ошибок: 17
2025-06-10 23:56:05,157 - INFO - __main__ - 🔍 Детали ошибок:
2025-06-10 23:56:05,157 - ERROR - __main__ -   - Продукт amanita1: 'SignedTransaction' object has no attribute 'rawTransaction'
2025-06-10 23:56:05,157 - ERROR - __main__ -   - Продукт amanita_closed_cups: 'SignedTransaction' object has no attribute 'rawTransaction'
2025-06-10 23:56:05,157 - ERROR - __main__ -   - Продукт amanita_broken_closed_cups: 'SignedTransaction' object has no attribute 'rawTransaction'
2025-06-10 23:56:05,157 - ERROR - __main__ -   - Продукт amanita_lux: 'SignedTransaction' object has no attribute 'rawTransaction'
2025-06-10 23:56:05,157 - ERROR - __main__ -   - Продукт amanita_pantherina_whole: 'SignedTransaction' object has no attribute 'rawTransaction'
2025-06-10 23:56:05,157 - ERROR - __main__ -   - Продукт amanita_pantherina_powder: 'SignedTransaction' object has no attribute 'rawTransaction'
2025-06-10 23:56:05,157 - ERROR - __main__ -   - Продукт amanita_tincture: 'SignedTransaction' object has no attribute 'rawTransaction'
2025-06-10 23:56:05,157 - ERROR - __main__ -   - Продукт blue_lotus_tincture: 'SignedTransaction' object has no attribute 'rawTransaction'
2025-06-10 23:56:05,157 - ERROR - __main__ -   - Продукт blue_lotus_flowers: 'SignedTransaction' object has no attribute 'rawTransaction'
2025-06-10 23:56:05,157 - ERROR - __main__ -   - Продукт chaga_chunks: 'SignedTransaction' object has no attribute 'rawTransaction'
2025-06-10 23:56:05,157 - ERROR - __main__ -   - Продукт cordyceps_militaris_powder: 'SignedTransaction' object has no attribute 'rawTransaction'
2025-06-10 23:56:05,157 - ERROR - __main__ -   - Продукт cordyceps_militaris_dried_bodies: 'SignedTransaction' object has no attribute 'rawTransaction'
2025-06-10 23:56:05,157 - ERROR - __main__ -   - Продукт chanterelle_dried: 'SignedTransaction' object has no attribute 'rawTransaction'
2025-06-10 23:56:05,157 - ERROR - __main__ -   - Продукт chanterelle_powder: 'SignedTransaction' object has no attribute 'rawTransaction'
2025-06-10 23:56:05,157 - ERROR - __main__ -   - Продукт aspen_bark_dried_strips: 'SignedTransaction' object has no attribute 'rawTransaction'
2025-06-10 23:56:05,157 - ERROR - __main__ -   - Продукт lions_mane_powder: 'SignedTransaction' object has no attribute 'rawTransaction'
2025-06-10 23:56:05,157 - ERROR - __main__ -   - Продукт Lion's Mane mushroom — whole dried: 'SignedTransaction' object has no attribute 'rawTransaction'
2025-06-10 23:56:05,157 - ERROR - __main__ - ❌ Процесс завершился с ошибками
2025-06-10 23:56:50,794 - INFO - __main__ - 🚀 Запуск загрузки продуктов в смарт-контракт
2025-06-10 23:56:50,794 - INFO - __main__ - 📦 Загрузка данных из JSON...
2025-06-10 23:56:50,795 - INFO - __main__ - 📦 Загружено 17 продуктов
2025-06-10 23:56:50,795 - INFO - __main__ - 📝 Загрузка продуктов в реестр...
2025-06-10 23:56:50,795 - INFO - bot.services.product_registry - [ProductRegistry] Создание продукта в смарт-контракте с CID: QmeGq712hKBE5jH3DqMnUax1mwfYAxg3pinM9Kk4aRCH7z
2025-06-10 23:56:50,795 - INFO - bot.services.blockchain - [BlockchainService] Создание продукта с CID: QmeGq712hKBE5jH3DqMnUax1mwfYAxg3pinM9Kk4aRCH7z
2025-06-10 23:56:50,797 - INFO - bot.services.blockchain - [Web3] [TX] account.address: 0x70997970C51812dc3A010C7d01b50e0d17dc79C8
2025-06-10 23:56:50,797 - INFO - bot.services.blockchain - [Web3] [TX] func: <Function createProduct(string) bound to ('QmeGq712hKBE5jH3DqMnUax1mwfYAxg3pinM9Kk4aRCH7z',)>, args: ('QmeGq712hKBE5jH3DqMnUax1mwfYAxg3pinM9Kk4aRCH7z',), kwargs: {}
2025-06-10 23:56:50,808 - INFO - bot.services.blockchain - [Web3] [TX] txn (build_transaction): {'value': 0, 'chainId': 31337, 'from': '0x70997970C51812dc3A010C7d01b50e0d17dc79C8', 'nonce': 111, 'gas': 2000000, 'gasPrice': 1000000179, 'to': '0xDc64a140Aa3E981100a9becA4E685f962f0cF6C9', 'data': '0x02ec06be0000000000000000000000000000000000000000000000000000000000000020000000000000000000000000000000000000000000000000000000000000002e516d654771373132684b4245356a483344714d6e556178316d7766594178673370696e4d394b6b3461524348377a000000000000000000000000000000000000'}
2025-06-10 23:56:50,813 - INFO - bot.services.blockchain - [Web3] [TX] signed_txn: SignedTransaction(raw_transaction=HexBytes('0xf8eb6f843b9acab3831e848094dc64a140aa3e981100a9beca4e685f962f0cf6c980b88402ec06be0000000000000000000000000000000000000000000000000000000000000020000000000000000000000000000000000000000000000000000000000000002e516d654771373132684b4245356a483344714d6e556178316d7766594178673370696e4d394b6b3461524348377a00000000000000000000000000000000000082f4f5a0ca2c8a0e655b8596f44c953d3bd2b2135859bbdcc5e84b3ac3e9cc09eb79ac86a041cd91f532b9312d17b5b17458379e876647bbd0555f5a7662b88844a6d8ba6d'), hash=HexBytes('0x6f23b92d13a07646c5bd5ea6a5feaec9cd6485c9a4d100a9426269f9f9613eee'), r=91445889513779361157343446400126330581029288184741116017214137943430553775238, s=29763546169940900307705647138747598199721420729428856920425879198622729943661, v=62709), type: <class 'eth_account.datastructures.SignedTransaction'>
2025-06-10 23:56:50,832 - INFO - bot.services.blockchain - [Web3] [TX] tx_hash: b'o#\xb9-\x13\xa0vF\xc5\xbd^\xa6\xa5\xfe\xae\xc9\xcdd\x85\xc9\xa4\xd1\x00\xa9Bbi\xf9\xf9a>\xee', type: <class 'hexbytes.main.HexBytes'>
2025-06-10 23:56:50,832 - INFO - bot.services.blockchain - [Web3] Транзакция ProductRegistry.createProduct отправлена: 6f23b92d13a07646c5bd5ea6a5feaec9cd6485c9a4d100a9426269f9f9613eee
2025-06-10 23:56:50,837 - INFO - bot.services.blockchain - [Web3] Транзакция подтверждена: AttributeDict({'cumulativeGasUsed': 245958, 'logsBloom': HexBytes('0x00000000000000000002000000000000000000000000000000000000000000000000000000000000000000000000000000000000080000000000000000000000000000001000000000000000000000000000000000000000000000000000000000000800000000000000000000000000000000000000000000001000000000000008100000000000000000000000000200000000000000000000000000000000000000000000000000000000000000000000000000000000000000000000000000000000000000000000000000000000000000004020201000000000000000000000000000000000000000000000000001000001000000000100000000000000'), 'logs': [AttributeDict({'address': '0xDc64a140Aa3E981100a9becA4E685f962f0cF6C9', 'topics': [HexBytes('0x54dff03e1bcaf4f55dc6a58920c699950dcc592aca1a0e7a62d344d70863a6db')], 'data': HexBytes('0x00000000000000000000000000000000000000000000000000000000000000400000000000000000000000000000000000000000000000000000000000000080000000000000000000000000000000000000000000000000000000000000000d63726561746550726f647563740000000000000000000000000000000000000000000000000000000000000000000000000000000000000000000000000000057374617274000000000000000000000000000000000000000000000000000000'), 'transactionHash': HexBytes('0x6f23b92d13a07646c5bd5ea6a5feaec9cd6485c9a4d100a9426269f9f9613eee'), 'blockHash': HexBytes('0x2b706c2e759d148bb871fbff8c5b01cf0dba4b52be3908e38be2b1fb402a9ebe'), 'blockNumber': 120, 'logIndex': 0, 'transactionIndex': 0, 'removed': False}), AttributeDict({'address': '0xDc64a140Aa3E981100a9becA4E685f962f0cF6C9', 'topics': [HexBytes('0x54dff03e1bcaf4f55dc6a58920c699950dcc592aca1a0e7a62d344d70863a6db')], 'data': HexBytes('0x00000000000000000000000000000000000000000000000000000000000000400000000000000000000000000000000000000000000000000000000000000080000000000000000000000000000000000000000000000000000000000000000d63726561746550726f6475637400000000000000000000000000000000000000000000000000000000000000000000000000000000000000000000000000001043494420636865636b2070617373656400000000000000000000000000000000'), 'transactionHash': HexBytes('0x6f23b92d13a07646c5bd5ea6a5feaec9cd6485c9a4d100a9426269f9f9613eee'), 'blockHash': HexBytes('0x2b706c2e759d148bb871fbff8c5b01cf0dba4b52be3908e38be2b1fb402a9ebe'), 'blockNumber': 120, 'logIndex': 1, 'transactionIndex': 0, 'removed': False}), AttributeDict({'address': '0xDc64a140Aa3E981100a9becA4E685f962f0cF6C9', 'topics': [HexBytes('0x54dff03e1bcaf4f55dc6a58920c699950dcc592aca1a0e7a62d344d70863a6db')], 'data': HexBytes('0x00000000000000000000000000000000000000000000000000000000000000400000000000000000000000000000000000000000000000000000000000000080000000000000000000000000000000000000000000000000000000000000000d63726561746550726f6475637400000000000000000000000000000000000000000000000000000000000000000000000000000000000000000000000000000c49442067656e6572617465640000000000000000000000000000000000000000'), 'transactionHash': HexBytes('0x6f23b92d13a07646c5bd5ea6a5feaec9cd6485c9a4d100a9426269f9f9613eee'), 'blockHash': HexBytes('0x2b706c2e759d148bb871fbff8c5b01cf0dba4b52be3908e38be2b1fb402a9ebe'), 'blockNumber': 120, 'logIndex': 2, 'transactionIndex': 0, 'removed': False}), AttributeDict({'address': '0xDc64a140Aa3E981100a9becA4E685f962f0cF6C9', 'topics': [HexBytes('0x54dff03e1bcaf4f55dc6a58920c699950dcc592aca1a0e7a62d344d70863a6db')], 'data': HexBytes('0x00000000000000000000000000000000000000000000000000000000000000400000000000000000000000000000000000000000000000000000000000000080000000000000000000000000000000000000000000000000000000000000000d63726561746550726f6475637400000000000000000000000000000000000000000000000000000000000000000000000000000000000000000000000000001670726f6475637420737472756374206372656174656400000000000000000000'), 'transactionHash': HexBytes('0x6f23b92d13a07646c5bd5ea6a5feaec9cd6485c9a4d100a9426269f9f9613eee'), 'blockHash': HexBytes('0x2b706c2e759d148bb871fbff8c5b01cf0dba4b52be3908e38be2b1fb402a9ebe'), 'blockNumber': 120, 'logIndex': 3, 'transactionIndex': 0, 'removed': False}), AttributeDict({'address': '0xDc64a140Aa3E981100a9becA4E685f962f0cF6C9', 'topics': [HexBytes('0x54dff03e1bcaf4f55dc6a58920c699950dcc592aca1a0e7a62d344d70863a6db')], 'data': HexBytes('0x00000000000000000000000000000000000000000000000000000000000000400000000000000000000000000000000000000000000000000000000000000080000000000000000000000000000000000000000000000000000000000000000d63726561746550726f6475637400000000000000000000000000000000000000000000000000000000000000000000000000000000000000000000000000001870726f6475637420736176656420746f2073746f726167650000000000000000'), 'transactionHash': HexBytes('0x6f23b92d13a07646c5bd5ea6a5feaec9cd6485c9a4d100a9426269f9f9613eee'), 'blockHash': HexBytes('0x2b706c2e759d148bb871fbff8c5b01cf0dba4b52be3908e38be2b1fb402a9ebe'), 'blockNumber': 120, 'logIndex': 4, 'transactionIndex': 0, 'removed': False}), AttributeDict({'address': '0xDc64a140Aa3E981100a9becA4E685f962f0cF6C9', 'topics': [HexBytes('0x54dff03e1bcaf4f55dc6a58920c699950dcc592aca1a0e7a62d344d70863a6db')], 'data': HexBytes('0x00000000000000000000000000000000000000000000000000000000000000400000000000000000000000000000000000000000000000000000000000000080000000000000000000000000000000000000000000000000000000000000000d63726561746550726f64756374000000000000000000000000000000000000000000000000000000000000000000000000000000000000000000000000000018616464656420746f206163746976652070726f64756374730000000000000000'), 'transactionHash': HexBytes('0x6f23b92d13a07646c5bd5ea6a5feaec9cd6485c9a4d100a9426269f9f9613eee'), 'blockHash': HexBytes('0x2b706c2e759d148bb871fbff8c5b01cf0dba4b52be3908e38be2b1fb402a9ebe'), 'blockNumber': 120, 'logIndex': 5, 'transactionIndex': 0, 'removed': False}), AttributeDict({'address': '0xDc64a140Aa3E981100a9becA4E685f962f0cF6C9', 'topics': [HexBytes('0x54dff03e1bcaf4f55dc6a58920c699950dcc592aca1a0e7a62d344d70863a6db')], 'data': HexBytes('0x00000000000000000000000000000000000000000000000000000000000000400000000000000000000000000000000000000000000000000000000000000080000000000000000000000000000000000000000000000000000000000000000d63726561746550726f64756374000000000000000000000000000000000000000000000000000000000000000000000000000000000000000000000000000018616464656420746f2073656c6c65722070726f64756374730000000000000000'), 'transactionHash': HexBytes('0x6f23b92d13a07646c5bd5ea6a5feaec9cd6485c9a4d100a9426269f9f9613eee'), 'blockHash': HexBytes('0x2b706c2e759d148bb871fbff8c5b01cf0dba4b52be3908e38be2b1fb402a9ebe'), 'blockNumber': 120, 'logIndex': 6, 'transactionIndex': 0, 'removed': False}), AttributeDict({'address': '0xDc64a140Aa3E981100a9becA4E685f962f0cF6C9', 'topics': [HexBytes('0x3ef789b574bb6db8362567213254e4ea8dfdc59a2f563cac1c3f68bee245c8ec'), HexBytes('0x00000000000000000000000070997970c51812dc3a010c7d01b50e0d17dc79c8')], 'data': HexBytes('0x000000000000000000000000000000000000000000000000000000000000006800000000000000000000000000000000000000000000000000000000000000600000000000000000000000000000000000000000000000000000000000000001000000000000000000000000000000000000000000000000000000000000002e516d654771373132684b4245356a483344714d6e556178316d7766594178673370696e4d394b6b3461524348377a000000000000000000000000000000000000'), 'transactionHash': HexBytes('0x6f23b92d13a07646c5bd5ea6a5feaec9cd6485c9a4d100a9426269f9f9613eee'), 'blockHash': HexBytes('0x2b706c2e759d148bb871fbff8c5b01cf0dba4b52be3908e38be2b1fb402a9ebe'), 'blockNumber': 120, 'logIndex': 7, 'transactionIndex': 0, 'removed': False}), AttributeDict({'address': '0xDc64a140Aa3E981100a9becA4E685f962f0cF6C9', 'topics': [HexBytes('0x2c8dc80766467cf0b6779fd338b13f496b9aee65821a7de24dca64eaff04cda4'), HexBytes('0x00000000000000000000000070997970c51812dc3a010c7d01b50e0d17dc79c8')], 'data': HexBytes('0x0000000000000000000000000000000000000000000000000000000000000068'), 'transactionHash': HexBytes('0x6f23b92d13a07646c5bd5ea6a5feaec9cd6485c9a4d100a9426269f9f9613eee'), 'blockHash': HexBytes('0x2b706c2e759d148bb871fbff8c5b01cf0dba4b52be3908e38be2b1fb402a9ebe'), 'blockNumber': 120, 'logIndex': 8, 'transactionIndex': 0, 'removed': False}), AttributeDict({'address': '0xDc64a140Aa3E981100a9becA4E685f962f0cF6C9', 'topics': [HexBytes('0x54dff03e1bcaf4f55dc6a58920c699950dcc592aca1a0e7a62d344d70863a6db')], 'data': HexBytes('0x00000000000000000000000000000000000000000000000000000000000000400000000000000000000000000000000000000000000000000000000000000080000000000000000000000000000000000000000000000000000000000000000d63726561746550726f6475637400000000000000000000000000000000000000000000000000000000000000000000000000000000000000000000000000001566696e6973686564207375636365737366756c6c790000000000000000000000'), 'transactionHash': HexBytes('0x6f23b92d13a07646c5bd5ea6a5feaec9cd6485c9a4d100a9426269f9f9613eee'), 'blockHash': HexBytes('0x2b706c2e759d148bb871fbff8c5b01cf0dba4b52be3908e38be2b1fb402a9ebe'), 'blockNumber': 120, 'logIndex': 9, 'transactionIndex': 0, 'removed': False})], 'status': 1, 'type': 0, 'transactionHash': HexBytes('0x6f23b92d13a07646c5bd5ea6a5feaec9cd6485c9a4d100a9426269f9f9613eee'), 'transactionIndex': 0, 'from': '0x70997970C51812dc3A010C7d01b50e0d17dc79C8', 'to': '0xDc64a140Aa3E981100a9becA4E685f962f0cF6C9', 'contractAddress': None, 'gasUsed': 245958, 'effectiveGasPrice': 1000000179, 'blockHash': HexBytes('0x2b706c2e759d148bb871fbff8c5b01cf0dba4b52be3908e38be2b1fb402a9ebe'), 'blockNumber': 120})
2025-06-10 23:56:50,839 - INFO - bot.services.product_registry - [ProductRegistry] Продукт успешно создан. Хэш транзакции: 6f23b92d13a07646c5bd5ea6a5feaec9cd6485c9a4d100a9426269f9f9613eee
2025-06-10 23:56:50,839 - INFO - __main__ - ✅ Продукт amanita1 успешно загружен в смарт контракт. TX: 6f23b92d13a07646c5bd5ea6a5feaec9cd6485c9a4d100a9426269f9f9613eee
2025-06-10 23:56:50,839 - INFO - bot.services.product_registry - [ProductRegistry] Создание продукта в смарт-контракте с CID: QmdhoN7QQXzwfv9HG86xGNDHjUJnFeMDbbegoXnu4T8ZdU
2025-06-10 23:56:50,839 - INFO - bot.services.blockchain - [BlockchainService] Создание продукта с CID: QmdhoN7QQXzwfv9HG86xGNDHjUJnFeMDbbegoXnu4T8ZdU
2025-06-10 23:56:50,844 - INFO - bot.services.blockchain - [Web3] [TX] account.address: 0x70997970C51812dc3A010C7d01b50e0d17dc79C8
2025-06-10 23:56:50,844 - INFO - bot.services.blockchain - [Web3] [TX] func: <Function createProduct(string) bound to ('QmdhoN7QQXzwfv9HG86xGNDHjUJnFeMDbbegoXnu4T8ZdU',)>, args: ('QmdhoN7QQXzwfv9HG86xGNDHjUJnFeMDbbegoXnu4T8ZdU',), kwargs: {}
2025-06-10 23:56:50,852 - INFO - bot.services.blockchain - [Web3] [TX] txn (build_transaction): {'value': 0, 'chainId': 31337, 'from': '0x70997970C51812dc3A010C7d01b50e0d17dc79C8', 'nonce': 112, 'gas': 2000000, 'gasPrice': 1000000157, 'to': '0xDc64a140Aa3E981100a9becA4E685f962f0cF6C9', 'data': '0x02ec06be0000000000000000000000000000000000000000000000000000000000000020000000000000000000000000000000000000000000000000000000000000002e516d64686f4e375151587a776676394847383678474e44486a554a6e46654d44626265676f586e753454385a6455000000000000000000000000000000000000'}
2025-06-10 23:56:50,857 - INFO - bot.services.blockchain - [Web3] [TX] signed_txn: SignedTransaction(raw_transaction=HexBytes('0xf8eb70843b9aca9d831e848094dc64a140aa3e981100a9beca4e685f962f0cf6c980b88402ec06be0000000000000000000000000000000000000000000000000000000000000020000000000000000000000000000000000000000000000000000000000000002e516d64686f4e375151587a776676394847383678474e44486a554a6e46654d44626265676f586e753454385a645500000000000000000000000000000000000082f4f5a02fc1107c0a78288922da34fad121137a2d01b463c4c9c091fa99246fcd915dd5a026b0d9cba78891db8a34de7964800e47b2239c0e6e0d3f89ae684be179bd97b4'), hash=HexBytes('0xf7443688263cac94d134d96bb5ec52dcc4a89b5b24b4ef0f045509947b90b62b'), r=21599819138993236996600239245270425203881592341508106303386803601586485550549, s=17500356499034879631803212896258864661580224184427443055493924213992355370932, v=62709), type: <class 'eth_account.datastructures.SignedTransaction'>
2025-06-10 23:56:50,861 - INFO - bot.services.blockchain - [Web3] [TX] tx_hash: b'\xf7D6\x88&<\xac\x94\xd14\xd9k\xb5\xecR\xdc\xc4\xa8\x9b[$\xb4\xef\x0f\x04U\t\x94{\x90\xb6+', type: <class 'hexbytes.main.HexBytes'>
2025-06-10 23:56:50,861 - INFO - bot.services.blockchain - [Web3] Транзакция ProductRegistry.createProduct отправлена: f7443688263cac94d134d96bb5ec52dcc4a89b5b24b4ef0f045509947b90b62b
2025-06-10 23:56:50,864 - INFO - bot.services.blockchain - [Web3] Транзакция подтверждена: AttributeDict({'cumulativeGasUsed': 245958, 'logsBloom': HexBytes('0x00000000000000000002000000000000000000000000000000000000000000000000000000000000000000000000000000000000080000000000000000000000000000001000000000000000000000000000000000000000000000000000000000000800000000000000000000000000000000000000000000001000000000000008100000000000000000000000000200000000000000000000000000000000000000000000000000000000000000000000000000000000000000000000000000000000000000000000000000000000000000004020201000000000000000000000000000000000000000000000000001000001000000000100000000000000'), 'logs': [AttributeDict({'address': '0xDc64a140Aa3E981100a9becA4E685f962f0cF6C9', 'topics': [HexBytes('0x54dff03e1bcaf4f55dc6a58920c699950dcc592aca1a0e7a62d344d70863a6db')], 'data': HexBytes('0x00000000000000000000000000000000000000000000000000000000000000400000000000000000000000000000000000000000000000000000000000000080000000000000000000000000000000000000000000000000000000000000000d63726561746550726f647563740000000000000000000000000000000000000000000000000000000000000000000000000000000000000000000000000000057374617274000000000000000000000000000000000000000000000000000000'), 'transactionHash': HexBytes('0xf7443688263cac94d134d96bb5ec52dcc4a89b5b24b4ef0f045509947b90b62b'), 'blockHash': HexBytes('0xeb0258e147ce1a76d72ba3fa5b82a3c3c5cca126559b10e25d4c93d76093f53c'), 'blockNumber': 121, 'logIndex': 0, 'transactionIndex': 0, 'removed': False}), AttributeDict({'address': '0xDc64a140Aa3E981100a9becA4E685f962f0cF6C9', 'topics': [HexBytes('0x54dff03e1bcaf4f55dc6a58920c699950dcc592aca1a0e7a62d344d70863a6db')], 'data': HexBytes('0x00000000000000000000000000000000000000000000000000000000000000400000000000000000000000000000000000000000000000000000000000000080000000000000000000000000000000000000000000000000000000000000000d63726561746550726f6475637400000000000000000000000000000000000000000000000000000000000000000000000000000000000000000000000000001043494420636865636b2070617373656400000000000000000000000000000000'), 'transactionHash': HexBytes('0xf7443688263cac94d134d96bb5ec52dcc4a89b5b24b4ef0f045509947b90b62b'), 'blockHash': HexBytes('0xeb0258e147ce1a76d72ba3fa5b82a3c3c5cca126559b10e25d4c93d76093f53c'), 'blockNumber': 121, 'logIndex': 1, 'transactionIndex': 0, 'removed': False}), AttributeDict({'address': '0xDc64a140Aa3E981100a9becA4E685f962f0cF6C9', 'topics': [HexBytes('0x54dff03e1bcaf4f55dc6a58920c699950dcc592aca1a0e7a62d344d70863a6db')], 'data': HexBytes('0x00000000000000000000000000000000000000000000000000000000000000400000000000000000000000000000000000000000000000000000000000000080000000000000000000000000000000000000000000000000000000000000000d63726561746550726f6475637400000000000000000000000000000000000000000000000000000000000000000000000000000000000000000000000000000c49442067656e6572617465640000000000000000000000000000000000000000'), 'transactionHash': HexBytes('0xf7443688263cac94d134d96bb5ec52dcc4a89b5b24b4ef0f045509947b90b62b'), 'blockHash': HexBytes('0xeb0258e147ce1a76d72ba3fa5b82a3c3c5cca126559b10e25d4c93d76093f53c'), 'blockNumber': 121, 'logIndex': 2, 'transactionIndex': 0, 'removed': False}), AttributeDict({'address': '0xDc64a140Aa3E981100a9becA4E685f962f0cF6C9', 'topics': [HexBytes('0x54dff03e1bcaf4f55dc6a58920c699950dcc592aca1a0e7a62d344d70863a6db')], 'data': HexBytes('0x00000000000000000000000000000000000000000000000000000000000000400000000000000000000000000000000000000000000000000000000000000080000000000000000000000000000000000000000000000000000000000000000d63726561746550726f6475637400000000000000000000000000000000000000000000000000000000000000000000000000000000000000000000000000001670726f6475637420737472756374206372656174656400000000000000000000'), 'transactionHash': HexBytes('0xf7443688263cac94d134d96bb5ec52dcc4a89b5b24b4ef0f045509947b90b62b'), 'blockHash': HexBytes('0xeb0258e147ce1a76d72ba3fa5b82a3c3c5cca126559b10e25d4c93d76093f53c'), 'blockNumber': 121, 'logIndex': 3, 'transactionIndex': 0, 'removed': False}), AttributeDict({'address': '0xDc64a140Aa3E981100a9becA4E685f962f0cF6C9', 'topics': [HexBytes('0x54dff03e1bcaf4f55dc6a58920c699950dcc592aca1a0e7a62d344d70863a6db')], 'data': HexBytes('0x00000000000000000000000000000000000000000000000000000000000000400000000000000000000000000000000000000000000000000000000000000080000000000000000000000000000000000000000000000000000000000000000d63726561746550726f6475637400000000000000000000000000000000000000000000000000000000000000000000000000000000000000000000000000001870726f6475637420736176656420746f2073746f726167650000000000000000'), 'transactionHash': HexBytes('0xf7443688263cac94d134d96bb5ec52dcc4a89b5b24b4ef0f045509947b90b62b'), 'blockHash': HexBytes('0xeb0258e147ce1a76d72ba3fa5b82a3c3c5cca126559b10e25d4c93d76093f53c'), 'blockNumber': 121, 'logIndex': 4, 'transactionIndex': 0, 'removed': False}), AttributeDict({'address': '0xDc64a140Aa3E981100a9becA4E685f962f0cF6C9', 'topics': [HexBytes('0x54dff03e1bcaf4f55dc6a58920c699950dcc592aca1a0e7a62d344d70863a6db')], 'data': HexBytes('0x00000000000000000000000000000000000000000000000000000000000000400000000000000000000000000000000000000000000000000000000000000080000000000000000000000000000000000000000000000000000000000000000d63726561746550726f64756374000000000000000000000000000000000000000000000000000000000000000000000000000000000000000000000000000018616464656420746f206163746976652070726f64756374730000000000000000'), 'transactionHash': HexBytes('0xf7443688263cac94d134d96bb5ec52dcc4a89b5b24b4ef0f045509947b90b62b'), 'blockHash': HexBytes('0xeb0258e147ce1a76d72ba3fa5b82a3c3c5cca126559b10e25d4c93d76093f53c'), 'blockNumber': 121, 'logIndex': 5, 'transactionIndex': 0, 'removed': False}), AttributeDict({'address': '0xDc64a140Aa3E981100a9becA4E685f962f0cF6C9', 'topics': [HexBytes('0x54dff03e1bcaf4f55dc6a58920c699950dcc592aca1a0e7a62d344d70863a6db')], 'data': HexBytes('0x00000000000000000000000000000000000000000000000000000000000000400000000000000000000000000000000000000000000000000000000000000080000000000000000000000000000000000000000000000000000000000000000d63726561746550726f64756374000000000000000000000000000000000000000000000000000000000000000000000000000000000000000000000000000018616464656420746f2073656c6c65722070726f64756374730000000000000000'), 'transactionHash': HexBytes('0xf7443688263cac94d134d96bb5ec52dcc4a89b5b24b4ef0f045509947b90b62b'), 'blockHash': HexBytes('0xeb0258e147ce1a76d72ba3fa5b82a3c3c5cca126559b10e25d4c93d76093f53c'), 'blockNumber': 121, 'logIndex': 6, 'transactionIndex': 0, 'removed': False}), AttributeDict({'address': '0xDc64a140Aa3E981100a9becA4E685f962f0cF6C9', 'topics': [HexBytes('0x3ef789b574bb6db8362567213254e4ea8dfdc59a2f563cac1c3f68bee245c8ec'), HexBytes('0x00000000000000000000000070997970c51812dc3a010c7d01b50e0d17dc79c8')], 'data': HexBytes('0x000000000000000000000000000000000000000000000000000000000000006900000000000000000000000000000000000000000000000000000000000000600000000000000000000000000000000000000000000000000000000000000001000000000000000000000000000000000000000000000000000000000000002e516d64686f4e375151587a776676394847383678474e44486a554a6e46654d44626265676f586e753454385a6455000000000000000000000000000000000000'), 'transactionHash': HexBytes('0xf7443688263cac94d134d96bb5ec52dcc4a89b5b24b4ef0f045509947b90b62b'), 'blockHash': HexBytes('0xeb0258e147ce1a76d72ba3fa5b82a3c3c5cca126559b10e25d4c93d76093f53c'), 'blockNumber': 121, 'logIndex': 7, 'transactionIndex': 0, 'removed': False}), AttributeDict({'address': '0xDc64a140Aa3E981100a9becA4E685f962f0cF6C9', 'topics': [HexBytes('0x2c8dc80766467cf0b6779fd338b13f496b9aee65821a7de24dca64eaff04cda4'), HexBytes('0x00000000000000000000000070997970c51812dc3a010c7d01b50e0d17dc79c8')], 'data': HexBytes('0x0000000000000000000000000000000000000000000000000000000000000069'), 'transactionHash': HexBytes('0xf7443688263cac94d134d96bb5ec52dcc4a89b5b24b4ef0f045509947b90b62b'), 'blockHash': HexBytes('0xeb0258e147ce1a76d72ba3fa5b82a3c3c5cca126559b10e25d4c93d76093f53c'), 'blockNumber': 121, 'logIndex': 8, 'transactionIndex': 0, 'removed': False}), AttributeDict({'address': '0xDc64a140Aa3E981100a9becA4E685f962f0cF6C9', 'topics': [HexBytes('0x54dff03e1bcaf4f55dc6a58920c699950dcc592aca1a0e7a62d344d70863a6db')], 'data': HexBytes('0x00000000000000000000000000000000000000000000000000000000000000400000000000000000000000000000000000000000000000000000000000000080000000000000000000000000000000000000000000000000000000000000000d63726561746550726f6475637400000000000000000000000000000000000000000000000000000000000000000000000000000000000000000000000000001566696e6973686564207375636365737366756c6c790000000000000000000000'), 'transactionHash': HexBytes('0xf7443688263cac94d134d96bb5ec52dcc4a89b5b24b4ef0f045509947b90b62b'), 'blockHash': HexBytes('0xeb0258e147ce1a76d72ba3fa5b82a3c3c5cca126559b10e25d4c93d76093f53c'), 'blockNumber': 121, 'logIndex': 9, 'transactionIndex': 0, 'removed': False})], 'status': 1, 'type': 0, 'transactionHash': HexBytes('0xf7443688263cac94d134d96bb5ec52dcc4a89b5b24b4ef0f045509947b90b62b'), 'transactionIndex': 0, 'from': '0x70997970C51812dc3A010C7d01b50e0d17dc79C8', 'to': '0xDc64a140Aa3E981100a9becA4E685f962f0cF6C9', 'contractAddress': None, 'gasUsed': 245958, 'effectiveGasPrice': 1000000157, 'blockHash': HexBytes('0xeb0258e147ce1a76d72ba3fa5b82a3c3c5cca126559b10e25d4c93d76093f53c'), 'blockNumber': 121})
2025-06-10 23:56:50,868 - INFO - bot.services.product_registry - [ProductRegistry] Продукт успешно создан. Хэш транзакции: f7443688263cac94d134d96bb5ec52dcc4a89b5b24b4ef0f045509947b90b62b
2025-06-10 23:56:50,869 - INFO - __main__ - ✅ Продукт amanita_closed_cups успешно загружен в смарт контракт. TX: f7443688263cac94d134d96bb5ec52dcc4a89b5b24b4ef0f045509947b90b62b
2025-06-10 23:56:50,869 - INFO - bot.services.product_registry - [ProductRegistry] Создание продукта в смарт-контракте с CID: QmU1o4AZahdrYTwPA8RyLyRm5MopcQ9PH8sWp8PuZMmMTb
2025-06-10 23:56:50,869 - INFO - bot.services.blockchain - [BlockchainService] Создание продукта с CID: QmU1o4AZahdrYTwPA8RyLyRm5MopcQ9PH8sWp8PuZMmMTb
2025-06-10 23:56:50,871 - INFO - bot.services.blockchain - [Web3] [TX] account.address: 0x70997970C51812dc3A010C7d01b50e0d17dc79C8
2025-06-10 23:56:50,871 - INFO - bot.services.blockchain - [Web3] [TX] func: <Function createProduct(string) bound to ('QmU1o4AZahdrYTwPA8RyLyRm5MopcQ9PH8sWp8PuZMmMTb',)>, args: ('QmU1o4AZahdrYTwPA8RyLyRm5MopcQ9PH8sWp8PuZMmMTb',), kwargs: {}
2025-06-10 23:56:50,877 - INFO - bot.services.blockchain - [Web3] [TX] txn (build_transaction): {'value': 0, 'chainId': 31337, 'from': '0x70997970C51812dc3A010C7d01b50e0d17dc79C8', 'nonce': 113, 'gas': 2000000, 'gasPrice': 1000000138, 'to': '0xDc64a140Aa3E981100a9becA4E685f962f0cF6C9', 'data': '0x02ec06be0000000000000000000000000000000000000000000000000000000000000020000000000000000000000000000000000000000000000000000000000000002e516d55316f34415a6168647259547750413852794c79526d354d6f706351395048387357703850755a4d6d4d5462000000000000000000000000000000000000'}
2025-06-10 23:56:50,883 - INFO - bot.services.blockchain - [Web3] [TX] signed_txn: SignedTransaction(raw_transaction=HexBytes('0xf8eb71843b9aca8a831e848094dc64a140aa3e981100a9beca4e685f962f0cf6c980b88402ec06be0000000000000000000000000000000000000000000000000000000000000020000000000000000000000000000000000000000000000000000000000000002e516d55316f34415a6168647259547750413852794c79526d354d6f706351395048387357703850755a4d6d4d546200000000000000000000000000000000000082f4f6a0f6ce2827efb463fb0757c56bcb9d423a4f36b506fea610292d982b0259ff8a59a0162e4fa000ed26db06deb04490bf16e2aab6ac3288c56ea6555ab0557bd82063'), hash=HexBytes('0x3750bc4b6cb6bf661b795add12be7ebf3f2fc5716b60eef989635b088d4f0d01'), r=111633208393363516429621937498054808750470375037004617738237269819838584293977, s=10032707185462088005536229948143943504591999966029275934632213418334865596515, v=62710), type: <class 'eth_account.datastructures.SignedTransaction'>
2025-06-10 23:56:50,886 - INFO - bot.services.blockchain - [Web3] [TX] tx_hash: b'7P\xbcKl\xb6\xbff\x1byZ\xdd\x12\xbe~\xbf?/\xc5qk`\xee\xf9\x89c[\x08\x8dO\r\x01', type: <class 'hexbytes.main.HexBytes'>
2025-06-10 23:56:50,886 - INFO - bot.services.blockchain - [Web3] Транзакция ProductRegistry.createProduct отправлена: 3750bc4b6cb6bf661b795add12be7ebf3f2fc5716b60eef989635b088d4f0d01
2025-06-10 23:56:50,889 - INFO - bot.services.blockchain - [Web3] Транзакция подтверждена: AttributeDict({'cumulativeGasUsed': 245958, 'logsBloom': HexBytes('0x00000000000000000002000000000000000000000000000000000000000000000000000000000000000000000000000000000000080000000000000000000000000000001000000000000000000000000000000000000000000000000000000000000800000000000000000000000000000000000000000000001000000000000008100000000000000000000000000200000000000000000000000000000000000000000000000000000000000000000000000000000000000000000000000000000000000000000000000000000000000000004020201000000000000000000000000000000000000000000000000001000001000000000100000000000000'), 'logs': [AttributeDict({'address': '0xDc64a140Aa3E981100a9becA4E685f962f0cF6C9', 'topics': [HexBytes('0x54dff03e1bcaf4f55dc6a58920c699950dcc592aca1a0e7a62d344d70863a6db')], 'data': HexBytes('0x00000000000000000000000000000000000000000000000000000000000000400000000000000000000000000000000000000000000000000000000000000080000000000000000000000000000000000000000000000000000000000000000d63726561746550726f647563740000000000000000000000000000000000000000000000000000000000000000000000000000000000000000000000000000057374617274000000000000000000000000000000000000000000000000000000'), 'transactionHash': HexBytes('0x3750bc4b6cb6bf661b795add12be7ebf3f2fc5716b60eef989635b088d4f0d01'), 'blockHash': HexBytes('0xd89da12b145893d7e1c9d8d4dd60cff5c76cc4ece5bcca2e2585706893e1f0ff'), 'blockNumber': 122, 'logIndex': 0, 'transactionIndex': 0, 'removed': False}), AttributeDict({'address': '0xDc64a140Aa3E981100a9becA4E685f962f0cF6C9', 'topics': [HexBytes('0x54dff03e1bcaf4f55dc6a58920c699950dcc592aca1a0e7a62d344d70863a6db')], 'data': HexBytes('0x00000000000000000000000000000000000000000000000000000000000000400000000000000000000000000000000000000000000000000000000000000080000000000000000000000000000000000000000000000000000000000000000d63726561746550726f6475637400000000000000000000000000000000000000000000000000000000000000000000000000000000000000000000000000001043494420636865636b2070617373656400000000000000000000000000000000'), 'transactionHash': HexBytes('0x3750bc4b6cb6bf661b795add12be7ebf3f2fc5716b60eef989635b088d4f0d01'), 'blockHash': HexBytes('0xd89da12b145893d7e1c9d8d4dd60cff5c76cc4ece5bcca2e2585706893e1f0ff'), 'blockNumber': 122, 'logIndex': 1, 'transactionIndex': 0, 'removed': False}), AttributeDict({'address': '0xDc64a140Aa3E981100a9becA4E685f962f0cF6C9', 'topics': [HexBytes('0x54dff03e1bcaf4f55dc6a58920c699950dcc592aca1a0e7a62d344d70863a6db')], 'data': HexBytes('0x00000000000000000000000000000000000000000000000000000000000000400000000000000000000000000000000000000000000000000000000000000080000000000000000000000000000000000000000000000000000000000000000d63726561746550726f6475637400000000000000000000000000000000000000000000000000000000000000000000000000000000000000000000000000000c49442067656e6572617465640000000000000000000000000000000000000000'), 'transactionHash': HexBytes('0x3750bc4b6cb6bf661b795add12be7ebf3f2fc5716b60eef989635b088d4f0d01'), 'blockHash': HexBytes('0xd89da12b145893d7e1c9d8d4dd60cff5c76cc4ece5bcca2e2585706893e1f0ff'), 'blockNumber': 122, 'logIndex': 2, 'transactionIndex': 0, 'removed': False}), AttributeDict({'address': '0xDc64a140Aa3E981100a9becA4E685f962f0cF6C9', 'topics': [HexBytes('0x54dff03e1bcaf4f55dc6a58920c699950dcc592aca1a0e7a62d344d70863a6db')], 'data': HexBytes('0x00000000000000000000000000000000000000000000000000000000000000400000000000000000000000000000000000000000000000000000000000000080000000000000000000000000000000000000000000000000000000000000000d63726561746550726f6475637400000000000000000000000000000000000000000000000000000000000000000000000000000000000000000000000000001670726f6475637420737472756374206372656174656400000000000000000000'), 'transactionHash': HexBytes('0x3750bc4b6cb6bf661b795add12be7ebf3f2fc5716b60eef989635b088d4f0d01'), 'blockHash': HexBytes('0xd89da12b145893d7e1c9d8d4dd60cff5c76cc4ece5bcca2e2585706893e1f0ff'), 'blockNumber': 122, 'logIndex': 3, 'transactionIndex': 0, 'removed': False}), AttributeDict({'address': '0xDc64a140Aa3E981100a9becA4E685f962f0cF6C9', 'topics': [HexBytes('0x54dff03e1bcaf4f55dc6a58920c699950dcc592aca1a0e7a62d344d70863a6db')], 'data': HexBytes('0x00000000000000000000000000000000000000000000000000000000000000400000000000000000000000000000000000000000000000000000000000000080000000000000000000000000000000000000000000000000000000000000000d63726561746550726f6475637400000000000000000000000000000000000000000000000000000000000000000000000000000000000000000000000000001870726f6475637420736176656420746f2073746f726167650000000000000000'), 'transactionHash': HexBytes('0x3750bc4b6cb6bf661b795add12be7ebf3f2fc5716b60eef989635b088d4f0d01'), 'blockHash': HexBytes('0xd89da12b145893d7e1c9d8d4dd60cff5c76cc4ece5bcca2e2585706893e1f0ff'), 'blockNumber': 122, 'logIndex': 4, 'transactionIndex': 0, 'removed': False}), AttributeDict({'address': '0xDc64a140Aa3E981100a9becA4E685f962f0cF6C9', 'topics': [HexBytes('0x54dff03e1bcaf4f55dc6a58920c699950dcc592aca1a0e7a62d344d70863a6db')], 'data': HexBytes('0x00000000000000000000000000000000000000000000000000000000000000400000000000000000000000000000000000000000000000000000000000000080000000000000000000000000000000000000000000000000000000000000000d63726561746550726f64756374000000000000000000000000000000000000000000000000000000000000000000000000000000000000000000000000000018616464656420746f206163746976652070726f64756374730000000000000000'), 'transactionHash': HexBytes('0x3750bc4b6cb6bf661b795add12be7ebf3f2fc5716b60eef989635b088d4f0d01'), 'blockHash': HexBytes('0xd89da12b145893d7e1c9d8d4dd60cff5c76cc4ece5bcca2e2585706893e1f0ff'), 'blockNumber': 122, 'logIndex': 5, 'transactionIndex': 0, 'removed': False}), AttributeDict({'address': '0xDc64a140Aa3E981100a9becA4E685f962f0cF6C9', 'topics': [HexBytes('0x54dff03e1bcaf4f55dc6a58920c699950dcc592aca1a0e7a62d344d70863a6db')], 'data': HexBytes('0x00000000000000000000000000000000000000000000000000000000000000400000000000000000000000000000000000000000000000000000000000000080000000000000000000000000000000000000000000000000000000000000000d63726561746550726f64756374000000000000000000000000000000000000000000000000000000000000000000000000000000000000000000000000000018616464656420746f2073656c6c65722070726f64756374730000000000000000'), 'transactionHash': HexBytes('0x3750bc4b6cb6bf661b795add12be7ebf3f2fc5716b60eef989635b088d4f0d01'), 'blockHash': HexBytes('0xd89da12b145893d7e1c9d8d4dd60cff5c76cc4ece5bcca2e2585706893e1f0ff'), 'blockNumber': 122, 'logIndex': 6, 'transactionIndex': 0, 'removed': False}), AttributeDict({'address': '0xDc64a140Aa3E981100a9becA4E685f962f0cF6C9', 'topics': [HexBytes('0x3ef789b574bb6db8362567213254e4ea8dfdc59a2f563cac1c3f68bee245c8ec'), HexBytes('0x00000000000000000000000070997970c51812dc3a010c7d01b50e0d17dc79c8')], 'data': HexBytes('0x000000000000000000000000000000000000000000000000000000000000006a00000000000000000000000000000000000000000000000000000000000000600000000000000000000000000000000000000000000000000000000000000001000000000000000000000000000000000000000000000000000000000000002e516d55316f34415a6168647259547750413852794c79526d354d6f706351395048387357703850755a4d6d4d5462000000000000000000000000000000000000'), 'transactionHash': HexBytes('0x3750bc4b6cb6bf661b795add12be7ebf3f2fc5716b60eef989635b088d4f0d01'), 'blockHash': HexBytes('0xd89da12b145893d7e1c9d8d4dd60cff5c76cc4ece5bcca2e2585706893e1f0ff'), 'blockNumber': 122, 'logIndex': 7, 'transactionIndex': 0, 'removed': False}), AttributeDict({'address': '0xDc64a140Aa3E981100a9becA4E685f962f0cF6C9', 'topics': [HexBytes('0x2c8dc80766467cf0b6779fd338b13f496b9aee65821a7de24dca64eaff04cda4'), HexBytes('0x00000000000000000000000070997970c51812dc3a010c7d01b50e0d17dc79c8')], 'data': HexBytes('0x000000000000000000000000000000000000000000000000000000000000006a'), 'transactionHash': HexBytes('0x3750bc4b6cb6bf661b795add12be7ebf3f2fc5716b60eef989635b088d4f0d01'), 'blockHash': HexBytes('0xd89da12b145893d7e1c9d8d4dd60cff5c76cc4ece5bcca2e2585706893e1f0ff'), 'blockNumber': 122, 'logIndex': 8, 'transactionIndex': 0, 'removed': False}), AttributeDict({'address': '0xDc64a140Aa3E981100a9becA4E685f962f0cF6C9', 'topics': [HexBytes('0x54dff03e1bcaf4f55dc6a58920c699950dcc592aca1a0e7a62d344d70863a6db')], 'data': HexBytes('0x00000000000000000000000000000000000000000000000000000000000000400000000000000000000000000000000000000000000000000000000000000080000000000000000000000000000000000000000000000000000000000000000d63726561746550726f6475637400000000000000000000000000000000000000000000000000000000000000000000000000000000000000000000000000001566696e6973686564207375636365737366756c6c790000000000000000000000'), 'transactionHash': HexBytes('0x3750bc4b6cb6bf661b795add12be7ebf3f2fc5716b60eef989635b088d4f0d01'), 'blockHash': HexBytes('0xd89da12b145893d7e1c9d8d4dd60cff5c76cc4ece5bcca2e2585706893e1f0ff'), 'blockNumber': 122, 'logIndex': 9, 'transactionIndex': 0, 'removed': False})], 'status': 1, 'type': 0, 'transactionHash': HexBytes('0x3750bc4b6cb6bf661b795add12be7ebf3f2fc5716b60eef989635b088d4f0d01'), 'transactionIndex': 0, 'from': '0x70997970C51812dc3A010C7d01b50e0d17dc79C8', 'to': '0xDc64a140Aa3E981100a9becA4E685f962f0cF6C9', 'contractAddress': None, 'gasUsed': 245958, 'effectiveGasPrice': 1000000138, 'blockHash': HexBytes('0xd89da12b145893d7e1c9d8d4dd60cff5c76cc4ece5bcca2e2585706893e1f0ff'), 'blockNumber': 122})
2025-06-10 23:56:50,891 - INFO - bot.services.product_registry - [ProductRegistry] Продукт успешно создан. Хэш транзакции: 3750bc4b6cb6bf661b795add12be7ebf3f2fc5716b60eef989635b088d4f0d01
2025-06-10 23:56:50,892 - INFO - __main__ - ✅ Продукт amanita_broken_closed_cups успешно загружен в смарт контракт. TX: 3750bc4b6cb6bf661b795add12be7ebf3f2fc5716b60eef989635b088d4f0d01
2025-06-10 23:56:50,892 - INFO - bot.services.product_registry - [ProductRegistry] Создание продукта в смарт-контракте с CID: QmSrLZMi3XRmPvzYVe9pNCZLqYbjSthgg792s26cyPBhcX
2025-06-10 23:56:50,892 - INFO - bot.services.blockchain - [BlockchainService] Создание продукта с CID: QmSrLZMi3XRmPvzYVe9pNCZLqYbjSthgg792s26cyPBhcX
2025-06-10 23:56:50,894 - INFO - bot.services.blockchain - [Web3] [TX] account.address: 0x70997970C51812dc3A010C7d01b50e0d17dc79C8
2025-06-10 23:56:50,894 - INFO - bot.services.blockchain - [Web3] [TX] func: <Function createProduct(string) bound to ('QmSrLZMi3XRmPvzYVe9pNCZLqYbjSthgg792s26cyPBhcX',)>, args: ('QmSrLZMi3XRmPvzYVe9pNCZLqYbjSthgg792s26cyPBhcX',), kwargs: {}
2025-06-10 23:56:50,898 - INFO - bot.services.blockchain - [Web3] [TX] txn (build_transaction): {'value': 0, 'chainId': 31337, 'from': '0x70997970C51812dc3A010C7d01b50e0d17dc79C8', 'nonce': 114, 'gas': 2000000, 'gasPrice': 1000000122, 'to': '0xDc64a140Aa3E981100a9becA4E685f962f0cF6C9', 'data': '0x02ec06be0000000000000000000000000000000000000000000000000000000000000020000000000000000000000000000000000000000000000000000000000000002e516d53724c5a4d693358526d50767a59566539704e435a4c7159626a537468676737393273323663795042686358000000000000000000000000000000000000'}
2025-06-10 23:56:50,903 - INFO - bot.services.blockchain - [Web3] [TX] signed_txn: SignedTransaction(raw_transaction=HexBytes('0xf8eb72843b9aca7a831e848094dc64a140aa3e981100a9beca4e685f962f0cf6c980b88402ec06be0000000000000000000000000000000000000000000000000000000000000020000000000000000000000000000000000000000000000000000000000000002e516d53724c5a4d693358526d50767a59566539704e435a4c7159626a53746867673739327332366379504268635800000000000000000000000000000000000082f4f6a0a463d77b0186ea43ab5f83beb8b1d43e20118a13c9a4f8e4681c122f439e961ea02dfa06456331e595e0427986306c40b346e4acc215ebdeeddd262c3b28d097d0'), hash=HexBytes('0x232f4d64dc36afd72d9e35755c7e2d35a0aa08a3f64f7df892c9f5451ff762de'), r=74355712218767560915205948687801286433154932068921931950526599885525467698718, s=20795833233602427571585753192963982129777078648013045651257346362414495471568, v=62710), type: <class 'eth_account.datastructures.SignedTransaction'>
2025-06-10 23:56:50,908 - INFO - bot.services.blockchain - [Web3] [TX] tx_hash: b'#/Md\xdc6\xaf\xd7-\x9e5u\\~-5\xa0\xaa\x08\xa3\xf6O}\xf8\x92\xc9\xf5E\x1f\xf7b\xde', type: <class 'hexbytes.main.HexBytes'>
2025-06-10 23:56:50,908 - INFO - bot.services.blockchain - [Web3] Транзакция ProductRegistry.createProduct отправлена: 232f4d64dc36afd72d9e35755c7e2d35a0aa08a3f64f7df892c9f5451ff762de
2025-06-10 23:56:50,911 - INFO - bot.services.blockchain - [Web3] Транзакция подтверждена: AttributeDict({'cumulativeGasUsed': 245958, 'logsBloom': HexBytes('0x00000000000000000002000000000000000000000000000000000000000000000000000000000000000000000000000000000000080000000000000000000000000000001000000000000000000000000000000000000000000000000000000000000800000000000000000000000000000000000000000000001000000000000008100000000000000000000000000200000000000000000000000000000000000000000000000000000000000000000000000000000000000000000000000000000000000000000000000000000000000000004020201000000000000000000000000000000000000000000000000001000001000000000100000000000000'), 'logs': [AttributeDict({'address': '0xDc64a140Aa3E981100a9becA4E685f962f0cF6C9', 'topics': [HexBytes('0x54dff03e1bcaf4f55dc6a58920c699950dcc592aca1a0e7a62d344d70863a6db')], 'data': HexBytes('0x00000000000000000000000000000000000000000000000000000000000000400000000000000000000000000000000000000000000000000000000000000080000000000000000000000000000000000000000000000000000000000000000d63726561746550726f647563740000000000000000000000000000000000000000000000000000000000000000000000000000000000000000000000000000057374617274000000000000000000000000000000000000000000000000000000'), 'transactionHash': HexBytes('0x232f4d64dc36afd72d9e35755c7e2d35a0aa08a3f64f7df892c9f5451ff762de'), 'blockHash': HexBytes('0xb8b77afee2717fc6f38a273ad5fb662f5f8d5ad5c774b9f56d81e432d94e0f60'), 'blockNumber': 123, 'logIndex': 0, 'transactionIndex': 0, 'removed': False}), AttributeDict({'address': '0xDc64a140Aa3E981100a9becA4E685f962f0cF6C9', 'topics': [HexBytes('0x54dff03e1bcaf4f55dc6a58920c699950dcc592aca1a0e7a62d344d70863a6db')], 'data': HexBytes('0x00000000000000000000000000000000000000000000000000000000000000400000000000000000000000000000000000000000000000000000000000000080000000000000000000000000000000000000000000000000000000000000000d63726561746550726f6475637400000000000000000000000000000000000000000000000000000000000000000000000000000000000000000000000000001043494420636865636b2070617373656400000000000000000000000000000000'), 'transactionHash': HexBytes('0x232f4d64dc36afd72d9e35755c7e2d35a0aa08a3f64f7df892c9f5451ff762de'), 'blockHash': HexBytes('0xb8b77afee2717fc6f38a273ad5fb662f5f8d5ad5c774b9f56d81e432d94e0f60'), 'blockNumber': 123, 'logIndex': 1, 'transactionIndex': 0, 'removed': False}), AttributeDict({'address': '0xDc64a140Aa3E981100a9becA4E685f962f0cF6C9', 'topics': [HexBytes('0x54dff03e1bcaf4f55dc6a58920c699950dcc592aca1a0e7a62d344d70863a6db')], 'data': HexBytes('0x00000000000000000000000000000000000000000000000000000000000000400000000000000000000000000000000000000000000000000000000000000080000000000000000000000000000000000000000000000000000000000000000d63726561746550726f6475637400000000000000000000000000000000000000000000000000000000000000000000000000000000000000000000000000000c49442067656e6572617465640000000000000000000000000000000000000000'), 'transactionHash': HexBytes('0x232f4d64dc36afd72d9e35755c7e2d35a0aa08a3f64f7df892c9f5451ff762de'), 'blockHash': HexBytes('0xb8b77afee2717fc6f38a273ad5fb662f5f8d5ad5c774b9f56d81e432d94e0f60'), 'blockNumber': 123, 'logIndex': 2, 'transactionIndex': 0, 'removed': False}), AttributeDict({'address': '0xDc64a140Aa3E981100a9becA4E685f962f0cF6C9', 'topics': [HexBytes('0x54dff03e1bcaf4f55dc6a58920c699950dcc592aca1a0e7a62d344d70863a6db')], 'data': HexBytes('0x00000000000000000000000000000000000000000000000000000000000000400000000000000000000000000000000000000000000000000000000000000080000000000000000000000000000000000000000000000000000000000000000d63726561746550726f6475637400000000000000000000000000000000000000000000000000000000000000000000000000000000000000000000000000001670726f6475637420737472756374206372656174656400000000000000000000'), 'transactionHash': HexBytes('0x232f4d64dc36afd72d9e35755c7e2d35a0aa08a3f64f7df892c9f5451ff762de'), 'blockHash': HexBytes('0xb8b77afee2717fc6f38a273ad5fb662f5f8d5ad5c774b9f56d81e432d94e0f60'), 'blockNumber': 123, 'logIndex': 3, 'transactionIndex': 0, 'removed': False}), AttributeDict({'address': '0xDc64a140Aa3E981100a9becA4E685f962f0cF6C9', 'topics': [HexBytes('0x54dff03e1bcaf4f55dc6a58920c699950dcc592aca1a0e7a62d344d70863a6db')], 'data': HexBytes('0x00000000000000000000000000000000000000000000000000000000000000400000000000000000000000000000000000000000000000000000000000000080000000000000000000000000000000000000000000000000000000000000000d63726561746550726f6475637400000000000000000000000000000000000000000000000000000000000000000000000000000000000000000000000000001870726f6475637420736176656420746f2073746f726167650000000000000000'), 'transactionHash': HexBytes('0x232f4d64dc36afd72d9e35755c7e2d35a0aa08a3f64f7df892c9f5451ff762de'), 'blockHash': HexBytes('0xb8b77afee2717fc6f38a273ad5fb662f5f8d5ad5c774b9f56d81e432d94e0f60'), 'blockNumber': 123, 'logIndex': 4, 'transactionIndex': 0, 'removed': False}), AttributeDict({'address': '0xDc64a140Aa3E981100a9becA4E685f962f0cF6C9', 'topics': [HexBytes('0x54dff03e1bcaf4f55dc6a58920c699950dcc592aca1a0e7a62d344d70863a6db')], 'data': HexBytes('0x00000000000000000000000000000000000000000000000000000000000000400000000000000000000000000000000000000000000000000000000000000080000000000000000000000000000000000000000000000000000000000000000d63726561746550726f64756374000000000000000000000000000000000000000000000000000000000000000000000000000000000000000000000000000018616464656420746f206163746976652070726f64756374730000000000000000'), 'transactionHash': HexBytes('0x232f4d64dc36afd72d9e35755c7e2d35a0aa08a3f64f7df892c9f5451ff762de'), 'blockHash': HexBytes('0xb8b77afee2717fc6f38a273ad5fb662f5f8d5ad5c774b9f56d81e432d94e0f60'), 'blockNumber': 123, 'logIndex': 5, 'transactionIndex': 0, 'removed': False}), AttributeDict({'address': '0xDc64a140Aa3E981100a9becA4E685f962f0cF6C9', 'topics': [HexBytes('0x54dff03e1bcaf4f55dc6a58920c699950dcc592aca1a0e7a62d344d70863a6db')], 'data': HexBytes('0x00000000000000000000000000000000000000000000000000000000000000400000000000000000000000000000000000000000000000000000000000000080000000000000000000000000000000000000000000000000000000000000000d63726561746550726f64756374000000000000000000000000000000000000000000000000000000000000000000000000000000000000000000000000000018616464656420746f2073656c6c65722070726f64756374730000000000000000'), 'transactionHash': HexBytes('0x232f4d64dc36afd72d9e35755c7e2d35a0aa08a3f64f7df892c9f5451ff762de'), 'blockHash': HexBytes('0xb8b77afee2717fc6f38a273ad5fb662f5f8d5ad5c774b9f56d81e432d94e0f60'), 'blockNumber': 123, 'logIndex': 6, 'transactionIndex': 0, 'removed': False}), AttributeDict({'address': '0xDc64a140Aa3E981100a9becA4E685f962f0cF6C9', 'topics': [HexBytes('0x3ef789b574bb6db8362567213254e4ea8dfdc59a2f563cac1c3f68bee245c8ec'), HexBytes('0x00000000000000000000000070997970c51812dc3a010c7d01b50e0d17dc79c8')], 'data': HexBytes('0x000000000000000000000000000000000000000000000000000000000000006b00000000000000000000000000000000000000000000000000000000000000600000000000000000000000000000000000000000000000000000000000000001000000000000000000000000000000000000000000000000000000000000002e516d53724c5a4d693358526d50767a59566539704e435a4c7159626a537468676737393273323663795042686358000000000000000000000000000000000000'), 'transactionHash': HexBytes('0x232f4d64dc36afd72d9e35755c7e2d35a0aa08a3f64f7df892c9f5451ff762de'), 'blockHash': HexBytes('0xb8b77afee2717fc6f38a273ad5fb662f5f8d5ad5c774b9f56d81e432d94e0f60'), 'blockNumber': 123, 'logIndex': 7, 'transactionIndex': 0, 'removed': False}), AttributeDict({'address': '0xDc64a140Aa3E981100a9becA4E685f962f0cF6C9', 'topics': [HexBytes('0x2c8dc80766467cf0b6779fd338b13f496b9aee65821a7de24dca64eaff04cda4'), HexBytes('0x00000000000000000000000070997970c51812dc3a010c7d01b50e0d17dc79c8')], 'data': HexBytes('0x000000000000000000000000000000000000000000000000000000000000006b'), 'transactionHash': HexBytes('0x232f4d64dc36afd72d9e35755c7e2d35a0aa08a3f64f7df892c9f5451ff762de'), 'blockHash': HexBytes('0xb8b77afee2717fc6f38a273ad5fb662f5f8d5ad5c774b9f56d81e432d94e0f60'), 'blockNumber': 123, 'logIndex': 8, 'transactionIndex': 0, 'removed': False}), AttributeDict({'address': '0xDc64a140Aa3E981100a9becA4E685f962f0cF6C9', 'topics': [HexBytes('0x54dff03e1bcaf4f55dc6a58920c699950dcc592aca1a0e7a62d344d70863a6db')], 'data': HexBytes('0x00000000000000000000000000000000000000000000000000000000000000400000000000000000000000000000000000000000000000000000000000000080000000000000000000000000000000000000000000000000000000000000000d63726561746550726f6475637400000000000000000000000000000000000000000000000000000000000000000000000000000000000000000000000000001566696e6973686564207375636365737366756c6c790000000000000000000000'), 'transactionHash': HexBytes('0x232f4d64dc36afd72d9e35755c7e2d35a0aa08a3f64f7df892c9f5451ff762de'), 'blockHash': HexBytes('0xb8b77afee2717fc6f38a273ad5fb662f5f8d5ad5c774b9f56d81e432d94e0f60'), 'blockNumber': 123, 'logIndex': 9, 'transactionIndex': 0, 'removed': False})], 'status': 1, 'type': 0, 'transactionHash': HexBytes('0x232f4d64dc36afd72d9e35755c7e2d35a0aa08a3f64f7df892c9f5451ff762de'), 'transactionIndex': 0, 'from': '0x70997970C51812dc3A010C7d01b50e0d17dc79C8', 'to': '0xDc64a140Aa3E981100a9becA4E685f962f0cF6C9', 'contractAddress': None, 'gasUsed': 245958, 'effectiveGasPrice': 1000000122, 'blockHash': HexBytes('0xb8b77afee2717fc6f38a273ad5fb662f5f8d5ad5c774b9f56d81e432d94e0f60'), 'blockNumber': 123})
2025-06-10 23:56:50,914 - INFO - bot.services.product_registry - [ProductRegistry] Продукт успешно создан. Хэш транзакции: 232f4d64dc36afd72d9e35755c7e2d35a0aa08a3f64f7df892c9f5451ff762de
2025-06-10 23:56:50,915 - INFO - __main__ - ✅ Продукт amanita_lux успешно загружен в смарт контракт. TX: 232f4d64dc36afd72d9e35755c7e2d35a0aa08a3f64f7df892c9f5451ff762de
2025-06-10 23:56:50,915 - INFO - bot.services.product_registry - [ProductRegistry] Создание продукта в смарт-контракте с CID: QmRzWvsnjY1s8Y7NDM3VS661mwZNNi5TpFFefC2Tg91zZ5
2025-06-10 23:56:50,915 - INFO - bot.services.blockchain - [BlockchainService] Создание продукта с CID: QmRzWvsnjY1s8Y7NDM3VS661mwZNNi5TpFFefC2Tg91zZ5
2025-06-10 23:56:50,917 - INFO - bot.services.blockchain - [Web3] [TX] account.address: 0x70997970C51812dc3A010C7d01b50e0d17dc79C8
2025-06-10 23:56:50,917 - INFO - bot.services.blockchain - [Web3] [TX] func: <Function createProduct(string) bound to ('QmRzWvsnjY1s8Y7NDM3VS661mwZNNi5TpFFefC2Tg91zZ5',)>, args: ('QmRzWvsnjY1s8Y7NDM3VS661mwZNNi5TpFFefC2Tg91zZ5',), kwargs: {}
2025-06-10 23:56:50,920 - INFO - bot.services.blockchain - [Web3] [TX] txn (build_transaction): {'value': 0, 'chainId': 31337, 'from': '0x70997970C51812dc3A010C7d01b50e0d17dc79C8', 'nonce': 115, 'gas': 2000000, 'gasPrice': 1000000108, 'to': '0xDc64a140Aa3E981100a9becA4E685f962f0cF6C9', 'data': '0x02ec06be0000000000000000000000000000000000000000000000000000000000000020000000000000000000000000000000000000000000000000000000000000002e516d527a5776736e6a5931733859374e444d3356533636316d775a4e4e69355470464665664332546739317a5a35000000000000000000000000000000000000'}
2025-06-10 23:56:50,925 - INFO - bot.services.blockchain - [Web3] [TX] signed_txn: SignedTransaction(raw_transaction=HexBytes('0xf8eb73843b9aca6c831e848094dc64a140aa3e981100a9beca4e685f962f0cf6c980b88402ec06be0000000000000000000000000000000000000000000000000000000000000020000000000000000000000000000000000000000000000000000000000000002e516d527a5776736e6a5931733859374e444d3356533636316d775a4e4e69355470464665664332546739317a5a3500000000000000000000000000000000000082f4f5a0841c062108bc2370da51fb3938062375fb4938aad1e9a784bfef5afdc6a80eb5a062d558a090573a4a1634d08ec57074abc1ea02e29fe33abbe5b8f70475b326b9'), hash=HexBytes('0xd2c9d2d7c999c014003ea3e1fd0342a568358e4a5fad8016f08aa96a47a7d134'), r=59754810031881172784623653612295188969790357749771697039107271404724001705653, s=44703609268428739628353235099094503336775177665619711515609458734371674728121, v=62709), type: <class 'eth_account.datastructures.SignedTransaction'>
2025-06-10 23:56:50,932 - INFO - bot.services.blockchain - [Web3] [TX] tx_hash: b'\xd2\xc9\xd2\xd7\xc9\x99\xc0\x14\x00>\xa3\xe1\xfd\x03B\xa5h5\x8eJ_\xad\x80\x16\xf0\x8a\xa9jG\xa7\xd14', type: <class 'hexbytes.main.HexBytes'>
2025-06-10 23:56:50,932 - INFO - bot.services.blockchain - [Web3] Транзакция ProductRegistry.createProduct отправлена: d2c9d2d7c999c014003ea3e1fd0342a568358e4a5fad8016f08aa96a47a7d134
2025-06-10 23:56:50,938 - INFO - bot.services.blockchain - [Web3] Транзакция подтверждена: AttributeDict({'cumulativeGasUsed': 245958, 'logsBloom': HexBytes('0x00000000000000000002000000000000000000000000000000000000000000000000000000000000000000000000000000000000080000000000000000000000000000001000000000000000000000000000000000000000000000000000000000000800000000000000000000000000000000000000000000001000000000000008100000000000000000000000000200000000000000000000000000000000000000000000000000000000000000000000000000000000000000000000000000000000000000000000000000000000000000004020201000000000000000000000000000000000000000000000000001000001000000000100000000000000'), 'logs': [AttributeDict({'address': '0xDc64a140Aa3E981100a9becA4E685f962f0cF6C9', 'topics': [HexBytes('0x54dff03e1bcaf4f55dc6a58920c699950dcc592aca1a0e7a62d344d70863a6db')], 'data': HexBytes('0x00000000000000000000000000000000000000000000000000000000000000400000000000000000000000000000000000000000000000000000000000000080000000000000000000000000000000000000000000000000000000000000000d63726561746550726f647563740000000000000000000000000000000000000000000000000000000000000000000000000000000000000000000000000000057374617274000000000000000000000000000000000000000000000000000000'), 'transactionHash': HexBytes('0xd2c9d2d7c999c014003ea3e1fd0342a568358e4a5fad8016f08aa96a47a7d134'), 'blockHash': HexBytes('0xd5c8579a93a360cc30ac7826f177ef7a3e0f8c9958d02e794d90f91d18f05d87'), 'blockNumber': 124, 'logIndex': 0, 'transactionIndex': 0, 'removed': False}), AttributeDict({'address': '0xDc64a140Aa3E981100a9becA4E685f962f0cF6C9', 'topics': [HexBytes('0x54dff03e1bcaf4f55dc6a58920c699950dcc592aca1a0e7a62d344d70863a6db')], 'data': HexBytes('0x00000000000000000000000000000000000000000000000000000000000000400000000000000000000000000000000000000000000000000000000000000080000000000000000000000000000000000000000000000000000000000000000d63726561746550726f6475637400000000000000000000000000000000000000000000000000000000000000000000000000000000000000000000000000001043494420636865636b2070617373656400000000000000000000000000000000'), 'transactionHash': HexBytes('0xd2c9d2d7c999c014003ea3e1fd0342a568358e4a5fad8016f08aa96a47a7d134'), 'blockHash': HexBytes('0xd5c8579a93a360cc30ac7826f177ef7a3e0f8c9958d02e794d90f91d18f05d87'), 'blockNumber': 124, 'logIndex': 1, 'transactionIndex': 0, 'removed': False}), AttributeDict({'address': '0xDc64a140Aa3E981100a9becA4E685f962f0cF6C9', 'topics': [HexBytes('0x54dff03e1bcaf4f55dc6a58920c699950dcc592aca1a0e7a62d344d70863a6db')], 'data': HexBytes('0x00000000000000000000000000000000000000000000000000000000000000400000000000000000000000000000000000000000000000000000000000000080000000000000000000000000000000000000000000000000000000000000000d63726561746550726f6475637400000000000000000000000000000000000000000000000000000000000000000000000000000000000000000000000000000c49442067656e6572617465640000000000000000000000000000000000000000'), 'transactionHash': HexBytes('0xd2c9d2d7c999c014003ea3e1fd0342a568358e4a5fad8016f08aa96a47a7d134'), 'blockHash': HexBytes('0xd5c8579a93a360cc30ac7826f177ef7a3e0f8c9958d02e794d90f91d18f05d87'), 'blockNumber': 124, 'logIndex': 2, 'transactionIndex': 0, 'removed': False}), AttributeDict({'address': '0xDc64a140Aa3E981100a9becA4E685f962f0cF6C9', 'topics': [HexBytes('0x54dff03e1bcaf4f55dc6a58920c699950dcc592aca1a0e7a62d344d70863a6db')], 'data': HexBytes('0x00000000000000000000000000000000000000000000000000000000000000400000000000000000000000000000000000000000000000000000000000000080000000000000000000000000000000000000000000000000000000000000000d63726561746550726f6475637400000000000000000000000000000000000000000000000000000000000000000000000000000000000000000000000000001670726f6475637420737472756374206372656174656400000000000000000000'), 'transactionHash': HexBytes('0xd2c9d2d7c999c014003ea3e1fd0342a568358e4a5fad8016f08aa96a47a7d134'), 'blockHash': HexBytes('0xd5c8579a93a360cc30ac7826f177ef7a3e0f8c9958d02e794d90f91d18f05d87'), 'blockNumber': 124, 'logIndex': 3, 'transactionIndex': 0, 'removed': False}), AttributeDict({'address': '0xDc64a140Aa3E981100a9becA4E685f962f0cF6C9', 'topics': [HexBytes('0x54dff03e1bcaf4f55dc6a58920c699950dcc592aca1a0e7a62d344d70863a6db')], 'data': HexBytes('0x00000000000000000000000000000000000000000000000000000000000000400000000000000000000000000000000000000000000000000000000000000080000000000000000000000000000000000000000000000000000000000000000d63726561746550726f6475637400000000000000000000000000000000000000000000000000000000000000000000000000000000000000000000000000001870726f6475637420736176656420746f2073746f726167650000000000000000'), 'transactionHash': HexBytes('0xd2c9d2d7c999c014003ea3e1fd0342a568358e4a5fad8016f08aa96a47a7d134'), 'blockHash': HexBytes('0xd5c8579a93a360cc30ac7826f177ef7a3e0f8c9958d02e794d90f91d18f05d87'), 'blockNumber': 124, 'logIndex': 4, 'transactionIndex': 0, 'removed': False}), AttributeDict({'address': '0xDc64a140Aa3E981100a9becA4E685f962f0cF6C9', 'topics': [HexBytes('0x54dff03e1bcaf4f55dc6a58920c699950dcc592aca1a0e7a62d344d70863a6db')], 'data': HexBytes('0x00000000000000000000000000000000000000000000000000000000000000400000000000000000000000000000000000000000000000000000000000000080000000000000000000000000000000000000000000000000000000000000000d63726561746550726f64756374000000000000000000000000000000000000000000000000000000000000000000000000000000000000000000000000000018616464656420746f206163746976652070726f64756374730000000000000000'), 'transactionHash': HexBytes('0xd2c9d2d7c999c014003ea3e1fd0342a568358e4a5fad8016f08aa96a47a7d134'), 'blockHash': HexBytes('0xd5c8579a93a360cc30ac7826f177ef7a3e0f8c9958d02e794d90f91d18f05d87'), 'blockNumber': 124, 'logIndex': 5, 'transactionIndex': 0, 'removed': False}), AttributeDict({'address': '0xDc64a140Aa3E981100a9becA4E685f962f0cF6C9', 'topics': [HexBytes('0x54dff03e1bcaf4f55dc6a58920c699950dcc592aca1a0e7a62d344d70863a6db')], 'data': HexBytes('0x00000000000000000000000000000000000000000000000000000000000000400000000000000000000000000000000000000000000000000000000000000080000000000000000000000000000000000000000000000000000000000000000d63726561746550726f64756374000000000000000000000000000000000000000000000000000000000000000000000000000000000000000000000000000018616464656420746f2073656c6c65722070726f64756374730000000000000000'), 'transactionHash': HexBytes('0xd2c9d2d7c999c014003ea3e1fd0342a568358e4a5fad8016f08aa96a47a7d134'), 'blockHash': HexBytes('0xd5c8579a93a360cc30ac7826f177ef7a3e0f8c9958d02e794d90f91d18f05d87'), 'blockNumber': 124, 'logIndex': 6, 'transactionIndex': 0, 'removed': False}), AttributeDict({'address': '0xDc64a140Aa3E981100a9becA4E685f962f0cF6C9', 'topics': [HexBytes('0x3ef789b574bb6db8362567213254e4ea8dfdc59a2f563cac1c3f68bee245c8ec'), HexBytes('0x00000000000000000000000070997970c51812dc3a010c7d01b50e0d17dc79c8')], 'data': HexBytes('0x000000000000000000000000000000000000000000000000000000000000006c00000000000000000000000000000000000000000000000000000000000000600000000000000000000000000000000000000000000000000000000000000001000000000000000000000000000000000000000000000000000000000000002e516d527a5776736e6a5931733859374e444d3356533636316d775a4e4e69355470464665664332546739317a5a35000000000000000000000000000000000000'), 'transactionHash': HexBytes('0xd2c9d2d7c999c014003ea3e1fd0342a568358e4a5fad8016f08aa96a47a7d134'), 'blockHash': HexBytes('0xd5c8579a93a360cc30ac7826f177ef7a3e0f8c9958d02e794d90f91d18f05d87'), 'blockNumber': 124, 'logIndex': 7, 'transactionIndex': 0, 'removed': False}), AttributeDict({'address': '0xDc64a140Aa3E981100a9becA4E685f962f0cF6C9', 'topics': [HexBytes('0x2c8dc80766467cf0b6779fd338b13f496b9aee65821a7de24dca64eaff04cda4'), HexBytes('0x00000000000000000000000070997970c51812dc3a010c7d01b50e0d17dc79c8')], 'data': HexBytes('0x000000000000000000000000000000000000000000000000000000000000006c'), 'transactionHash': HexBytes('0xd2c9d2d7c999c014003ea3e1fd0342a568358e4a5fad8016f08aa96a47a7d134'), 'blockHash': HexBytes('0xd5c8579a93a360cc30ac7826f177ef7a3e0f8c9958d02e794d90f91d18f05d87'), 'blockNumber': 124, 'logIndex': 8, 'transactionIndex': 0, 'removed': False}), AttributeDict({'address': '0xDc64a140Aa3E981100a9becA4E685f962f0cF6C9', 'topics': [HexBytes('0x54dff03e1bcaf4f55dc6a58920c699950dcc592aca1a0e7a62d344d70863a6db')], 'data': HexBytes('0x00000000000000000000000000000000000000000000000000000000000000400000000000000000000000000000000000000000000000000000000000000080000000000000000000000000000000000000000000000000000000000000000d63726561746550726f6475637400000000000000000000000000000000000000000000000000000000000000000000000000000000000000000000000000001566696e6973686564207375636365737366756c6c790000000000000000000000'), 'transactionHash': HexBytes('0xd2c9d2d7c999c014003ea3e1fd0342a568358e4a5fad8016f08aa96a47a7d134'), 'blockHash': HexBytes('0xd5c8579a93a360cc30ac7826f177ef7a3e0f8c9958d02e794d90f91d18f05d87'), 'blockNumber': 124, 'logIndex': 9, 'transactionIndex': 0, 'removed': False})], 'status': 1, 'type': 0, 'transactionHash': HexBytes('0xd2c9d2d7c999c014003ea3e1fd0342a568358e4a5fad8016f08aa96a47a7d134'), 'transactionIndex': 0, 'from': '0x70997970C51812dc3A010C7d01b50e0d17dc79C8', 'to': '0xDc64a140Aa3E981100a9becA4E685f962f0cF6C9', 'contractAddress': None, 'gasUsed': 245958, 'effectiveGasPrice': 1000000108, 'blockHash': HexBytes('0xd5c8579a93a360cc30ac7826f177ef7a3e0f8c9958d02e794d90f91d18f05d87'), 'blockNumber': 124})
2025-06-10 23:56:50,944 - INFO - bot.services.product_registry - [ProductRegistry] Продукт успешно создан. Хэш транзакции: d2c9d2d7c999c014003ea3e1fd0342a568358e4a5fad8016f08aa96a47a7d134
2025-06-10 23:56:50,944 - INFO - __main__ - ✅ Продукт amanita_pantherina_whole успешно загружен в смарт контракт. TX: d2c9d2d7c999c014003ea3e1fd0342a568358e4a5fad8016f08aa96a47a7d134
2025-06-10 23:56:50,944 - INFO - bot.services.product_registry - [ProductRegistry] Создание продукта в смарт-контракте с CID: QmaJ1Mz3SsrWzwQ2ijPaxQeaowDLVrLHLSoEADUwSFyTrp
2025-06-10 23:56:50,944 - INFO - bot.services.blockchain - [BlockchainService] Создание продукта с CID: QmaJ1Mz3SsrWzwQ2ijPaxQeaowDLVrLHLSoEADUwSFyTrp
2025-06-10 23:56:50,946 - INFO - bot.services.blockchain - [Web3] [TX] account.address: 0x70997970C51812dc3A010C7d01b50e0d17dc79C8
2025-06-10 23:56:50,946 - INFO - bot.services.blockchain - [Web3] [TX] func: <Function createProduct(string) bound to ('QmaJ1Mz3SsrWzwQ2ijPaxQeaowDLVrLHLSoEADUwSFyTrp',)>, args: ('QmaJ1Mz3SsrWzwQ2ijPaxQeaowDLVrLHLSoEADUwSFyTrp',), kwargs: {}
2025-06-10 23:56:50,950 - INFO - bot.services.blockchain - [Web3] [TX] txn (build_transaction): {'value': 0, 'chainId': 31337, 'from': '0x70997970C51812dc3A010C7d01b50e0d17dc79C8', 'nonce': 116, 'gas': 2000000, 'gasPrice': 1000000095, 'to': '0xDc64a140Aa3E981100a9becA4E685f962f0cF6C9', 'data': '0x02ec06be0000000000000000000000000000000000000000000000000000000000000020000000000000000000000000000000000000000000000000000000000000002e516d614a314d7a33537372577a775132696a5061785165616f77444c56724c484c536f4541445577534679547270000000000000000000000000000000000000'}
2025-06-10 23:56:50,954 - INFO - bot.services.blockchain - [Web3] [TX] signed_txn: SignedTransaction(raw_transaction=HexBytes('0xf8eb74843b9aca5f831e848094dc64a140aa3e981100a9beca4e685f962f0cf6c980b88402ec06be0000000000000000000000000000000000000000000000000000000000000020000000000000000000000000000000000000000000000000000000000000002e516d614a314d7a33537372577a775132696a5061785165616f77444c56724c484c536f454144557753467954727000000000000000000000000000000000000082f4f6a015581faddde70eb63c3e448df716f61538a6e9966c1f7dae306e237e1f322828a054f9498bec0634a3066e993b47aa9612af09cc883dec013efd43fd18dd365dec'), hash=HexBytes('0x56c93bd8533ac76e6b905a6b673e2bd321339c76baf6c405f1896d9acbdb1d45'), r=9654271003525683889359965663053712523630216548919109767668425770810840590376, s=38434731799896350441239959744349377908009753837046420843263906030878971026924, v=62710), type: <class 'eth_account.datastructures.SignedTransaction'>
2025-06-10 23:56:50,958 - INFO - bot.services.blockchain - [Web3] [TX] tx_hash: b'V\xc9;\xd8S:\xc7nk\x90Zkg>+\xd3!3\x9cv\xba\xf6\xc4\x05\xf1\x89m\x9a\xcb\xdb\x1dE', type: <class 'hexbytes.main.HexBytes'>
2025-06-10 23:56:50,958 - INFO - bot.services.blockchain - [Web3] Транзакция ProductRegistry.createProduct отправлена: 56c93bd8533ac76e6b905a6b673e2bd321339c76baf6c405f1896d9acbdb1d45
2025-06-10 23:56:50,960 - INFO - bot.services.blockchain - [Web3] Транзакция подтверждена: AttributeDict({'cumulativeGasUsed': 245958, 'logsBloom': HexBytes('0x00000000000000000002000000000000000000000000000000000000000000000000000000000000000000000000000000000000080000000000000000000000000000001000000000000000000000000000000000000000000000000000000000000800000000000000000000000000000000000000000000001000000000000008100000000000000000000000000200000000000000000000000000000000000000000000000000000000000000000000000000000000000000000000000000000000000000000000000000000000000000004020201000000000000000000000000000000000000000000000000001000001000000000100000000000000'), 'logs': [AttributeDict({'address': '0xDc64a140Aa3E981100a9becA4E685f962f0cF6C9', 'topics': [HexBytes('0x54dff03e1bcaf4f55dc6a58920c699950dcc592aca1a0e7a62d344d70863a6db')], 'data': HexBytes('0x00000000000000000000000000000000000000000000000000000000000000400000000000000000000000000000000000000000000000000000000000000080000000000000000000000000000000000000000000000000000000000000000d63726561746550726f647563740000000000000000000000000000000000000000000000000000000000000000000000000000000000000000000000000000057374617274000000000000000000000000000000000000000000000000000000'), 'transactionHash': HexBytes('0x56c93bd8533ac76e6b905a6b673e2bd321339c76baf6c405f1896d9acbdb1d45'), 'blockHash': HexBytes('0xea5b09c612fffd948d47db87f171c5bc4a224a6ad0e42be18eff112b08c87839'), 'blockNumber': 125, 'logIndex': 0, 'transactionIndex': 0, 'removed': False}), AttributeDict({'address': '0xDc64a140Aa3E981100a9becA4E685f962f0cF6C9', 'topics': [HexBytes('0x54dff03e1bcaf4f55dc6a58920c699950dcc592aca1a0e7a62d344d70863a6db')], 'data': HexBytes('0x00000000000000000000000000000000000000000000000000000000000000400000000000000000000000000000000000000000000000000000000000000080000000000000000000000000000000000000000000000000000000000000000d63726561746550726f6475637400000000000000000000000000000000000000000000000000000000000000000000000000000000000000000000000000001043494420636865636b2070617373656400000000000000000000000000000000'), 'transactionHash': HexBytes('0x56c93bd8533ac76e6b905a6b673e2bd321339c76baf6c405f1896d9acbdb1d45'), 'blockHash': HexBytes('0xea5b09c612fffd948d47db87f171c5bc4a224a6ad0e42be18eff112b08c87839'), 'blockNumber': 125, 'logIndex': 1, 'transactionIndex': 0, 'removed': False}), AttributeDict({'address': '0xDc64a140Aa3E981100a9becA4E685f962f0cF6C9', 'topics': [HexBytes('0x54dff03e1bcaf4f55dc6a58920c699950dcc592aca1a0e7a62d344d70863a6db')], 'data': HexBytes('0x00000000000000000000000000000000000000000000000000000000000000400000000000000000000000000000000000000000000000000000000000000080000000000000000000000000000000000000000000000000000000000000000d63726561746550726f6475637400000000000000000000000000000000000000000000000000000000000000000000000000000000000000000000000000000c49442067656e6572617465640000000000000000000000000000000000000000'), 'transactionHash': HexBytes('0x56c93bd8533ac76e6b905a6b673e2bd321339c76baf6c405f1896d9acbdb1d45'), 'blockHash': HexBytes('0xea5b09c612fffd948d47db87f171c5bc4a224a6ad0e42be18eff112b08c87839'), 'blockNumber': 125, 'logIndex': 2, 'transactionIndex': 0, 'removed': False}), AttributeDict({'address': '0xDc64a140Aa3E981100a9becA4E685f962f0cF6C9', 'topics': [HexBytes('0x54dff03e1bcaf4f55dc6a58920c699950dcc592aca1a0e7a62d344d70863a6db')], 'data': HexBytes('0x00000000000000000000000000000000000000000000000000000000000000400000000000000000000000000000000000000000000000000000000000000080000000000000000000000000000000000000000000000000000000000000000d63726561746550726f6475637400000000000000000000000000000000000000000000000000000000000000000000000000000000000000000000000000001670726f6475637420737472756374206372656174656400000000000000000000'), 'transactionHash': HexBytes('0x56c93bd8533ac76e6b905a6b673e2bd321339c76baf6c405f1896d9acbdb1d45'), 'blockHash': HexBytes('0xea5b09c612fffd948d47db87f171c5bc4a224a6ad0e42be18eff112b08c87839'), 'blockNumber': 125, 'logIndex': 3, 'transactionIndex': 0, 'removed': False}), AttributeDict({'address': '0xDc64a140Aa3E981100a9becA4E685f962f0cF6C9', 'topics': [HexBytes('0x54dff03e1bcaf4f55dc6a58920c699950dcc592aca1a0e7a62d344d70863a6db')], 'data': HexBytes('0x00000000000000000000000000000000000000000000000000000000000000400000000000000000000000000000000000000000000000000000000000000080000000000000000000000000000000000000000000000000000000000000000d63726561746550726f6475637400000000000000000000000000000000000000000000000000000000000000000000000000000000000000000000000000001870726f6475637420736176656420746f2073746f726167650000000000000000'), 'transactionHash': HexBytes('0x56c93bd8533ac76e6b905a6b673e2bd321339c76baf6c405f1896d9acbdb1d45'), 'blockHash': HexBytes('0xea5b09c612fffd948d47db87f171c5bc4a224a6ad0e42be18eff112b08c87839'), 'blockNumber': 125, 'logIndex': 4, 'transactionIndex': 0, 'removed': False}), AttributeDict({'address': '0xDc64a140Aa3E981100a9becA4E685f962f0cF6C9', 'topics': [HexBytes('0x54dff03e1bcaf4f55dc6a58920c699950dcc592aca1a0e7a62d344d70863a6db')], 'data': HexBytes('0x00000000000000000000000000000000000000000000000000000000000000400000000000000000000000000000000000000000000000000000000000000080000000000000000000000000000000000000000000000000000000000000000d63726561746550726f64756374000000000000000000000000000000000000000000000000000000000000000000000000000000000000000000000000000018616464656420746f206163746976652070726f64756374730000000000000000'), 'transactionHash': HexBytes('0x56c93bd8533ac76e6b905a6b673e2bd321339c76baf6c405f1896d9acbdb1d45'), 'blockHash': HexBytes('0xea5b09c612fffd948d47db87f171c5bc4a224a6ad0e42be18eff112b08c87839'), 'blockNumber': 125, 'logIndex': 5, 'transactionIndex': 0, 'removed': False}), AttributeDict({'address': '0xDc64a140Aa3E981100a9becA4E685f962f0cF6C9', 'topics': [HexBytes('0x54dff03e1bcaf4f55dc6a58920c699950dcc592aca1a0e7a62d344d70863a6db')], 'data': HexBytes('0x00000000000000000000000000000000000000000000000000000000000000400000000000000000000000000000000000000000000000000000000000000080000000000000000000000000000000000000000000000000000000000000000d63726561746550726f64756374000000000000000000000000000000000000000000000000000000000000000000000000000000000000000000000000000018616464656420746f2073656c6c65722070726f64756374730000000000000000'), 'transactionHash': HexBytes('0x56c93bd8533ac76e6b905a6b673e2bd321339c76baf6c405f1896d9acbdb1d45'), 'blockHash': HexBytes('0xea5b09c612fffd948d47db87f171c5bc4a224a6ad0e42be18eff112b08c87839'), 'blockNumber': 125, 'logIndex': 6, 'transactionIndex': 0, 'removed': False}), AttributeDict({'address': '0xDc64a140Aa3E981100a9becA4E685f962f0cF6C9', 'topics': [HexBytes('0x3ef789b574bb6db8362567213254e4ea8dfdc59a2f563cac1c3f68bee245c8ec'), HexBytes('0x00000000000000000000000070997970c51812dc3a010c7d01b50e0d17dc79c8')], 'data': HexBytes('0x000000000000000000000000000000000000000000000000000000000000006d00000000000000000000000000000000000000000000000000000000000000600000000000000000000000000000000000000000000000000000000000000001000000000000000000000000000000000000000000000000000000000000002e516d614a314d7a33537372577a775132696a5061785165616f77444c56724c484c536f4541445577534679547270000000000000000000000000000000000000'), 'transactionHash': HexBytes('0x56c93bd8533ac76e6b905a6b673e2bd321339c76baf6c405f1896d9acbdb1d45'), 'blockHash': HexBytes('0xea5b09c612fffd948d47db87f171c5bc4a224a6ad0e42be18eff112b08c87839'), 'blockNumber': 125, 'logIndex': 7, 'transactionIndex': 0, 'removed': False}), AttributeDict({'address': '0xDc64a140Aa3E981100a9becA4E685f962f0cF6C9', 'topics': [HexBytes('0x2c8dc80766467cf0b6779fd338b13f496b9aee65821a7de24dca64eaff04cda4'), HexBytes('0x00000000000000000000000070997970c51812dc3a010c7d01b50e0d17dc79c8')], 'data': HexBytes('0x000000000000000000000000000000000000000000000000000000000000006d'), 'transactionHash': HexBytes('0x56c93bd8533ac76e6b905a6b673e2bd321339c76baf6c405f1896d9acbdb1d45'), 'blockHash': HexBytes('0xea5b09c612fffd948d47db87f171c5bc4a224a6ad0e42be18eff112b08c87839'), 'blockNumber': 125, 'logIndex': 8, 'transactionIndex': 0, 'removed': False}), AttributeDict({'address': '0xDc64a140Aa3E981100a9becA4E685f962f0cF6C9', 'topics': [HexBytes('0x54dff03e1bcaf4f55dc6a58920c699950dcc592aca1a0e7a62d344d70863a6db')], 'data': HexBytes('0x00000000000000000000000000000000000000000000000000000000000000400000000000000000000000000000000000000000000000000000000000000080000000000000000000000000000000000000000000000000000000000000000d63726561746550726f6475637400000000000000000000000000000000000000000000000000000000000000000000000000000000000000000000000000001566696e6973686564207375636365737366756c6c790000000000000000000000'), 'transactionHash': HexBytes('0x56c93bd8533ac76e6b905a6b673e2bd321339c76baf6c405f1896d9acbdb1d45'), 'blockHash': HexBytes('0xea5b09c612fffd948d47db87f171c5bc4a224a6ad0e42be18eff112b08c87839'), 'blockNumber': 125, 'logIndex': 9, 'transactionIndex': 0, 'removed': False})], 'status': 1, 'type': 0, 'transactionHash': HexBytes('0x56c93bd8533ac76e6b905a6b673e2bd321339c76baf6c405f1896d9acbdb1d45'), 'transactionIndex': 0, 'from': '0x70997970C51812dc3A010C7d01b50e0d17dc79C8', 'to': '0xDc64a140Aa3E981100a9becA4E685f962f0cF6C9', 'contractAddress': None, 'gasUsed': 245958, 'effectiveGasPrice': 1000000095, 'blockHash': HexBytes('0xea5b09c612fffd948d47db87f171c5bc4a224a6ad0e42be18eff112b08c87839'), 'blockNumber': 125})
2025-06-10 23:56:50,962 - INFO - bot.services.product_registry - [ProductRegistry] Продукт успешно создан. Хэш транзакции: 56c93bd8533ac76e6b905a6b673e2bd321339c76baf6c405f1896d9acbdb1d45
2025-06-10 23:56:50,962 - INFO - __main__ - ✅ Продукт amanita_pantherina_powder успешно загружен в смарт контракт. TX: 56c93bd8533ac76e6b905a6b673e2bd321339c76baf6c405f1896d9acbdb1d45
2025-06-10 23:56:50,962 - INFO - bot.services.product_registry - [ProductRegistry] Создание продукта в смарт-контракте с CID: QmVer4ycsDwFA4um8ngosoASW8toPeSsTs9BfVXJciAU89
2025-06-10 23:56:50,962 - INFO - bot.services.blockchain - [BlockchainService] Создание продукта с CID: QmVer4ycsDwFA4um8ngosoASW8toPeSsTs9BfVXJciAU89
2025-06-10 23:56:50,965 - INFO - bot.services.blockchain - [Web3] [TX] account.address: 0x70997970C51812dc3A010C7d01b50e0d17dc79C8
2025-06-10 23:56:50,965 - INFO - bot.services.blockchain - [Web3] [TX] func: <Function createProduct(string) bound to ('QmVer4ycsDwFA4um8ngosoASW8toPeSsTs9BfVXJciAU89',)>, args: ('QmVer4ycsDwFA4um8ngosoASW8toPeSsTs9BfVXJciAU89',), kwargs: {}
2025-06-10 23:56:50,968 - INFO - bot.services.blockchain - [Web3] [TX] txn (build_transaction): {'value': 0, 'chainId': 31337, 'from': '0x70997970C51812dc3A010C7d01b50e0d17dc79C8', 'nonce': 117, 'gas': 2000000, 'gasPrice': 1000000084, 'to': '0xDc64a140Aa3E981100a9becA4E685f962f0cF6C9', 'data': '0x02ec06be0000000000000000000000000000000000000000000000000000000000000020000000000000000000000000000000000000000000000000000000000000002e516d566572347963734477464134756d386e676f736f41535738746f50655373547339426656584a636941553839000000000000000000000000000000000000'}
2025-06-10 23:56:50,972 - INFO - bot.services.blockchain - [Web3] [TX] signed_txn: SignedTransaction(raw_transaction=HexBytes('0xf8eb75843b9aca54831e848094dc64a140aa3e981100a9beca4e685f962f0cf6c980b88402ec06be0000000000000000000000000000000000000000000000000000000000000020000000000000000000000000000000000000000000000000000000000000002e516d566572347963734477464134756d386e676f736f41535738746f50655373547339426656584a63694155383900000000000000000000000000000000000082f4f6a0c5a3d2839853d540b3b69d585b204a7d7f083f061836625713b38791f1a5afeca0465f764f54eb258efe3a7922a7117084b06427f21e9bb3b1860403bfdc4d8c8e'), hash=HexBytes('0xb58f1f061112e7cb3e859e90ff94f1b23ec3ce382346079902a80aa9857cd95a'), r=89395080156990149807525715318955977162956652521900357535969332249958528954348, s=31830566416830267936061736597454375080272492227438692159111566556876059282574, v=62710), type: <class 'eth_account.datastructures.SignedTransaction'>
2025-06-10 23:56:50,976 - INFO - bot.services.blockchain - [Web3] [TX] tx_hash: b'\xb5\x8f\x1f\x06\x11\x12\xe7\xcb>\x85\x9e\x90\xff\x94\xf1\xb2>\xc3\xce8#F\x07\x99\x02\xa8\n\xa9\x85|\xd9Z', type: <class 'hexbytes.main.HexBytes'>
2025-06-10 23:56:50,976 - INFO - bot.services.blockchain - [Web3] Транзакция ProductRegistry.createProduct отправлена: b58f1f061112e7cb3e859e90ff94f1b23ec3ce382346079902a80aa9857cd95a
2025-06-10 23:56:50,978 - INFO - bot.services.blockchain - [Web3] Транзакция подтверждена: AttributeDict({'cumulativeGasUsed': 245958, 'logsBloom': HexBytes('0x00000000000000000002000000000000000000000000000000000000000000000000000000000000000000000000000000000000080000000000000000000000000000001000000000000000000000000000000000000000000000000000000000000800000000000000000000000000000000000000000000001000000000000008100000000000000000000000000200000000000000000000000000000000000000000000000000000000000000000000000000000000000000000000000000000000000000000000000000000000000000004020201000000000000000000000000000000000000000000000000001000001000000000100000000000000'), 'logs': [AttributeDict({'address': '0xDc64a140Aa3E981100a9becA4E685f962f0cF6C9', 'topics': [HexBytes('0x54dff03e1bcaf4f55dc6a58920c699950dcc592aca1a0e7a62d344d70863a6db')], 'data': HexBytes('0x00000000000000000000000000000000000000000000000000000000000000400000000000000000000000000000000000000000000000000000000000000080000000000000000000000000000000000000000000000000000000000000000d63726561746550726f647563740000000000000000000000000000000000000000000000000000000000000000000000000000000000000000000000000000057374617274000000000000000000000000000000000000000000000000000000'), 'transactionHash': HexBytes('0xb58f1f061112e7cb3e859e90ff94f1b23ec3ce382346079902a80aa9857cd95a'), 'blockHash': HexBytes('0xb5aaa03dd9e8850042c9e8f4336653dfd14b1dce7ab801c4b9558eaa141eac97'), 'blockNumber': 126, 'logIndex': 0, 'transactionIndex': 0, 'removed': False}), AttributeDict({'address': '0xDc64a140Aa3E981100a9becA4E685f962f0cF6C9', 'topics': [HexBytes('0x54dff03e1bcaf4f55dc6a58920c699950dcc592aca1a0e7a62d344d70863a6db')], 'data': HexBytes('0x00000000000000000000000000000000000000000000000000000000000000400000000000000000000000000000000000000000000000000000000000000080000000000000000000000000000000000000000000000000000000000000000d63726561746550726f6475637400000000000000000000000000000000000000000000000000000000000000000000000000000000000000000000000000001043494420636865636b2070617373656400000000000000000000000000000000'), 'transactionHash': HexBytes('0xb58f1f061112e7cb3e859e90ff94f1b23ec3ce382346079902a80aa9857cd95a'), 'blockHash': HexBytes('0xb5aaa03dd9e8850042c9e8f4336653dfd14b1dce7ab801c4b9558eaa141eac97'), 'blockNumber': 126, 'logIndex': 1, 'transactionIndex': 0, 'removed': False}), AttributeDict({'address': '0xDc64a140Aa3E981100a9becA4E685f962f0cF6C9', 'topics': [HexBytes('0x54dff03e1bcaf4f55dc6a58920c699950dcc592aca1a0e7a62d344d70863a6db')], 'data': HexBytes('0x00000000000000000000000000000000000000000000000000000000000000400000000000000000000000000000000000000000000000000000000000000080000000000000000000000000000000000000000000000000000000000000000d63726561746550726f6475637400000000000000000000000000000000000000000000000000000000000000000000000000000000000000000000000000000c49442067656e6572617465640000000000000000000000000000000000000000'), 'transactionHash': HexBytes('0xb58f1f061112e7cb3e859e90ff94f1b23ec3ce382346079902a80aa9857cd95a'), 'blockHash': HexBytes('0xb5aaa03dd9e8850042c9e8f4336653dfd14b1dce7ab801c4b9558eaa141eac97'), 'blockNumber': 126, 'logIndex': 2, 'transactionIndex': 0, 'removed': False}), AttributeDict({'address': '0xDc64a140Aa3E981100a9becA4E685f962f0cF6C9', 'topics': [HexBytes('0x54dff03e1bcaf4f55dc6a58920c699950dcc592aca1a0e7a62d344d70863a6db')], 'data': HexBytes('0x00000000000000000000000000000000000000000000000000000000000000400000000000000000000000000000000000000000000000000000000000000080000000000000000000000000000000000000000000000000000000000000000d63726561746550726f6475637400000000000000000000000000000000000000000000000000000000000000000000000000000000000000000000000000001670726f6475637420737472756374206372656174656400000000000000000000'), 'transactionHash': HexBytes('0xb58f1f061112e7cb3e859e90ff94f1b23ec3ce382346079902a80aa9857cd95a'), 'blockHash': HexBytes('0xb5aaa03dd9e8850042c9e8f4336653dfd14b1dce7ab801c4b9558eaa141eac97'), 'blockNumber': 126, 'logIndex': 3, 'transactionIndex': 0, 'removed': False}), AttributeDict({'address': '0xDc64a140Aa3E981100a9becA4E685f962f0cF6C9', 'topics': [HexBytes('0x54dff03e1bcaf4f55dc6a58920c699950dcc592aca1a0e7a62d344d70863a6db')], 'data': HexBytes('0x00000000000000000000000000000000000000000000000000000000000000400000000000000000000000000000000000000000000000000000000000000080000000000000000000000000000000000000000000000000000000000000000d63726561746550726f6475637400000000000000000000000000000000000000000000000000000000000000000000000000000000000000000000000000001870726f6475637420736176656420746f2073746f726167650000000000000000'), 'transactionHash': HexBytes('0xb58f1f061112e7cb3e859e90ff94f1b23ec3ce382346079902a80aa9857cd95a'), 'blockHash': HexBytes('0xb5aaa03dd9e8850042c9e8f4336653dfd14b1dce7ab801c4b9558eaa141eac97'), 'blockNumber': 126, 'logIndex': 4, 'transactionIndex': 0, 'removed': False}), AttributeDict({'address': '0xDc64a140Aa3E981100a9becA4E685f962f0cF6C9', 'topics': [HexBytes('0x54dff03e1bcaf4f55dc6a58920c699950dcc592aca1a0e7a62d344d70863a6db')], 'data': HexBytes('0x00000000000000000000000000000000000000000000000000000000000000400000000000000000000000000000000000000000000000000000000000000080000000000000000000000000000000000000000000000000000000000000000d63726561746550726f64756374000000000000000000000000000000000000000000000000000000000000000000000000000000000000000000000000000018616464656420746f206163746976652070726f64756374730000000000000000'), 'transactionHash': HexBytes('0xb58f1f061112e7cb3e859e90ff94f1b23ec3ce382346079902a80aa9857cd95a'), 'blockHash': HexBytes('0xb5aaa03dd9e8850042c9e8f4336653dfd14b1dce7ab801c4b9558eaa141eac97'), 'blockNumber': 126, 'logIndex': 5, 'transactionIndex': 0, 'removed': False}), AttributeDict({'address': '0xDc64a140Aa3E981100a9becA4E685f962f0cF6C9', 'topics': [HexBytes('0x54dff03e1bcaf4f55dc6a58920c699950dcc592aca1a0e7a62d344d70863a6db')], 'data': HexBytes('0x00000000000000000000000000000000000000000000000000000000000000400000000000000000000000000000000000000000000000000000000000000080000000000000000000000000000000000000000000000000000000000000000d63726561746550726f64756374000000000000000000000000000000000000000000000000000000000000000000000000000000000000000000000000000018616464656420746f2073656c6c65722070726f64756374730000000000000000'), 'transactionHash': HexBytes('0xb58f1f061112e7cb3e859e90ff94f1b23ec3ce382346079902a80aa9857cd95a'), 'blockHash': HexBytes('0xb5aaa03dd9e8850042c9e8f4336653dfd14b1dce7ab801c4b9558eaa141eac97'), 'blockNumber': 126, 'logIndex': 6, 'transactionIndex': 0, 'removed': False}), AttributeDict({'address': '0xDc64a140Aa3E981100a9becA4E685f962f0cF6C9', 'topics': [HexBytes('0x3ef789b574bb6db8362567213254e4ea8dfdc59a2f563cac1c3f68bee245c8ec'), HexBytes('0x00000000000000000000000070997970c51812dc3a010c7d01b50e0d17dc79c8')], 'data': HexBytes('0x000000000000000000000000000000000000000000000000000000000000006e00000000000000000000000000000000000000000000000000000000000000600000000000000000000000000000000000000000000000000000000000000001000000000000000000000000000000000000000000000000000000000000002e516d566572347963734477464134756d386e676f736f41535738746f50655373547339426656584a636941553839000000000000000000000000000000000000'), 'transactionHash': HexBytes('0xb58f1f061112e7cb3e859e90ff94f1b23ec3ce382346079902a80aa9857cd95a'), 'blockHash': HexBytes('0xb5aaa03dd9e8850042c9e8f4336653dfd14b1dce7ab801c4b9558eaa141eac97'), 'blockNumber': 126, 'logIndex': 7, 'transactionIndex': 0, 'removed': False}), AttributeDict({'address': '0xDc64a140Aa3E981100a9becA4E685f962f0cF6C9', 'topics': [HexBytes('0x2c8dc80766467cf0b6779fd338b13f496b9aee65821a7de24dca64eaff04cda4'), HexBytes('0x00000000000000000000000070997970c51812dc3a010c7d01b50e0d17dc79c8')], 'data': HexBytes('0x000000000000000000000000000000000000000000000000000000000000006e'), 'transactionHash': HexBytes('0xb58f1f061112e7cb3e859e90ff94f1b23ec3ce382346079902a80aa9857cd95a'), 'blockHash': HexBytes('0xb5aaa03dd9e8850042c9e8f4336653dfd14b1dce7ab801c4b9558eaa141eac97'), 'blockNumber': 126, 'logIndex': 8, 'transactionIndex': 0, 'removed': False}), AttributeDict({'address': '0xDc64a140Aa3E981100a9becA4E685f962f0cF6C9', 'topics': [HexBytes('0x54dff03e1bcaf4f55dc6a58920c699950dcc592aca1a0e7a62d344d70863a6db')], 'data': HexBytes('0x00000000000000000000000000000000000000000000000000000000000000400000000000000000000000000000000000000000000000000000000000000080000000000000000000000000000000000000000000000000000000000000000d63726561746550726f6475637400000000000000000000000000000000000000000000000000000000000000000000000000000000000000000000000000001566696e6973686564207375636365737366756c6c790000000000000000000000'), 'transactionHash': HexBytes('0xb58f1f061112e7cb3e859e90ff94f1b23ec3ce382346079902a80aa9857cd95a'), 'blockHash': HexBytes('0xb5aaa03dd9e8850042c9e8f4336653dfd14b1dce7ab801c4b9558eaa141eac97'), 'blockNumber': 126, 'logIndex': 9, 'transactionIndex': 0, 'removed': False})], 'status': 1, 'type': 0, 'transactionHash': HexBytes('0xb58f1f061112e7cb3e859e90ff94f1b23ec3ce382346079902a80aa9857cd95a'), 'transactionIndex': 0, 'from': '0x70997970C51812dc3A010C7d01b50e0d17dc79C8', 'to': '0xDc64a140Aa3E981100a9becA4E685f962f0cF6C9', 'contractAddress': None, 'gasUsed': 245958, 'effectiveGasPrice': 1000000084, 'blockHash': HexBytes('0xb5aaa03dd9e8850042c9e8f4336653dfd14b1dce7ab801c4b9558eaa141eac97'), 'blockNumber': 126})
2025-06-10 23:56:50,980 - INFO - bot.services.product_registry - [ProductRegistry] Продукт успешно создан. Хэш транзакции: b58f1f061112e7cb3e859e90ff94f1b23ec3ce382346079902a80aa9857cd95a
2025-06-10 23:56:50,980 - INFO - __main__ - ✅ Продукт amanita_tincture успешно загружен в смарт контракт. TX: b58f1f061112e7cb3e859e90ff94f1b23ec3ce382346079902a80aa9857cd95a
2025-06-10 23:56:50,980 - INFO - bot.services.product_registry - [ProductRegistry] Создание продукта в смарт-контракте с CID: QmRiYSSFi9feAMuHrHANsSVupLx6e1jGUS7VZ33Xz6pDqr
2025-06-10 23:56:50,980 - INFO - bot.services.blockchain - [BlockchainService] Создание продукта с CID: QmRiYSSFi9feAMuHrHANsSVupLx6e1jGUS7VZ33Xz6pDqr
2025-06-10 23:56:50,982 - INFO - bot.services.blockchain - [Web3] [TX] account.address: 0x70997970C51812dc3A010C7d01b50e0d17dc79C8
2025-06-10 23:56:50,982 - INFO - bot.services.blockchain - [Web3] [TX] func: <Function createProduct(string) bound to ('QmRiYSSFi9feAMuHrHANsSVupLx6e1jGUS7VZ33Xz6pDqr',)>, args: ('QmRiYSSFi9feAMuHrHANsSVupLx6e1jGUS7VZ33Xz6pDqr',), kwargs: {}
2025-06-10 23:56:50,985 - INFO - bot.services.blockchain - [Web3] [TX] txn (build_transaction): {'value': 0, 'chainId': 31337, 'from': '0x70997970C51812dc3A010C7d01b50e0d17dc79C8', 'nonce': 118, 'gas': 2000000, 'gasPrice': 1000000074, 'to': '0xDc64a140Aa3E981100a9becA4E685f962f0cF6C9', 'data': '0x02ec06be0000000000000000000000000000000000000000000000000000000000000020000000000000000000000000000000000000000000000000000000000000002e516d52695953534669396665414d75487248414e73535675704c783665316a47555337565a3333587a3670447172000000000000000000000000000000000000'}
2025-06-10 23:56:50,989 - INFO - bot.services.blockchain - [Web3] [TX] signed_txn: SignedTransaction(raw_transaction=HexBytes('0xf8eb76843b9aca4a831e848094dc64a140aa3e981100a9beca4e685f962f0cf6c980b88402ec06be0000000000000000000000000000000000000000000000000000000000000020000000000000000000000000000000000000000000000000000000000000002e516d52695953534669396665414d75487248414e73535675704c783665316a47555337565a3333587a367044717200000000000000000000000000000000000082f4f6a0c28ee6644e3d5cf3e0d31cd9f9bffe1f4fe601b7a2a8b3617f3ae1bf9d4ddd2ca0187fe7ed319a73a97318c42f4ff177cc2cf2f7208183a22b2ed88a499396c7ff'), hash=HexBytes('0xaa132e0d22a26049f8e30977d0578828695392841eb17bf7f0c643948b47a708'), r=88001175014246240527755891861224803476928018716983839000013553138013093879084, s=11081498641362556944497002976854950902134940817423246939107085432881231087615, v=62710), type: <class 'eth_account.datastructures.SignedTransaction'>
2025-06-10 23:56:50,995 - INFO - bot.services.blockchain - [Web3] [TX] tx_hash: b'\xaa\x13.\r"\xa2`I\xf8\xe3\tw\xd0W\x88(iS\x92\x84\x1e\xb1{\xf7\xf0\xc6C\x94\x8bG\xa7\x08', type: <class 'hexbytes.main.HexBytes'>
2025-06-10 23:56:50,995 - INFO - bot.services.blockchain - [Web3] Транзакция ProductRegistry.createProduct отправлена: aa132e0d22a26049f8e30977d0578828695392841eb17bf7f0c643948b47a708
2025-06-10 23:56:51,000 - INFO - bot.services.blockchain - [Web3] Транзакция подтверждена: AttributeDict({'cumulativeGasUsed': 245958, 'logsBloom': HexBytes('0x00000000000000000002000000000000000000000000000000000000000000000000000000000000000000000000000000000000080000000000000000000000000000001000000000000000000000000000000000000000000000000000000000000800000000000000000000000000000000000000000000001000000000000008100000000000000000000000000200000000000000000000000000000000000000000000000000000000000000000000000000000000000000000000000000000000000000000000000000000000000000004020201000000000000000000000000000000000000000000000000001000001000000000100000000000000'), 'logs': [AttributeDict({'address': '0xDc64a140Aa3E981100a9becA4E685f962f0cF6C9', 'topics': [HexBytes('0x54dff03e1bcaf4f55dc6a58920c699950dcc592aca1a0e7a62d344d70863a6db')], 'data': HexBytes('0x00000000000000000000000000000000000000000000000000000000000000400000000000000000000000000000000000000000000000000000000000000080000000000000000000000000000000000000000000000000000000000000000d63726561746550726f647563740000000000000000000000000000000000000000000000000000000000000000000000000000000000000000000000000000057374617274000000000000000000000000000000000000000000000000000000'), 'transactionHash': HexBytes('0xaa132e0d22a26049f8e30977d0578828695392841eb17bf7f0c643948b47a708'), 'blockHash': HexBytes('0x9fbbe2c6de0f5e642fbdf135776c1817c6e7166111fa262b05ca89564519eb65'), 'blockNumber': 127, 'logIndex': 0, 'transactionIndex': 0, 'removed': False}), AttributeDict({'address': '0xDc64a140Aa3E981100a9becA4E685f962f0cF6C9', 'topics': [HexBytes('0x54dff03e1bcaf4f55dc6a58920c699950dcc592aca1a0e7a62d344d70863a6db')], 'data': HexBytes('0x00000000000000000000000000000000000000000000000000000000000000400000000000000000000000000000000000000000000000000000000000000080000000000000000000000000000000000000000000000000000000000000000d63726561746550726f6475637400000000000000000000000000000000000000000000000000000000000000000000000000000000000000000000000000001043494420636865636b2070617373656400000000000000000000000000000000'), 'transactionHash': HexBytes('0xaa132e0d22a26049f8e30977d0578828695392841eb17bf7f0c643948b47a708'), 'blockHash': HexBytes('0x9fbbe2c6de0f5e642fbdf135776c1817c6e7166111fa262b05ca89564519eb65'), 'blockNumber': 127, 'logIndex': 1, 'transactionIndex': 0, 'removed': False}), AttributeDict({'address': '0xDc64a140Aa3E981100a9becA4E685f962f0cF6C9', 'topics': [HexBytes('0x54dff03e1bcaf4f55dc6a58920c699950dcc592aca1a0e7a62d344d70863a6db')], 'data': HexBytes('0x00000000000000000000000000000000000000000000000000000000000000400000000000000000000000000000000000000000000000000000000000000080000000000000000000000000000000000000000000000000000000000000000d63726561746550726f6475637400000000000000000000000000000000000000000000000000000000000000000000000000000000000000000000000000000c49442067656e6572617465640000000000000000000000000000000000000000'), 'transactionHash': HexBytes('0xaa132e0d22a26049f8e30977d0578828695392841eb17bf7f0c643948b47a708'), 'blockHash': HexBytes('0x9fbbe2c6de0f5e642fbdf135776c1817c6e7166111fa262b05ca89564519eb65'), 'blockNumber': 127, 'logIndex': 2, 'transactionIndex': 0, 'removed': False}), AttributeDict({'address': '0xDc64a140Aa3E981100a9becA4E685f962f0cF6C9', 'topics': [HexBytes('0x54dff03e1bcaf4f55dc6a58920c699950dcc592aca1a0e7a62d344d70863a6db')], 'data': HexBytes('0x00000000000000000000000000000000000000000000000000000000000000400000000000000000000000000000000000000000000000000000000000000080000000000000000000000000000000000000000000000000000000000000000d63726561746550726f6475637400000000000000000000000000000000000000000000000000000000000000000000000000000000000000000000000000001670726f6475637420737472756374206372656174656400000000000000000000'), 'transactionHash': HexBytes('0xaa132e0d22a26049f8e30977d0578828695392841eb17bf7f0c643948b47a708'), 'blockHash': HexBytes('0x9fbbe2c6de0f5e642fbdf135776c1817c6e7166111fa262b05ca89564519eb65'), 'blockNumber': 127, 'logIndex': 3, 'transactionIndex': 0, 'removed': False}), AttributeDict({'address': '0xDc64a140Aa3E981100a9becA4E685f962f0cF6C9', 'topics': [HexBytes('0x54dff03e1bcaf4f55dc6a58920c699950dcc592aca1a0e7a62d344d70863a6db')], 'data': HexBytes('0x00000000000000000000000000000000000000000000000000000000000000400000000000000000000000000000000000000000000000000000000000000080000000000000000000000000000000000000000000000000000000000000000d63726561746550726f6475637400000000000000000000000000000000000000000000000000000000000000000000000000000000000000000000000000001870726f6475637420736176656420746f2073746f726167650000000000000000'), 'transactionHash': HexBytes('0xaa132e0d22a26049f8e30977d0578828695392841eb17bf7f0c643948b47a708'), 'blockHash': HexBytes('0x9fbbe2c6de0f5e642fbdf135776c1817c6e7166111fa262b05ca89564519eb65'), 'blockNumber': 127, 'logIndex': 4, 'transactionIndex': 0, 'removed': False}), AttributeDict({'address': '0xDc64a140Aa3E981100a9becA4E685f962f0cF6C9', 'topics': [HexBytes('0x54dff03e1bcaf4f55dc6a58920c699950dcc592aca1a0e7a62d344d70863a6db')], 'data': HexBytes('0x00000000000000000000000000000000000000000000000000000000000000400000000000000000000000000000000000000000000000000000000000000080000000000000000000000000000000000000000000000000000000000000000d63726561746550726f64756374000000000000000000000000000000000000000000000000000000000000000000000000000000000000000000000000000018616464656420746f206163746976652070726f64756374730000000000000000'), 'transactionHash': HexBytes('0xaa132e0d22a26049f8e30977d0578828695392841eb17bf7f0c643948b47a708'), 'blockHash': HexBytes('0x9fbbe2c6de0f5e642fbdf135776c1817c6e7166111fa262b05ca89564519eb65'), 'blockNumber': 127, 'logIndex': 5, 'transactionIndex': 0, 'removed': False}), AttributeDict({'address': '0xDc64a140Aa3E981100a9becA4E685f962f0cF6C9', 'topics': [HexBytes('0x54dff03e1bcaf4f55dc6a58920c699950dcc592aca1a0e7a62d344d70863a6db')], 'data': HexBytes('0x00000000000000000000000000000000000000000000000000000000000000400000000000000000000000000000000000000000000000000000000000000080000000000000000000000000000000000000000000000000000000000000000d63726561746550726f64756374000000000000000000000000000000000000000000000000000000000000000000000000000000000000000000000000000018616464656420746f2073656c6c65722070726f64756374730000000000000000'), 'transactionHash': HexBytes('0xaa132e0d22a26049f8e30977d0578828695392841eb17bf7f0c643948b47a708'), 'blockHash': HexBytes('0x9fbbe2c6de0f5e642fbdf135776c1817c6e7166111fa262b05ca89564519eb65'), 'blockNumber': 127, 'logIndex': 6, 'transactionIndex': 0, 'removed': False}), AttributeDict({'address': '0xDc64a140Aa3E981100a9becA4E685f962f0cF6C9', 'topics': [HexBytes('0x3ef789b574bb6db8362567213254e4ea8dfdc59a2f563cac1c3f68bee245c8ec'), HexBytes('0x00000000000000000000000070997970c51812dc3a010c7d01b50e0d17dc79c8')], 'data': HexBytes('0x000000000000000000000000000000000000000000000000000000000000006f00000000000000000000000000000000000000000000000000000000000000600000000000000000000000000000000000000000000000000000000000000001000000000000000000000000000000000000000000000000000000000000002e516d52695953534669396665414d75487248414e73535675704c783665316a47555337565a3333587a3670447172000000000000000000000000000000000000'), 'transactionHash': HexBytes('0xaa132e0d22a26049f8e30977d0578828695392841eb17bf7f0c643948b47a708'), 'blockHash': HexBytes('0x9fbbe2c6de0f5e642fbdf135776c1817c6e7166111fa262b05ca89564519eb65'), 'blockNumber': 127, 'logIndex': 7, 'transactionIndex': 0, 'removed': False}), AttributeDict({'address': '0xDc64a140Aa3E981100a9becA4E685f962f0cF6C9', 'topics': [HexBytes('0x2c8dc80766467cf0b6779fd338b13f496b9aee65821a7de24dca64eaff04cda4'), HexBytes('0x00000000000000000000000070997970c51812dc3a010c7d01b50e0d17dc79c8')], 'data': HexBytes('0x000000000000000000000000000000000000000000000000000000000000006f'), 'transactionHash': HexBytes('0xaa132e0d22a26049f8e30977d0578828695392841eb17bf7f0c643948b47a708'), 'blockHash': HexBytes('0x9fbbe2c6de0f5e642fbdf135776c1817c6e7166111fa262b05ca89564519eb65'), 'blockNumber': 127, 'logIndex': 8, 'transactionIndex': 0, 'removed': False}), AttributeDict({'address': '0xDc64a140Aa3E981100a9becA4E685f962f0cF6C9', 'topics': [HexBytes('0x54dff03e1bcaf4f55dc6a58920c699950dcc592aca1a0e7a62d344d70863a6db')], 'data': HexBytes('0x00000000000000000000000000000000000000000000000000000000000000400000000000000000000000000000000000000000000000000000000000000080000000000000000000000000000000000000000000000000000000000000000d63726561746550726f6475637400000000000000000000000000000000000000000000000000000000000000000000000000000000000000000000000000001566696e6973686564207375636365737366756c6c790000000000000000000000'), 'transactionHash': HexBytes('0xaa132e0d22a26049f8e30977d0578828695392841eb17bf7f0c643948b47a708'), 'blockHash': HexBytes('0x9fbbe2c6de0f5e642fbdf135776c1817c6e7166111fa262b05ca89564519eb65'), 'blockNumber': 127, 'logIndex': 9, 'transactionIndex': 0, 'removed': False})], 'status': 1, 'type': 0, 'transactionHash': HexBytes('0xaa132e0d22a26049f8e30977d0578828695392841eb17bf7f0c643948b47a708'), 'transactionIndex': 0, 'from': '0x70997970C51812dc3A010C7d01b50e0d17dc79C8', 'to': '0xDc64a140Aa3E981100a9becA4E685f962f0cF6C9', 'contractAddress': None, 'gasUsed': 245958, 'effectiveGasPrice': 1000000074, 'blockHash': HexBytes('0x9fbbe2c6de0f5e642fbdf135776c1817c6e7166111fa262b05ca89564519eb65'), 'blockNumber': 127})
2025-06-10 23:56:51,005 - INFO - bot.services.product_registry - [ProductRegistry] Продукт успешно создан. Хэш транзакции: aa132e0d22a26049f8e30977d0578828695392841eb17bf7f0c643948b47a708
2025-06-10 23:56:51,005 - INFO - __main__ - ✅ Продукт blue_lotus_tincture успешно загружен в смарт контракт. TX: aa132e0d22a26049f8e30977d0578828695392841eb17bf7f0c643948b47a708
2025-06-10 23:56:51,005 - INFO - bot.services.product_registry - [ProductRegistry] Создание продукта в смарт-контракте с CID: QmNeu4EnHW9c5so7EUrkwnXWVDyjXQwRcZMoaT4uNLFE6Z
2025-06-10 23:56:51,005 - INFO - bot.services.blockchain - [BlockchainService] Создание продукта с CID: QmNeu4EnHW9c5so7EUrkwnXWVDyjXQwRcZMoaT4uNLFE6Z
2025-06-10 23:56:51,008 - INFO - bot.services.blockchain - [Web3] [TX] account.address: 0x70997970C51812dc3A010C7d01b50e0d17dc79C8
2025-06-10 23:56:51,008 - INFO - bot.services.blockchain - [Web3] [TX] func: <Function createProduct(string) bound to ('QmNeu4EnHW9c5so7EUrkwnXWVDyjXQwRcZMoaT4uNLFE6Z',)>, args: ('QmNeu4EnHW9c5so7EUrkwnXWVDyjXQwRcZMoaT4uNLFE6Z',), kwargs: {}
2025-06-10 23:56:51,013 - INFO - bot.services.blockchain - [Web3] [TX] txn (build_transaction): {'value': 0, 'chainId': 31337, 'from': '0x70997970C51812dc3A010C7d01b50e0d17dc79C8', 'nonce': 119, 'gas': 2000000, 'gasPrice': 1000000065, 'to': '0xDc64a140Aa3E981100a9becA4E685f962f0cF6C9', 'data': '0x02ec06be0000000000000000000000000000000000000000000000000000000000000020000000000000000000000000000000000000000000000000000000000000002e516d4e657534456e4857396335736f374555726b776e58575644796a58517752635a4d6f615434754e4c4645365a000000000000000000000000000000000000'}
2025-06-10 23:56:51,020 - INFO - bot.services.blockchain - [Web3] [TX] signed_txn: SignedTransaction(raw_transaction=HexBytes('0xf8eb77843b9aca41831e848094dc64a140aa3e981100a9beca4e685f962f0cf6c980b88402ec06be0000000000000000000000000000000000000000000000000000000000000020000000000000000000000000000000000000000000000000000000000000002e516d4e657534456e4857396335736f374555726b776e58575644796a58517752635a4d6f615434754e4c4645365a00000000000000000000000000000000000082f4f6a03208e0008721dbe7fc9ed3279d7fc5ffc1da6bc40ddc80b6299bef9bb6e48469a00c4fdeaafe576dfbcf1a632da2ce1728fd66c0758256ad7dba99e0c9d9b93136'), hash=HexBytes('0x57696e81dd534a3ed283dfe48f08b9d9d8717829765838863946fbdd87a759e7'), r=22631323211094315743080807938696244218380899596141284993645704788108906890345, s=5568871898781898488099320142316135582871109578449252294457008729583179608374, v=62710), type: <class 'eth_account.datastructures.SignedTransaction'>
2025-06-10 23:56:51,024 - INFO - bot.services.blockchain - [Web3] [TX] tx_hash: b'Win\x81\xddSJ>\xd2\x83\xdf\xe4\x8f\x08\xb9\xd9\xd8qx)vX8\x869F\xfb\xdd\x87\xa7Y\xe7', type: <class 'hexbytes.main.HexBytes'>
2025-06-10 23:56:51,024 - INFO - bot.services.blockchain - [Web3] Транзакция ProductRegistry.createProduct отправлена: 57696e81dd534a3ed283dfe48f08b9d9d8717829765838863946fbdd87a759e7
2025-06-10 23:56:51,027 - INFO - bot.services.blockchain - [Web3] Транзакция подтверждена: AttributeDict({'cumulativeGasUsed': 245958, 'logsBloom': HexBytes('0x00000000000000000002000000000000000000000000000000000000000000000000000000000000000000000000000000000000080000000000000000000000000000001000000000000000000000000000000000000000000000000000000000000800000000000000000000000000000000000000000000001000000000000008100000000000000000000000000200000000000000000000000000000000000000000000000000000000000000000000000000000000000000000000000000000000000000000000000000000000000000004020201000000000000000000000000000000000000000000000000001000001000000000100000000000000'), 'logs': [AttributeDict({'address': '0xDc64a140Aa3E981100a9becA4E685f962f0cF6C9', 'topics': [HexBytes('0x54dff03e1bcaf4f55dc6a58920c699950dcc592aca1a0e7a62d344d70863a6db')], 'data': HexBytes('0x00000000000000000000000000000000000000000000000000000000000000400000000000000000000000000000000000000000000000000000000000000080000000000000000000000000000000000000000000000000000000000000000d63726561746550726f647563740000000000000000000000000000000000000000000000000000000000000000000000000000000000000000000000000000057374617274000000000000000000000000000000000000000000000000000000'), 'transactionHash': HexBytes('0x57696e81dd534a3ed283dfe48f08b9d9d8717829765838863946fbdd87a759e7'), 'blockHash': HexBytes('0xe0188178adbeab0d0d78edc7a3b0e69537a3dabad53f4fc07e461941883fb468'), 'blockNumber': 128, 'logIndex': 0, 'transactionIndex': 0, 'removed': False}), AttributeDict({'address': '0xDc64a140Aa3E981100a9becA4E685f962f0cF6C9', 'topics': [HexBytes('0x54dff03e1bcaf4f55dc6a58920c699950dcc592aca1a0e7a62d344d70863a6db')], 'data': HexBytes('0x00000000000000000000000000000000000000000000000000000000000000400000000000000000000000000000000000000000000000000000000000000080000000000000000000000000000000000000000000000000000000000000000d63726561746550726f6475637400000000000000000000000000000000000000000000000000000000000000000000000000000000000000000000000000001043494420636865636b2070617373656400000000000000000000000000000000'), 'transactionHash': HexBytes('0x57696e81dd534a3ed283dfe48f08b9d9d8717829765838863946fbdd87a759e7'), 'blockHash': HexBytes('0xe0188178adbeab0d0d78edc7a3b0e69537a3dabad53f4fc07e461941883fb468'), 'blockNumber': 128, 'logIndex': 1, 'transactionIndex': 0, 'removed': False}), AttributeDict({'address': '0xDc64a140Aa3E981100a9becA4E685f962f0cF6C9', 'topics': [HexBytes('0x54dff03e1bcaf4f55dc6a58920c699950dcc592aca1a0e7a62d344d70863a6db')], 'data': HexBytes('0x00000000000000000000000000000000000000000000000000000000000000400000000000000000000000000000000000000000000000000000000000000080000000000000000000000000000000000000000000000000000000000000000d63726561746550726f6475637400000000000000000000000000000000000000000000000000000000000000000000000000000000000000000000000000000c49442067656e6572617465640000000000000000000000000000000000000000'), 'transactionHash': HexBytes('0x57696e81dd534a3ed283dfe48f08b9d9d8717829765838863946fbdd87a759e7'), 'blockHash': HexBytes('0xe0188178adbeab0d0d78edc7a3b0e69537a3dabad53f4fc07e461941883fb468'), 'blockNumber': 128, 'logIndex': 2, 'transactionIndex': 0, 'removed': False}), AttributeDict({'address': '0xDc64a140Aa3E981100a9becA4E685f962f0cF6C9', 'topics': [HexBytes('0x54dff03e1bcaf4f55dc6a58920c699950dcc592aca1a0e7a62d344d70863a6db')], 'data': HexBytes('0x00000000000000000000000000000000000000000000000000000000000000400000000000000000000000000000000000000000000000000000000000000080000000000000000000000000000000000000000000000000000000000000000d63726561746550726f6475637400000000000000000000000000000000000000000000000000000000000000000000000000000000000000000000000000001670726f6475637420737472756374206372656174656400000000000000000000'), 'transactionHash': HexBytes('0x57696e81dd534a3ed283dfe48f08b9d9d8717829765838863946fbdd87a759e7'), 'blockHash': HexBytes('0xe0188178adbeab0d0d78edc7a3b0e69537a3dabad53f4fc07e461941883fb468'), 'blockNumber': 128, 'logIndex': 3, 'transactionIndex': 0, 'removed': False}), AttributeDict({'address': '0xDc64a140Aa3E981100a9becA4E685f962f0cF6C9', 'topics': [HexBytes('0x54dff03e1bcaf4f55dc6a58920c699950dcc592aca1a0e7a62d344d70863a6db')], 'data': HexBytes('0x00000000000000000000000000000000000000000000000000000000000000400000000000000000000000000000000000000000000000000000000000000080000000000000000000000000000000000000000000000000000000000000000d63726561746550726f6475637400000000000000000000000000000000000000000000000000000000000000000000000000000000000000000000000000001870726f6475637420736176656420746f2073746f726167650000000000000000'), 'transactionHash': HexBytes('0x57696e81dd534a3ed283dfe48f08b9d9d8717829765838863946fbdd87a759e7'), 'blockHash': HexBytes('0xe0188178adbeab0d0d78edc7a3b0e69537a3dabad53f4fc07e461941883fb468'), 'blockNumber': 128, 'logIndex': 4, 'transactionIndex': 0, 'removed': False}), AttributeDict({'address': '0xDc64a140Aa3E981100a9becA4E685f962f0cF6C9', 'topics': [HexBytes('0x54dff03e1bcaf4f55dc6a58920c699950dcc592aca1a0e7a62d344d70863a6db')], 'data': HexBytes('0x00000000000000000000000000000000000000000000000000000000000000400000000000000000000000000000000000000000000000000000000000000080000000000000000000000000000000000000000000000000000000000000000d63726561746550726f64756374000000000000000000000000000000000000000000000000000000000000000000000000000000000000000000000000000018616464656420746f206163746976652070726f64756374730000000000000000'), 'transactionHash': HexBytes('0x57696e81dd534a3ed283dfe48f08b9d9d8717829765838863946fbdd87a759e7'), 'blockHash': HexBytes('0xe0188178adbeab0d0d78edc7a3b0e69537a3dabad53f4fc07e461941883fb468'), 'blockNumber': 128, 'logIndex': 5, 'transactionIndex': 0, 'removed': False}), AttributeDict({'address': '0xDc64a140Aa3E981100a9becA4E685f962f0cF6C9', 'topics': [HexBytes('0x54dff03e1bcaf4f55dc6a58920c699950dcc592aca1a0e7a62d344d70863a6db')], 'data': HexBytes('0x00000000000000000000000000000000000000000000000000000000000000400000000000000000000000000000000000000000000000000000000000000080000000000000000000000000000000000000000000000000000000000000000d63726561746550726f64756374000000000000000000000000000000000000000000000000000000000000000000000000000000000000000000000000000018616464656420746f2073656c6c65722070726f64756374730000000000000000'), 'transactionHash': HexBytes('0x57696e81dd534a3ed283dfe48f08b9d9d8717829765838863946fbdd87a759e7'), 'blockHash': HexBytes('0xe0188178adbeab0d0d78edc7a3b0e69537a3dabad53f4fc07e461941883fb468'), 'blockNumber': 128, 'logIndex': 6, 'transactionIndex': 0, 'removed': False}), AttributeDict({'address': '0xDc64a140Aa3E981100a9becA4E685f962f0cF6C9', 'topics': [HexBytes('0x3ef789b574bb6db8362567213254e4ea8dfdc59a2f563cac1c3f68bee245c8ec'), HexBytes('0x00000000000000000000000070997970c51812dc3a010c7d01b50e0d17dc79c8')], 'data': HexBytes('0x000000000000000000000000000000000000000000000000000000000000007000000000000000000000000000000000000000000000000000000000000000600000000000000000000000000000000000000000000000000000000000000001000000000000000000000000000000000000000000000000000000000000002e516d4e657534456e4857396335736f374555726b776e58575644796a58517752635a4d6f615434754e4c4645365a000000000000000000000000000000000000'), 'transactionHash': HexBytes('0x57696e81dd534a3ed283dfe48f08b9d9d8717829765838863946fbdd87a759e7'), 'blockHash': HexBytes('0xe0188178adbeab0d0d78edc7a3b0e69537a3dabad53f4fc07e461941883fb468'), 'blockNumber': 128, 'logIndex': 7, 'transactionIndex': 0, 'removed': False}), AttributeDict({'address': '0xDc64a140Aa3E981100a9becA4E685f962f0cF6C9', 'topics': [HexBytes('0x2c8dc80766467cf0b6779fd338b13f496b9aee65821a7de24dca64eaff04cda4'), HexBytes('0x00000000000000000000000070997970c51812dc3a010c7d01b50e0d17dc79c8')], 'data': HexBytes('0x0000000000000000000000000000000000000000000000000000000000000070'), 'transactionHash': HexBytes('0x57696e81dd534a3ed283dfe48f08b9d9d8717829765838863946fbdd87a759e7'), 'blockHash': HexBytes('0xe0188178adbeab0d0d78edc7a3b0e69537a3dabad53f4fc07e461941883fb468'), 'blockNumber': 128, 'logIndex': 8, 'transactionIndex': 0, 'removed': False}), AttributeDict({'address': '0xDc64a140Aa3E981100a9becA4E685f962f0cF6C9', 'topics': [HexBytes('0x54dff03e1bcaf4f55dc6a58920c699950dcc592aca1a0e7a62d344d70863a6db')], 'data': HexBytes('0x00000000000000000000000000000000000000000000000000000000000000400000000000000000000000000000000000000000000000000000000000000080000000000000000000000000000000000000000000000000000000000000000d63726561746550726f6475637400000000000000000000000000000000000000000000000000000000000000000000000000000000000000000000000000001566696e6973686564207375636365737366756c6c790000000000000000000000'), 'transactionHash': HexBytes('0x57696e81dd534a3ed283dfe48f08b9d9d8717829765838863946fbdd87a759e7'), 'blockHash': HexBytes('0xe0188178adbeab0d0d78edc7a3b0e69537a3dabad53f4fc07e461941883fb468'), 'blockNumber': 128, 'logIndex': 9, 'transactionIndex': 0, 'removed': False})], 'status': 1, 'type': 0, 'transactionHash': HexBytes('0x57696e81dd534a3ed283dfe48f08b9d9d8717829765838863946fbdd87a759e7'), 'transactionIndex': 0, 'from': '0x70997970C51812dc3A010C7d01b50e0d17dc79C8', 'to': '0xDc64a140Aa3E981100a9becA4E685f962f0cF6C9', 'contractAddress': None, 'gasUsed': 245958, 'effectiveGasPrice': 1000000065, 'blockHash': HexBytes('0xe0188178adbeab0d0d78edc7a3b0e69537a3dabad53f4fc07e461941883fb468'), 'blockNumber': 128})
2025-06-10 23:56:51,031 - INFO - bot.services.product_registry - [ProductRegistry] Продукт успешно создан. Хэш транзакции: 57696e81dd534a3ed283dfe48f08b9d9d8717829765838863946fbdd87a759e7
2025-06-10 23:56:51,031 - INFO - __main__ - ✅ Продукт blue_lotus_flowers успешно загружен в смарт контракт. TX: 57696e81dd534a3ed283dfe48f08b9d9d8717829765838863946fbdd87a759e7
2025-06-10 23:56:51,031 - INFO - bot.services.product_registry - [ProductRegistry] Создание продукта в смарт-контракте с CID: QmdrnC4rbxLRsfTLSAFgMUpX8QWreS4SMZg2y5nZsa4qs1
2025-06-10 23:56:51,031 - INFO - bot.services.blockchain - [BlockchainService] Создание продукта с CID: QmdrnC4rbxLRsfTLSAFgMUpX8QWreS4SMZg2y5nZsa4qs1
2025-06-10 23:56:51,034 - INFO - bot.services.blockchain - [Web3] [TX] account.address: 0x70997970C51812dc3A010C7d01b50e0d17dc79C8
2025-06-10 23:56:51,035 - INFO - bot.services.blockchain - [Web3] [TX] func: <Function createProduct(string) bound to ('QmdrnC4rbxLRsfTLSAFgMUpX8QWreS4SMZg2y5nZsa4qs1',)>, args: ('QmdrnC4rbxLRsfTLSAFgMUpX8QWreS4SMZg2y5nZsa4qs1',), kwargs: {}
2025-06-10 23:56:51,039 - INFO - bot.services.blockchain - [Web3] [TX] txn (build_transaction): {'value': 0, 'chainId': 31337, 'from': '0x70997970C51812dc3A010C7d01b50e0d17dc79C8', 'nonce': 120, 'gas': 2000000, 'gasPrice': 1000000058, 'to': '0xDc64a140Aa3E981100a9becA4E685f962f0cF6C9', 'data': '0x02ec06be0000000000000000000000000000000000000000000000000000000000000020000000000000000000000000000000000000000000000000000000000000002e516d64726e43347262784c527366544c534146674d55705838515772655334534d5a673279356e5a736134717331000000000000000000000000000000000000'}
2025-06-10 23:56:51,044 - INFO - bot.services.blockchain - [Web3] [TX] signed_txn: SignedTransaction(raw_transaction=HexBytes('0xf8eb78843b9aca3a831e848094dc64a140aa3e981100a9beca4e685f962f0cf6c980b88402ec06be0000000000000000000000000000000000000000000000000000000000000020000000000000000000000000000000000000000000000000000000000000002e516d64726e43347262784c527366544c534146674d55705838515772655334534d5a673279356e5a73613471733100000000000000000000000000000000000082f4f5a095d6e3f1db864a6de30c1428409bb349dfb622218ea84ff597e0f1bf04384a9fa0352714c6555cd3c0c495f552aa591f1f94b0cd2070424422af5fed25ea679772'), hash=HexBytes('0x4761b5671ae9b61991766829b9f37ba87217d9f8da7f7c68452d2f1e156b6c58'), r=67774292927655770236710893067310928200990701533760089187822002483740685126303, s=24041631392425583150339246748356652283804645200454179057195878973921210898290, v=62709), type: <class 'eth_account.datastructures.SignedTransaction'>
2025-06-10 23:56:51,050 - INFO - bot.services.blockchain - [Web3] [TX] tx_hash: b'Ga\xb5g\x1a\xe9\xb6\x19\x91vh)\xb9\xf3{\xa8r\x17\xd9\xf8\xda\x7f|hE-/\x1e\x15klX', type: <class 'hexbytes.main.HexBytes'>
2025-06-10 23:56:51,050 - INFO - bot.services.blockchain - [Web3] Транзакция ProductRegistry.createProduct отправлена: 4761b5671ae9b61991766829b9f37ba87217d9f8da7f7c68452d2f1e156b6c58
2025-06-10 23:56:51,054 - INFO - bot.services.blockchain - [Web3] Транзакция подтверждена: AttributeDict({'cumulativeGasUsed': 245958, 'logsBloom': HexBytes('0x00000000000000000002000000000000000000000000000000000000000000000000000000000000000000000000000000000000080000000000000000000000000000001000000000000000000000000000000000000000000000000000000000000800000000000000000000000000000000000000000000001000000000000008100000000000000000000000000200000000000000000000000000000000000000000000000000000000000000000000000000000000000000000000000000000000000000000000000000000000000000004020201000000000000000000000000000000000000000000000000001000001000000000100000000000000'), 'logs': [AttributeDict({'address': '0xDc64a140Aa3E981100a9becA4E685f962f0cF6C9', 'topics': [HexBytes('0x54dff03e1bcaf4f55dc6a58920c699950dcc592aca1a0e7a62d344d70863a6db')], 'data': HexBytes('0x00000000000000000000000000000000000000000000000000000000000000400000000000000000000000000000000000000000000000000000000000000080000000000000000000000000000000000000000000000000000000000000000d63726561746550726f647563740000000000000000000000000000000000000000000000000000000000000000000000000000000000000000000000000000057374617274000000000000000000000000000000000000000000000000000000'), 'transactionHash': HexBytes('0x4761b5671ae9b61991766829b9f37ba87217d9f8da7f7c68452d2f1e156b6c58'), 'blockHash': HexBytes('0xa1ccd71e4558464d3c5ae62c810c2260da5507c72b27cc8e3db714b0421d1c60'), 'blockNumber': 129, 'logIndex': 0, 'transactionIndex': 0, 'removed': False}), AttributeDict({'address': '0xDc64a140Aa3E981100a9becA4E685f962f0cF6C9', 'topics': [HexBytes('0x54dff03e1bcaf4f55dc6a58920c699950dcc592aca1a0e7a62d344d70863a6db')], 'data': HexBytes('0x00000000000000000000000000000000000000000000000000000000000000400000000000000000000000000000000000000000000000000000000000000080000000000000000000000000000000000000000000000000000000000000000d63726561746550726f6475637400000000000000000000000000000000000000000000000000000000000000000000000000000000000000000000000000001043494420636865636b2070617373656400000000000000000000000000000000'), 'transactionHash': HexBytes('0x4761b5671ae9b61991766829b9f37ba87217d9f8da7f7c68452d2f1e156b6c58'), 'blockHash': HexBytes('0xa1ccd71e4558464d3c5ae62c810c2260da5507c72b27cc8e3db714b0421d1c60'), 'blockNumber': 129, 'logIndex': 1, 'transactionIndex': 0, 'removed': False}), AttributeDict({'address': '0xDc64a140Aa3E981100a9becA4E685f962f0cF6C9', 'topics': [HexBytes('0x54dff03e1bcaf4f55dc6a58920c699950dcc592aca1a0e7a62d344d70863a6db')], 'data': HexBytes('0x00000000000000000000000000000000000000000000000000000000000000400000000000000000000000000000000000000000000000000000000000000080000000000000000000000000000000000000000000000000000000000000000d63726561746550726f6475637400000000000000000000000000000000000000000000000000000000000000000000000000000000000000000000000000000c49442067656e6572617465640000000000000000000000000000000000000000'), 'transactionHash': HexBytes('0x4761b5671ae9b61991766829b9f37ba87217d9f8da7f7c68452d2f1e156b6c58'), 'blockHash': HexBytes('0xa1ccd71e4558464d3c5ae62c810c2260da5507c72b27cc8e3db714b0421d1c60'), 'blockNumber': 129, 'logIndex': 2, 'transactionIndex': 0, 'removed': False}), AttributeDict({'address': '0xDc64a140Aa3E981100a9becA4E685f962f0cF6C9', 'topics': [HexBytes('0x54dff03e1bcaf4f55dc6a58920c699950dcc592aca1a0e7a62d344d70863a6db')], 'data': HexBytes('0x00000000000000000000000000000000000000000000000000000000000000400000000000000000000000000000000000000000000000000000000000000080000000000000000000000000000000000000000000000000000000000000000d63726561746550726f6475637400000000000000000000000000000000000000000000000000000000000000000000000000000000000000000000000000001670726f6475637420737472756374206372656174656400000000000000000000'), 'transactionHash': HexBytes('0x4761b5671ae9b61991766829b9f37ba87217d9f8da7f7c68452d2f1e156b6c58'), 'blockHash': HexBytes('0xa1ccd71e4558464d3c5ae62c810c2260da5507c72b27cc8e3db714b0421d1c60'), 'blockNumber': 129, 'logIndex': 3, 'transactionIndex': 0, 'removed': False}), AttributeDict({'address': '0xDc64a140Aa3E981100a9becA4E685f962f0cF6C9', 'topics': [HexBytes('0x54dff03e1bcaf4f55dc6a58920c699950dcc592aca1a0e7a62d344d70863a6db')], 'data': HexBytes('0x00000000000000000000000000000000000000000000000000000000000000400000000000000000000000000000000000000000000000000000000000000080000000000000000000000000000000000000000000000000000000000000000d63726561746550726f6475637400000000000000000000000000000000000000000000000000000000000000000000000000000000000000000000000000001870726f6475637420736176656420746f2073746f726167650000000000000000'), 'transactionHash': HexBytes('0x4761b5671ae9b61991766829b9f37ba87217d9f8da7f7c68452d2f1e156b6c58'), 'blockHash': HexBytes('0xa1ccd71e4558464d3c5ae62c810c2260da5507c72b27cc8e3db714b0421d1c60'), 'blockNumber': 129, 'logIndex': 4, 'transactionIndex': 0, 'removed': False}), AttributeDict({'address': '0xDc64a140Aa3E981100a9becA4E685f962f0cF6C9', 'topics': [HexBytes('0x54dff03e1bcaf4f55dc6a58920c699950dcc592aca1a0e7a62d344d70863a6db')], 'data': HexBytes('0x00000000000000000000000000000000000000000000000000000000000000400000000000000000000000000000000000000000000000000000000000000080000000000000000000000000000000000000000000000000000000000000000d63726561746550726f64756374000000000000000000000000000000000000000000000000000000000000000000000000000000000000000000000000000018616464656420746f206163746976652070726f64756374730000000000000000'), 'transactionHash': HexBytes('0x4761b5671ae9b61991766829b9f37ba87217d9f8da7f7c68452d2f1e156b6c58'), 'blockHash': HexBytes('0xa1ccd71e4558464d3c5ae62c810c2260da5507c72b27cc8e3db714b0421d1c60'), 'blockNumber': 129, 'logIndex': 5, 'transactionIndex': 0, 'removed': False}), AttributeDict({'address': '0xDc64a140Aa3E981100a9becA4E685f962f0cF6C9', 'topics': [HexBytes('0x54dff03e1bcaf4f55dc6a58920c699950dcc592aca1a0e7a62d344d70863a6db')], 'data': HexBytes('0x00000000000000000000000000000000000000000000000000000000000000400000000000000000000000000000000000000000000000000000000000000080000000000000000000000000000000000000000000000000000000000000000d63726561746550726f64756374000000000000000000000000000000000000000000000000000000000000000000000000000000000000000000000000000018616464656420746f2073656c6c65722070726f64756374730000000000000000'), 'transactionHash': HexBytes('0x4761b5671ae9b61991766829b9f37ba87217d9f8da7f7c68452d2f1e156b6c58'), 'blockHash': HexBytes('0xa1ccd71e4558464d3c5ae62c810c2260da5507c72b27cc8e3db714b0421d1c60'), 'blockNumber': 129, 'logIndex': 6, 'transactionIndex': 0, 'removed': False}), AttributeDict({'address': '0xDc64a140Aa3E981100a9becA4E685f962f0cF6C9', 'topics': [HexBytes('0x3ef789b574bb6db8362567213254e4ea8dfdc59a2f563cac1c3f68bee245c8ec'), HexBytes('0x00000000000000000000000070997970c51812dc3a010c7d01b50e0d17dc79c8')], 'data': HexBytes('0x000000000000000000000000000000000000000000000000000000000000007100000000000000000000000000000000000000000000000000000000000000600000000000000000000000000000000000000000000000000000000000000001000000000000000000000000000000000000000000000000000000000000002e516d64726e43347262784c527366544c534146674d55705838515772655334534d5a673279356e5a736134717331000000000000000000000000000000000000'), 'transactionHash': HexBytes('0x4761b5671ae9b61991766829b9f37ba87217d9f8da7f7c68452d2f1e156b6c58'), 'blockHash': HexBytes('0xa1ccd71e4558464d3c5ae62c810c2260da5507c72b27cc8e3db714b0421d1c60'), 'blockNumber': 129, 'logIndex': 7, 'transactionIndex': 0, 'removed': False}), AttributeDict({'address': '0xDc64a140Aa3E981100a9becA4E685f962f0cF6C9', 'topics': [HexBytes('0x2c8dc80766467cf0b6779fd338b13f496b9aee65821a7de24dca64eaff04cda4'), HexBytes('0x00000000000000000000000070997970c51812dc3a010c7d01b50e0d17dc79c8')], 'data': HexBytes('0x0000000000000000000000000000000000000000000000000000000000000071'), 'transactionHash': HexBytes('0x4761b5671ae9b61991766829b9f37ba87217d9f8da7f7c68452d2f1e156b6c58'), 'blockHash': HexBytes('0xa1ccd71e4558464d3c5ae62c810c2260da5507c72b27cc8e3db714b0421d1c60'), 'blockNumber': 129, 'logIndex': 8, 'transactionIndex': 0, 'removed': False}), AttributeDict({'address': '0xDc64a140Aa3E981100a9becA4E685f962f0cF6C9', 'topics': [HexBytes('0x54dff03e1bcaf4f55dc6a58920c699950dcc592aca1a0e7a62d344d70863a6db')], 'data': HexBytes('0x00000000000000000000000000000000000000000000000000000000000000400000000000000000000000000000000000000000000000000000000000000080000000000000000000000000000000000000000000000000000000000000000d63726561746550726f6475637400000000000000000000000000000000000000000000000000000000000000000000000000000000000000000000000000001566696e6973686564207375636365737366756c6c790000000000000000000000'), 'transactionHash': HexBytes('0x4761b5671ae9b61991766829b9f37ba87217d9f8da7f7c68452d2f1e156b6c58'), 'blockHash': HexBytes('0xa1ccd71e4558464d3c5ae62c810c2260da5507c72b27cc8e3db714b0421d1c60'), 'blockNumber': 129, 'logIndex': 9, 'transactionIndex': 0, 'removed': False})], 'status': 1, 'type': 0, 'transactionHash': HexBytes('0x4761b5671ae9b61991766829b9f37ba87217d9f8da7f7c68452d2f1e156b6c58'), 'transactionIndex': 0, 'from': '0x70997970C51812dc3A010C7d01b50e0d17dc79C8', 'to': '0xDc64a140Aa3E981100a9becA4E685f962f0cF6C9', 'contractAddress': None, 'gasUsed': 245958, 'effectiveGasPrice': 1000000058, 'blockHash': HexBytes('0xa1ccd71e4558464d3c5ae62c810c2260da5507c72b27cc8e3db714b0421d1c60'), 'blockNumber': 129})
2025-06-10 23:56:51,059 - INFO - bot.services.product_registry - [ProductRegistry] Продукт успешно создан. Хэш транзакции: 4761b5671ae9b61991766829b9f37ba87217d9f8da7f7c68452d2f1e156b6c58
2025-06-10 23:56:51,059 - INFO - __main__ - ✅ Продукт chaga_chunks успешно загружен в смарт контракт. TX: 4761b5671ae9b61991766829b9f37ba87217d9f8da7f7c68452d2f1e156b6c58
2025-06-10 23:56:51,059 - INFO - bot.services.product_registry - [ProductRegistry] Создание продукта в смарт-контракте с CID: QmXnknwLebfWJXx44GUVbHFBPt3XboNcfYcMqeNZvUkmZM
2025-06-10 23:56:51,059 - INFO - bot.services.blockchain - [BlockchainService] Создание продукта с CID: QmXnknwLebfWJXx44GUVbHFBPt3XboNcfYcMqeNZvUkmZM
2025-06-10 23:56:51,062 - INFO - bot.services.blockchain - [Web3] [TX] account.address: 0x70997970C51812dc3A010C7d01b50e0d17dc79C8
2025-06-10 23:56:51,062 - INFO - bot.services.blockchain - [Web3] [TX] func: <Function createProduct(string) bound to ('QmXnknwLebfWJXx44GUVbHFBPt3XboNcfYcMqeNZvUkmZM',)>, args: ('QmXnknwLebfWJXx44GUVbHFBPt3XboNcfYcMqeNZvUkmZM',), kwargs: {}
2025-06-10 23:56:51,070 - INFO - bot.services.blockchain - [Web3] [TX] txn (build_transaction): {'value': 0, 'chainId': 31337, 'from': '0x70997970C51812dc3A010C7d01b50e0d17dc79C8', 'nonce': 121, 'gas': 2000000, 'gasPrice': 1000000051, 'to': '0xDc64a140Aa3E981100a9becA4E685f962f0cF6C9', 'data': '0x02ec06be0000000000000000000000000000000000000000000000000000000000000020000000000000000000000000000000000000000000000000000000000000002e516d586e6b6e774c656266574a587834344755566248464250743358626f4e636659634d71654e5a76556b6d5a4d000000000000000000000000000000000000'}
2025-06-10 23:56:51,084 - INFO - bot.services.blockchain - [Web3] [TX] signed_txn: SignedTransaction(raw_transaction=HexBytes('0xf8eb79843b9aca33831e848094dc64a140aa3e981100a9beca4e685f962f0cf6c980b88402ec06be0000000000000000000000000000000000000000000000000000000000000020000000000000000000000000000000000000000000000000000000000000002e516d586e6b6e774c656266574a587834344755566248464250743358626f4e636659634d71654e5a76556b6d5a4d00000000000000000000000000000000000082f4f5a02557e1fd0fc7258f7dff45eccd4ff4061f2d83e746df4e35b5ca53e9312e8458a00106d4f23ed54e96c62a87bd8f9b569e4f508614b03ee1d12fe286b6d8313b8f'), hash=HexBytes('0x783909dc0c4aad3712d1e9acca9988860e2051e1b121756049e4176ad606652b'), r=16890850807672719056628496615892674020620360339342611628864414093285400675416, s=464383632121661233048222189912529427401856467409402513117150342066002279311, v=62709), type: <class 'eth_account.datastructures.SignedTransaction'>
2025-06-10 23:56:51,092 - INFO - bot.services.blockchain - [Web3] [TX] tx_hash: b'x9\t\xdc\x0cJ\xad7\x12\xd1\xe9\xac\xca\x99\x88\x86\x0e Q\xe1\xb1!u`I\xe4\x17j\xd6\x06e+', type: <class 'hexbytes.main.HexBytes'>
2025-06-10 23:56:51,092 - INFO - bot.services.blockchain - [Web3] Транзакция ProductRegistry.createProduct отправлена: 783909dc0c4aad3712d1e9acca9988860e2051e1b121756049e4176ad606652b
2025-06-10 23:56:51,102 - INFO - bot.services.blockchain - [Web3] Транзакция подтверждена: AttributeDict({'cumulativeGasUsed': 245958, 'logsBloom': HexBytes('0x00000000000000000002000000000000000000000000000000000000000000000000000000000000000000000000000000000000080000000000000000000000000000001000000000000000000000000000000000000000000000000000000000000800000000000000000000000000000000000000000000001000000000000008100000000000000000000000000200000000000000000000000000000000000000000000000000000000000000000000000000000000000000000000000000000000000000000000000000000000000000004020201000000000000000000000000000000000000000000000000001000001000000000100000000000000'), 'logs': [AttributeDict({'address': '0xDc64a140Aa3E981100a9becA4E685f962f0cF6C9', 'topics': [HexBytes('0x54dff03e1bcaf4f55dc6a58920c699950dcc592aca1a0e7a62d344d70863a6db')], 'data': HexBytes('0x00000000000000000000000000000000000000000000000000000000000000400000000000000000000000000000000000000000000000000000000000000080000000000000000000000000000000000000000000000000000000000000000d63726561746550726f647563740000000000000000000000000000000000000000000000000000000000000000000000000000000000000000000000000000057374617274000000000000000000000000000000000000000000000000000000'), 'transactionHash': HexBytes('0x783909dc0c4aad3712d1e9acca9988860e2051e1b121756049e4176ad606652b'), 'blockHash': HexBytes('0x7a57b3fd578e25487dbaf677c355a80268b9304928955e70c3c9d1d5975f8ef6'), 'blockNumber': 130, 'logIndex': 0, 'transactionIndex': 0, 'removed': False}), AttributeDict({'address': '0xDc64a140Aa3E981100a9becA4E685f962f0cF6C9', 'topics': [HexBytes('0x54dff03e1bcaf4f55dc6a58920c699950dcc592aca1a0e7a62d344d70863a6db')], 'data': HexBytes('0x00000000000000000000000000000000000000000000000000000000000000400000000000000000000000000000000000000000000000000000000000000080000000000000000000000000000000000000000000000000000000000000000d63726561746550726f6475637400000000000000000000000000000000000000000000000000000000000000000000000000000000000000000000000000001043494420636865636b2070617373656400000000000000000000000000000000'), 'transactionHash': HexBytes('0x783909dc0c4aad3712d1e9acca9988860e2051e1b121756049e4176ad606652b'), 'blockHash': HexBytes('0x7a57b3fd578e25487dbaf677c355a80268b9304928955e70c3c9d1d5975f8ef6'), 'blockNumber': 130, 'logIndex': 1, 'transactionIndex': 0, 'removed': False}), AttributeDict({'address': '0xDc64a140Aa3E981100a9becA4E685f962f0cF6C9', 'topics': [HexBytes('0x54dff03e1bcaf4f55dc6a58920c699950dcc592aca1a0e7a62d344d70863a6db')], 'data': HexBytes('0x00000000000000000000000000000000000000000000000000000000000000400000000000000000000000000000000000000000000000000000000000000080000000000000000000000000000000000000000000000000000000000000000d63726561746550726f6475637400000000000000000000000000000000000000000000000000000000000000000000000000000000000000000000000000000c49442067656e6572617465640000000000000000000000000000000000000000'), 'transactionHash': HexBytes('0x783909dc0c4aad3712d1e9acca9988860e2051e1b121756049e4176ad606652b'), 'blockHash': HexBytes('0x7a57b3fd578e25487dbaf677c355a80268b9304928955e70c3c9d1d5975f8ef6'), 'blockNumber': 130, 'logIndex': 2, 'transactionIndex': 0, 'removed': False}), AttributeDict({'address': '0xDc64a140Aa3E981100a9becA4E685f962f0cF6C9', 'topics': [HexBytes('0x54dff03e1bcaf4f55dc6a58920c699950dcc592aca1a0e7a62d344d70863a6db')], 'data': HexBytes('0x00000000000000000000000000000000000000000000000000000000000000400000000000000000000000000000000000000000000000000000000000000080000000000000000000000000000000000000000000000000000000000000000d63726561746550726f6475637400000000000000000000000000000000000000000000000000000000000000000000000000000000000000000000000000001670726f6475637420737472756374206372656174656400000000000000000000'), 'transactionHash': HexBytes('0x783909dc0c4aad3712d1e9acca9988860e2051e1b121756049e4176ad606652b'), 'blockHash': HexBytes('0x7a57b3fd578e25487dbaf677c355a80268b9304928955e70c3c9d1d5975f8ef6'), 'blockNumber': 130, 'logIndex': 3, 'transactionIndex': 0, 'removed': False}), AttributeDict({'address': '0xDc64a140Aa3E981100a9becA4E685f962f0cF6C9', 'topics': [HexBytes('0x54dff03e1bcaf4f55dc6a58920c699950dcc592aca1a0e7a62d344d70863a6db')], 'data': HexBytes('0x00000000000000000000000000000000000000000000000000000000000000400000000000000000000000000000000000000000000000000000000000000080000000000000000000000000000000000000000000000000000000000000000d63726561746550726f6475637400000000000000000000000000000000000000000000000000000000000000000000000000000000000000000000000000001870726f6475637420736176656420746f2073746f726167650000000000000000'), 'transactionHash': HexBytes('0x783909dc0c4aad3712d1e9acca9988860e2051e1b121756049e4176ad606652b'), 'blockHash': HexBytes('0x7a57b3fd578e25487dbaf677c355a80268b9304928955e70c3c9d1d5975f8ef6'), 'blockNumber': 130, 'logIndex': 4, 'transactionIndex': 0, 'removed': False}), AttributeDict({'address': '0xDc64a140Aa3E981100a9becA4E685f962f0cF6C9', 'topics': [HexBytes('0x54dff03e1bcaf4f55dc6a58920c699950dcc592aca1a0e7a62d344d70863a6db')], 'data': HexBytes('0x00000000000000000000000000000000000000000000000000000000000000400000000000000000000000000000000000000000000000000000000000000080000000000000000000000000000000000000000000000000000000000000000d63726561746550726f64756374000000000000000000000000000000000000000000000000000000000000000000000000000000000000000000000000000018616464656420746f206163746976652070726f64756374730000000000000000'), 'transactionHash': HexBytes('0x783909dc0c4aad3712d1e9acca9988860e2051e1b121756049e4176ad606652b'), 'blockHash': HexBytes('0x7a57b3fd578e25487dbaf677c355a80268b9304928955e70c3c9d1d5975f8ef6'), 'blockNumber': 130, 'logIndex': 5, 'transactionIndex': 0, 'removed': False}), AttributeDict({'address': '0xDc64a140Aa3E981100a9becA4E685f962f0cF6C9', 'topics': [HexBytes('0x54dff03e1bcaf4f55dc6a58920c699950dcc592aca1a0e7a62d344d70863a6db')], 'data': HexBytes('0x00000000000000000000000000000000000000000000000000000000000000400000000000000000000000000000000000000000000000000000000000000080000000000000000000000000000000000000000000000000000000000000000d63726561746550726f64756374000000000000000000000000000000000000000000000000000000000000000000000000000000000000000000000000000018616464656420746f2073656c6c65722070726f64756374730000000000000000'), 'transactionHash': HexBytes('0x783909dc0c4aad3712d1e9acca9988860e2051e1b121756049e4176ad606652b'), 'blockHash': HexBytes('0x7a57b3fd578e25487dbaf677c355a80268b9304928955e70c3c9d1d5975f8ef6'), 'blockNumber': 130, 'logIndex': 6, 'transactionIndex': 0, 'removed': False}), AttributeDict({'address': '0xDc64a140Aa3E981100a9becA4E685f962f0cF6C9', 'topics': [HexBytes('0x3ef789b574bb6db8362567213254e4ea8dfdc59a2f563cac1c3f68bee245c8ec'), HexBytes('0x00000000000000000000000070997970c51812dc3a010c7d01b50e0d17dc79c8')], 'data': HexBytes('0x000000000000000000000000000000000000000000000000000000000000007200000000000000000000000000000000000000000000000000000000000000600000000000000000000000000000000000000000000000000000000000000001000000000000000000000000000000000000000000000000000000000000002e516d586e6b6e774c656266574a587834344755566248464250743358626f4e636659634d71654e5a76556b6d5a4d000000000000000000000000000000000000'), 'transactionHash': HexBytes('0x783909dc0c4aad3712d1e9acca9988860e2051e1b121756049e4176ad606652b'), 'blockHash': HexBytes('0x7a57b3fd578e25487dbaf677c355a80268b9304928955e70c3c9d1d5975f8ef6'), 'blockNumber': 130, 'logIndex': 7, 'transactionIndex': 0, 'removed': False}), AttributeDict({'address': '0xDc64a140Aa3E981100a9becA4E685f962f0cF6C9', 'topics': [HexBytes('0x2c8dc80766467cf0b6779fd338b13f496b9aee65821a7de24dca64eaff04cda4'), HexBytes('0x00000000000000000000000070997970c51812dc3a010c7d01b50e0d17dc79c8')], 'data': HexBytes('0x0000000000000000000000000000000000000000000000000000000000000072'), 'transactionHash': HexBytes('0x783909dc0c4aad3712d1e9acca9988860e2051e1b121756049e4176ad606652b'), 'blockHash': HexBytes('0x7a57b3fd578e25487dbaf677c355a80268b9304928955e70c3c9d1d5975f8ef6'), 'blockNumber': 130, 'logIndex': 8, 'transactionIndex': 0, 'removed': False}), AttributeDict({'address': '0xDc64a140Aa3E981100a9becA4E685f962f0cF6C9', 'topics': [HexBytes('0x54dff03e1bcaf4f55dc6a58920c699950dcc592aca1a0e7a62d344d70863a6db')], 'data': HexBytes('0x00000000000000000000000000000000000000000000000000000000000000400000000000000000000000000000000000000000000000000000000000000080000000000000000000000000000000000000000000000000000000000000000d63726561746550726f6475637400000000000000000000000000000000000000000000000000000000000000000000000000000000000000000000000000001566696e6973686564207375636365737366756c6c790000000000000000000000'), 'transactionHash': HexBytes('0x783909dc0c4aad3712d1e9acca9988860e2051e1b121756049e4176ad606652b'), 'blockHash': HexBytes('0x7a57b3fd578e25487dbaf677c355a80268b9304928955e70c3c9d1d5975f8ef6'), 'blockNumber': 130, 'logIndex': 9, 'transactionIndex': 0, 'removed': False})], 'status': 1, 'type': 0, 'transactionHash': HexBytes('0x783909dc0c4aad3712d1e9acca9988860e2051e1b121756049e4176ad606652b'), 'transactionIndex': 0, 'from': '0x70997970C51812dc3A010C7d01b50e0d17dc79C8', 'to': '0xDc64a140Aa3E981100a9becA4E685f962f0cF6C9', 'contractAddress': None, 'gasUsed': 245958, 'effectiveGasPrice': 1000000051, 'blockHash': HexBytes('0x7a57b3fd578e25487dbaf677c355a80268b9304928955e70c3c9d1d5975f8ef6'), 'blockNumber': 130})
2025-06-10 23:56:51,120 - INFO - bot.services.product_registry - [ProductRegistry] Продукт успешно создан. Хэш транзакции: 783909dc0c4aad3712d1e9acca9988860e2051e1b121756049e4176ad606652b
2025-06-10 23:56:51,120 - INFO - __main__ - ✅ Продукт cordyceps_militaris_powder успешно загружен в смарт контракт. TX: 783909dc0c4aad3712d1e9acca9988860e2051e1b121756049e4176ad606652b
2025-06-10 23:56:51,120 - INFO - bot.services.product_registry - [ProductRegistry] Создание продукта в смарт-контракте с CID: QmYxPRZD9aYAxY8yV2nnTKY4dmU7vZDtnY2Y9jF487yHQK
2025-06-10 23:56:51,120 - INFO - bot.services.blockchain - [BlockchainService] Создание продукта с CID: QmYxPRZD9aYAxY8yV2nnTKY4dmU7vZDtnY2Y9jF487yHQK
2025-06-10 23:56:51,132 - INFO - bot.services.blockchain - [Web3] [TX] account.address: 0x70997970C51812dc3A010C7d01b50e0d17dc79C8
2025-06-10 23:56:51,159 - INFO - bot.services.blockchain - [Web3] [TX] func: <Function createProduct(string) bound to ('QmYxPRZD9aYAxY8yV2nnTKY4dmU7vZDtnY2Y9jF487yHQK',)>, args: ('QmYxPRZD9aYAxY8yV2nnTKY4dmU7vZDtnY2Y9jF487yHQK',), kwargs: {}
2025-06-10 23:56:51,163 - INFO - bot.services.blockchain - [Web3] [TX] txn (build_transaction): {'value': 0, 'chainId': 31337, 'from': '0x70997970C51812dc3A010C7d01b50e0d17dc79C8', 'nonce': 122, 'gas': 2000000, 'gasPrice': 1000000045, 'to': '0xDc64a140Aa3E981100a9becA4E685f962f0cF6C9', 'data': '0x02ec06be0000000000000000000000000000000000000000000000000000000000000020000000000000000000000000000000000000000000000000000000000000002e516d597850525a44396159417859387956326e6e544b5934646d5537765a44746e593259396a463438377948514b000000000000000000000000000000000000'}
2025-06-10 23:56:51,170 - INFO - bot.services.blockchain - [Web3] [TX] signed_txn: SignedTransaction(raw_transaction=HexBytes('0xf8eb7a843b9aca2d831e848094dc64a140aa3e981100a9beca4e685f962f0cf6c980b88402ec06be0000000000000000000000000000000000000000000000000000000000000020000000000000000000000000000000000000000000000000000000000000002e516d597850525a44396159417859387956326e6e544b5934646d5537765a44746e593259396a463438377948514b00000000000000000000000000000000000082f4f5a046da31f1365684faca63cade37aceb38230497c4de687dc4ddb99208cf9ad7c4a016fdcb41dca6645016779ee2692b56b143b0807025354666831f65f4734a5f07'), hash=HexBytes('0xbd2d7f8e6ed2fb37172d23aabc0d00e664448e65bf5577ac5818225a75c58bfe'), r=32047416749590930279055978737424955748040232222552405040565692009142799751108, s=10399297806362877431573013366609501211271654368109326915242746172174643126023, v=62709), type: <class 'eth_account.datastructures.SignedTransaction'>
2025-06-10 23:56:51,173 - INFO - bot.services.blockchain - [Web3] [TX] tx_hash: b'\xbd-\x7f\x8en\xd2\xfb7\x17-#\xaa\xbc\r\x00\xe6dD\x8ee\xbfUw\xacX\x18"Zu\xc5\x8b\xfe', type: <class 'hexbytes.main.HexBytes'>
2025-06-10 23:56:51,173 - INFO - bot.services.blockchain - [Web3] Транзакция ProductRegistry.createProduct отправлена: bd2d7f8e6ed2fb37172d23aabc0d00e664448e65bf5577ac5818225a75c58bfe
2025-06-10 23:56:51,176 - INFO - bot.services.blockchain - [Web3] Транзакция подтверждена: AttributeDict({'cumulativeGasUsed': 245958, 'logsBloom': HexBytes('0x00000000000000000002000000000000000000000000000000000000000000000000000000000000000000000000000000000000080000000000000000000000000000001000000000000000000000000000000000000000000000000000000000000800000000000000000000000000000000000000000000001000000000000008100000000000000000000000000200000000000000000000000000000000000000000000000000000000000000000000000000000000000000000000000000000000000000000000000000000000000000004020201000000000000000000000000000000000000000000000000001000001000000000100000000000000'), 'logs': [AttributeDict({'address': '0xDc64a140Aa3E981100a9becA4E685f962f0cF6C9', 'topics': [HexBytes('0x54dff03e1bcaf4f55dc6a58920c699950dcc592aca1a0e7a62d344d70863a6db')], 'data': HexBytes('0x00000000000000000000000000000000000000000000000000000000000000400000000000000000000000000000000000000000000000000000000000000080000000000000000000000000000000000000000000000000000000000000000d63726561746550726f647563740000000000000000000000000000000000000000000000000000000000000000000000000000000000000000000000000000057374617274000000000000000000000000000000000000000000000000000000'), 'transactionHash': HexBytes('0xbd2d7f8e6ed2fb37172d23aabc0d00e664448e65bf5577ac5818225a75c58bfe'), 'blockHash': HexBytes('0x905105528353f6e064a1aa70f91dc171fe0d7e50673a892cba6999e765e1bb0d'), 'blockNumber': 131, 'logIndex': 0, 'transactionIndex': 0, 'removed': False}), AttributeDict({'address': '0xDc64a140Aa3E981100a9becA4E685f962f0cF6C9', 'topics': [HexBytes('0x54dff03e1bcaf4f55dc6a58920c699950dcc592aca1a0e7a62d344d70863a6db')], 'data': HexBytes('0x00000000000000000000000000000000000000000000000000000000000000400000000000000000000000000000000000000000000000000000000000000080000000000000000000000000000000000000000000000000000000000000000d63726561746550726f6475637400000000000000000000000000000000000000000000000000000000000000000000000000000000000000000000000000001043494420636865636b2070617373656400000000000000000000000000000000'), 'transactionHash': HexBytes('0xbd2d7f8e6ed2fb37172d23aabc0d00e664448e65bf5577ac5818225a75c58bfe'), 'blockHash': HexBytes('0x905105528353f6e064a1aa70f91dc171fe0d7e50673a892cba6999e765e1bb0d'), 'blockNumber': 131, 'logIndex': 1, 'transactionIndex': 0, 'removed': False}), AttributeDict({'address': '0xDc64a140Aa3E981100a9becA4E685f962f0cF6C9', 'topics': [HexBytes('0x54dff03e1bcaf4f55dc6a58920c699950dcc592aca1a0e7a62d344d70863a6db')], 'data': HexBytes('0x00000000000000000000000000000000000000000000000000000000000000400000000000000000000000000000000000000000000000000000000000000080000000000000000000000000000000000000000000000000000000000000000d63726561746550726f6475637400000000000000000000000000000000000000000000000000000000000000000000000000000000000000000000000000000c49442067656e6572617465640000000000000000000000000000000000000000'), 'transactionHash': HexBytes('0xbd2d7f8e6ed2fb37172d23aabc0d00e664448e65bf5577ac5818225a75c58bfe'), 'blockHash': HexBytes('0x905105528353f6e064a1aa70f91dc171fe0d7e50673a892cba6999e765e1bb0d'), 'blockNumber': 131, 'logIndex': 2, 'transactionIndex': 0, 'removed': False}), AttributeDict({'address': '0xDc64a140Aa3E981100a9becA4E685f962f0cF6C9', 'topics': [HexBytes('0x54dff03e1bcaf4f55dc6a58920c699950dcc592aca1a0e7a62d344d70863a6db')], 'data': HexBytes('0x00000000000000000000000000000000000000000000000000000000000000400000000000000000000000000000000000000000000000000000000000000080000000000000000000000000000000000000000000000000000000000000000d63726561746550726f6475637400000000000000000000000000000000000000000000000000000000000000000000000000000000000000000000000000001670726f6475637420737472756374206372656174656400000000000000000000'), 'transactionHash': HexBytes('0xbd2d7f8e6ed2fb37172d23aabc0d00e664448e65bf5577ac5818225a75c58bfe'), 'blockHash': HexBytes('0x905105528353f6e064a1aa70f91dc171fe0d7e50673a892cba6999e765e1bb0d'), 'blockNumber': 131, 'logIndex': 3, 'transactionIndex': 0, 'removed': False}), AttributeDict({'address': '0xDc64a140Aa3E981100a9becA4E685f962f0cF6C9', 'topics': [HexBytes('0x54dff03e1bcaf4f55dc6a58920c699950dcc592aca1a0e7a62d344d70863a6db')], 'data': HexBytes('0x00000000000000000000000000000000000000000000000000000000000000400000000000000000000000000000000000000000000000000000000000000080000000000000000000000000000000000000000000000000000000000000000d63726561746550726f6475637400000000000000000000000000000000000000000000000000000000000000000000000000000000000000000000000000001870726f6475637420736176656420746f2073746f726167650000000000000000'), 'transactionHash': HexBytes('0xbd2d7f8e6ed2fb37172d23aabc0d00e664448e65bf5577ac5818225a75c58bfe'), 'blockHash': HexBytes('0x905105528353f6e064a1aa70f91dc171fe0d7e50673a892cba6999e765e1bb0d'), 'blockNumber': 131, 'logIndex': 4, 'transactionIndex': 0, 'removed': False}), AttributeDict({'address': '0xDc64a140Aa3E981100a9becA4E685f962f0cF6C9', 'topics': [HexBytes('0x54dff03e1bcaf4f55dc6a58920c699950dcc592aca1a0e7a62d344d70863a6db')], 'data': HexBytes('0x00000000000000000000000000000000000000000000000000000000000000400000000000000000000000000000000000000000000000000000000000000080000000000000000000000000000000000000000000000000000000000000000d63726561746550726f64756374000000000000000000000000000000000000000000000000000000000000000000000000000000000000000000000000000018616464656420746f206163746976652070726f64756374730000000000000000'), 'transactionHash': HexBytes('0xbd2d7f8e6ed2fb37172d23aabc0d00e664448e65bf5577ac5818225a75c58bfe'), 'blockHash': HexBytes('0x905105528353f6e064a1aa70f91dc171fe0d7e50673a892cba6999e765e1bb0d'), 'blockNumber': 131, 'logIndex': 5, 'transactionIndex': 0, 'removed': False}), AttributeDict({'address': '0xDc64a140Aa3E981100a9becA4E685f962f0cF6C9', 'topics': [HexBytes('0x54dff03e1bcaf4f55dc6a58920c699950dcc592aca1a0e7a62d344d70863a6db')], 'data': HexBytes('0x00000000000000000000000000000000000000000000000000000000000000400000000000000000000000000000000000000000000000000000000000000080000000000000000000000000000000000000000000000000000000000000000d63726561746550726f64756374000000000000000000000000000000000000000000000000000000000000000000000000000000000000000000000000000018616464656420746f2073656c6c65722070726f64756374730000000000000000'), 'transactionHash': HexBytes('0xbd2d7f8e6ed2fb37172d23aabc0d00e664448e65bf5577ac5818225a75c58bfe'), 'blockHash': HexBytes('0x905105528353f6e064a1aa70f91dc171fe0d7e50673a892cba6999e765e1bb0d'), 'blockNumber': 131, 'logIndex': 6, 'transactionIndex': 0, 'removed': False}), AttributeDict({'address': '0xDc64a140Aa3E981100a9becA4E685f962f0cF6C9', 'topics': [HexBytes('0x3ef789b574bb6db8362567213254e4ea8dfdc59a2f563cac1c3f68bee245c8ec'), HexBytes('0x00000000000000000000000070997970c51812dc3a010c7d01b50e0d17dc79c8')], 'data': HexBytes('0x000000000000000000000000000000000000000000000000000000000000007300000000000000000000000000000000000000000000000000000000000000600000000000000000000000000000000000000000000000000000000000000001000000000000000000000000000000000000000000000000000000000000002e516d597850525a44396159417859387956326e6e544b5934646d5537765a44746e593259396a463438377948514b000000000000000000000000000000000000'), 'transactionHash': HexBytes('0xbd2d7f8e6ed2fb37172d23aabc0d00e664448e65bf5577ac5818225a75c58bfe'), 'blockHash': HexBytes('0x905105528353f6e064a1aa70f91dc171fe0d7e50673a892cba6999e765e1bb0d'), 'blockNumber': 131, 'logIndex': 7, 'transactionIndex': 0, 'removed': False}), AttributeDict({'address': '0xDc64a140Aa3E981100a9becA4E685f962f0cF6C9', 'topics': [HexBytes('0x2c8dc80766467cf0b6779fd338b13f496b9aee65821a7de24dca64eaff04cda4'), HexBytes('0x00000000000000000000000070997970c51812dc3a010c7d01b50e0d17dc79c8')], 'data': HexBytes('0x0000000000000000000000000000000000000000000000000000000000000073'), 'transactionHash': HexBytes('0xbd2d7f8e6ed2fb37172d23aabc0d00e664448e65bf5577ac5818225a75c58bfe'), 'blockHash': HexBytes('0x905105528353f6e064a1aa70f91dc171fe0d7e50673a892cba6999e765e1bb0d'), 'blockNumber': 131, 'logIndex': 8, 'transactionIndex': 0, 'removed': False}), AttributeDict({'address': '0xDc64a140Aa3E981100a9becA4E685f962f0cF6C9', 'topics': [HexBytes('0x54dff03e1bcaf4f55dc6a58920c699950dcc592aca1a0e7a62d344d70863a6db')], 'data': HexBytes('0x00000000000000000000000000000000000000000000000000000000000000400000000000000000000000000000000000000000000000000000000000000080000000000000000000000000000000000000000000000000000000000000000d63726561746550726f6475637400000000000000000000000000000000000000000000000000000000000000000000000000000000000000000000000000001566696e6973686564207375636365737366756c6c790000000000000000000000'), 'transactionHash': HexBytes('0xbd2d7f8e6ed2fb37172d23aabc0d00e664448e65bf5577ac5818225a75c58bfe'), 'blockHash': HexBytes('0x905105528353f6e064a1aa70f91dc171fe0d7e50673a892cba6999e765e1bb0d'), 'blockNumber': 131, 'logIndex': 9, 'transactionIndex': 0, 'removed': False})], 'status': 1, 'type': 0, 'transactionHash': HexBytes('0xbd2d7f8e6ed2fb37172d23aabc0d00e664448e65bf5577ac5818225a75c58bfe'), 'transactionIndex': 0, 'from': '0x70997970C51812dc3A010C7d01b50e0d17dc79C8', 'to': '0xDc64a140Aa3E981100a9becA4E685f962f0cF6C9', 'contractAddress': None, 'gasUsed': 245958, 'effectiveGasPrice': 1000000045, 'blockHash': HexBytes('0x905105528353f6e064a1aa70f91dc171fe0d7e50673a892cba6999e765e1bb0d'), 'blockNumber': 131})
2025-06-10 23:56:51,179 - INFO - bot.services.product_registry - [ProductRegistry] Продукт успешно создан. Хэш транзакции: bd2d7f8e6ed2fb37172d23aabc0d00e664448e65bf5577ac5818225a75c58bfe
2025-06-10 23:56:51,179 - INFO - __main__ - ✅ Продукт cordyceps_militaris_dried_bodies успешно загружен в смарт контракт. TX: bd2d7f8e6ed2fb37172d23aabc0d00e664448e65bf5577ac5818225a75c58bfe
2025-06-10 23:56:51,180 - INFO - bot.services.product_registry - [ProductRegistry] Создание продукта в смарт-контракте с CID: QmWtDi6u5t5rnmrgxgjbZ5KStwv8YGBzpK1sSxCgjMdZKT
2025-06-10 23:56:51,180 - INFO - bot.services.blockchain - [BlockchainService] Создание продукта с CID: QmWtDi6u5t5rnmrgxgjbZ5KStwv8YGBzpK1sSxCgjMdZKT
2025-06-10 23:56:51,187 - INFO - bot.services.blockchain - [Web3] [TX] account.address: 0x70997970C51812dc3A010C7d01b50e0d17dc79C8
2025-06-10 23:56:51,188 - INFO - bot.services.blockchain - [Web3] [TX] func: <Function createProduct(string) bound to ('QmWtDi6u5t5rnmrgxgjbZ5KStwv8YGBzpK1sSxCgjMdZKT',)>, args: ('QmWtDi6u5t5rnmrgxgjbZ5KStwv8YGBzpK1sSxCgjMdZKT',), kwargs: {}
2025-06-10 23:56:51,197 - INFO - bot.services.blockchain - [Web3] [TX] txn (build_transaction): {'value': 0, 'chainId': 31337, 'from': '0x70997970C51812dc3A010C7d01b50e0d17dc79C8', 'nonce': 123, 'gas': 2000000, 'gasPrice': 1000000040, 'to': '0xDc64a140Aa3E981100a9becA4E685f962f0cF6C9', 'data': '0x02ec06be0000000000000000000000000000000000000000000000000000000000000020000000000000000000000000000000000000000000000000000000000000002e516d577444693675357435726e6d726778676a625a354b53747776385947427a704b3173537843676a4d645a4b54000000000000000000000000000000000000'}
2025-06-10 23:56:51,205 - INFO - bot.services.blockchain - [Web3] [TX] signed_txn: SignedTransaction(raw_transaction=HexBytes('0xf8eb7b843b9aca28831e848094dc64a140aa3e981100a9beca4e685f962f0cf6c980b88402ec06be0000000000000000000000000000000000000000000000000000000000000020000000000000000000000000000000000000000000000000000000000000002e516d577444693675357435726e6d726778676a625a354b53747776385947427a704b3173537843676a4d645a4b5400000000000000000000000000000000000082f4f5a072f934b5f94abffd83d23b9e5eb21591ae6f9ba37270e0164ac01c93412fb771a06c8db026ea14887e7b92e880b9756ac7940b5501010cc4a1902469aa2a6b0967'), hash=HexBytes('0x8fbf15374bc15155ba560a2d5af9363b5fc6aac8d2bc87096a665e24e8258718'), r=52003973454436076812494566064542580747211601395989178486343250195075042359153, s=49100128839613053736489002797316846199630601751938811934864055278944092096871, v=62709), type: <class 'eth_account.datastructures.SignedTransaction'>
2025-06-10 23:56:51,210 - INFO - bot.services.blockchain - [Web3] [TX] tx_hash: b'\x8f\xbf\x157K\xc1QU\xbaV\n-Z\xf96;_\xc6\xaa\xc8\xd2\xbc\x87\tjf^$\xe8%\x87\x18', type: <class 'hexbytes.main.HexBytes'>
2025-06-10 23:56:51,211 - INFO - bot.services.blockchain - [Web3] Транзакция ProductRegistry.createProduct отправлена: 8fbf15374bc15155ba560a2d5af9363b5fc6aac8d2bc87096a665e24e8258718
2025-06-10 23:56:51,214 - INFO - bot.services.blockchain - [Web3] Транзакция подтверждена: AttributeDict({'cumulativeGasUsed': 245958, 'logsBloom': HexBytes('0x00000000000000000002000000000000000000000000000000000000000000000000000000000000000000000000000000000000080000000000000000000000000000001000000000000000000000000000000000000000000000000000000000000800000000000000000000000000000000000000000000001000000000000008100000000000000000000000000200000000000000000000000000000000000000000000000000000000000000000000000000000000000000000000000000000000000000000000000000000000000000004020201000000000000000000000000000000000000000000000000001000001000000000100000000000000'), 'logs': [AttributeDict({'address': '0xDc64a140Aa3E981100a9becA4E685f962f0cF6C9', 'topics': [HexBytes('0x54dff03e1bcaf4f55dc6a58920c699950dcc592aca1a0e7a62d344d70863a6db')], 'data': HexBytes('0x00000000000000000000000000000000000000000000000000000000000000400000000000000000000000000000000000000000000000000000000000000080000000000000000000000000000000000000000000000000000000000000000d63726561746550726f647563740000000000000000000000000000000000000000000000000000000000000000000000000000000000000000000000000000057374617274000000000000000000000000000000000000000000000000000000'), 'transactionHash': HexBytes('0x8fbf15374bc15155ba560a2d5af9363b5fc6aac8d2bc87096a665e24e8258718'), 'blockHash': HexBytes('0x1fd5457ad3546572762108ec409b2129c86e0bdc1a3f9f26ef2e37b57ff58ac5'), 'blockNumber': 132, 'logIndex': 0, 'transactionIndex': 0, 'removed': False}), AttributeDict({'address': '0xDc64a140Aa3E981100a9becA4E685f962f0cF6C9', 'topics': [HexBytes('0x54dff03e1bcaf4f55dc6a58920c699950dcc592aca1a0e7a62d344d70863a6db')], 'data': HexBytes('0x00000000000000000000000000000000000000000000000000000000000000400000000000000000000000000000000000000000000000000000000000000080000000000000000000000000000000000000000000000000000000000000000d63726561746550726f6475637400000000000000000000000000000000000000000000000000000000000000000000000000000000000000000000000000001043494420636865636b2070617373656400000000000000000000000000000000'), 'transactionHash': HexBytes('0x8fbf15374bc15155ba560a2d5af9363b5fc6aac8d2bc87096a665e24e8258718'), 'blockHash': HexBytes('0x1fd5457ad3546572762108ec409b2129c86e0bdc1a3f9f26ef2e37b57ff58ac5'), 'blockNumber': 132, 'logIndex': 1, 'transactionIndex': 0, 'removed': False}), AttributeDict({'address': '0xDc64a140Aa3E981100a9becA4E685f962f0cF6C9', 'topics': [HexBytes('0x54dff03e1bcaf4f55dc6a58920c699950dcc592aca1a0e7a62d344d70863a6db')], 'data': HexBytes('0x00000000000000000000000000000000000000000000000000000000000000400000000000000000000000000000000000000000000000000000000000000080000000000000000000000000000000000000000000000000000000000000000d63726561746550726f6475637400000000000000000000000000000000000000000000000000000000000000000000000000000000000000000000000000000c49442067656e6572617465640000000000000000000000000000000000000000'), 'transactionHash': HexBytes('0x8fbf15374bc15155ba560a2d5af9363b5fc6aac8d2bc87096a665e24e8258718'), 'blockHash': HexBytes('0x1fd5457ad3546572762108ec409b2129c86e0bdc1a3f9f26ef2e37b57ff58ac5'), 'blockNumber': 132, 'logIndex': 2, 'transactionIndex': 0, 'removed': False}), AttributeDict({'address': '0xDc64a140Aa3E981100a9becA4E685f962f0cF6C9', 'topics': [HexBytes('0x54dff03e1bcaf4f55dc6a58920c699950dcc592aca1a0e7a62d344d70863a6db')], 'data': HexBytes('0x00000000000000000000000000000000000000000000000000000000000000400000000000000000000000000000000000000000000000000000000000000080000000000000000000000000000000000000000000000000000000000000000d63726561746550726f6475637400000000000000000000000000000000000000000000000000000000000000000000000000000000000000000000000000001670726f6475637420737472756374206372656174656400000000000000000000'), 'transactionHash': HexBytes('0x8fbf15374bc15155ba560a2d5af9363b5fc6aac8d2bc87096a665e24e8258718'), 'blockHash': HexBytes('0x1fd5457ad3546572762108ec409b2129c86e0bdc1a3f9f26ef2e37b57ff58ac5'), 'blockNumber': 132, 'logIndex': 3, 'transactionIndex': 0, 'removed': False}), AttributeDict({'address': '0xDc64a140Aa3E981100a9becA4E685f962f0cF6C9', 'topics': [HexBytes('0x54dff03e1bcaf4f55dc6a58920c699950dcc592aca1a0e7a62d344d70863a6db')], 'data': HexBytes('0x00000000000000000000000000000000000000000000000000000000000000400000000000000000000000000000000000000000000000000000000000000080000000000000000000000000000000000000000000000000000000000000000d63726561746550726f6475637400000000000000000000000000000000000000000000000000000000000000000000000000000000000000000000000000001870726f6475637420736176656420746f2073746f726167650000000000000000'), 'transactionHash': HexBytes('0x8fbf15374bc15155ba560a2d5af9363b5fc6aac8d2bc87096a665e24e8258718'), 'blockHash': HexBytes('0x1fd5457ad3546572762108ec409b2129c86e0bdc1a3f9f26ef2e37b57ff58ac5'), 'blockNumber': 132, 'logIndex': 4, 'transactionIndex': 0, 'removed': False}), AttributeDict({'address': '0xDc64a140Aa3E981100a9becA4E685f962f0cF6C9', 'topics': [HexBytes('0x54dff03e1bcaf4f55dc6a58920c699950dcc592aca1a0e7a62d344d70863a6db')], 'data': HexBytes('0x00000000000000000000000000000000000000000000000000000000000000400000000000000000000000000000000000000000000000000000000000000080000000000000000000000000000000000000000000000000000000000000000d63726561746550726f64756374000000000000000000000000000000000000000000000000000000000000000000000000000000000000000000000000000018616464656420746f206163746976652070726f64756374730000000000000000'), 'transactionHash': HexBytes('0x8fbf15374bc15155ba560a2d5af9363b5fc6aac8d2bc87096a665e24e8258718'), 'blockHash': HexBytes('0x1fd5457ad3546572762108ec409b2129c86e0bdc1a3f9f26ef2e37b57ff58ac5'), 'blockNumber': 132, 'logIndex': 5, 'transactionIndex': 0, 'removed': False}), AttributeDict({'address': '0xDc64a140Aa3E981100a9becA4E685f962f0cF6C9', 'topics': [HexBytes('0x54dff03e1bcaf4f55dc6a58920c699950dcc592aca1a0e7a62d344d70863a6db')], 'data': HexBytes('0x00000000000000000000000000000000000000000000000000000000000000400000000000000000000000000000000000000000000000000000000000000080000000000000000000000000000000000000000000000000000000000000000d63726561746550726f64756374000000000000000000000000000000000000000000000000000000000000000000000000000000000000000000000000000018616464656420746f2073656c6c65722070726f64756374730000000000000000'), 'transactionHash': HexBytes('0x8fbf15374bc15155ba560a2d5af9363b5fc6aac8d2bc87096a665e24e8258718'), 'blockHash': HexBytes('0x1fd5457ad3546572762108ec409b2129c86e0bdc1a3f9f26ef2e37b57ff58ac5'), 'blockNumber': 132, 'logIndex': 6, 'transactionIndex': 0, 'removed': False}), AttributeDict({'address': '0xDc64a140Aa3E981100a9becA4E685f962f0cF6C9', 'topics': [HexBytes('0x3ef789b574bb6db8362567213254e4ea8dfdc59a2f563cac1c3f68bee245c8ec'), HexBytes('0x00000000000000000000000070997970c51812dc3a010c7d01b50e0d17dc79c8')], 'data': HexBytes('0x000000000000000000000000000000000000000000000000000000000000007400000000000000000000000000000000000000000000000000000000000000600000000000000000000000000000000000000000000000000000000000000001000000000000000000000000000000000000000000000000000000000000002e516d577444693675357435726e6d726778676a625a354b53747776385947427a704b3173537843676a4d645a4b54000000000000000000000000000000000000'), 'transactionHash': HexBytes('0x8fbf15374bc15155ba560a2d5af9363b5fc6aac8d2bc87096a665e24e8258718'), 'blockHash': HexBytes('0x1fd5457ad3546572762108ec409b2129c86e0bdc1a3f9f26ef2e37b57ff58ac5'), 'blockNumber': 132, 'logIndex': 7, 'transactionIndex': 0, 'removed': False}), AttributeDict({'address': '0xDc64a140Aa3E981100a9becA4E685f962f0cF6C9', 'topics': [HexBytes('0x2c8dc80766467cf0b6779fd338b13f496b9aee65821a7de24dca64eaff04cda4'), HexBytes('0x00000000000000000000000070997970c51812dc3a010c7d01b50e0d17dc79c8')], 'data': HexBytes('0x0000000000000000000000000000000000000000000000000000000000000074'), 'transactionHash': HexBytes('0x8fbf15374bc15155ba560a2d5af9363b5fc6aac8d2bc87096a665e24e8258718'), 'blockHash': HexBytes('0x1fd5457ad3546572762108ec409b2129c86e0bdc1a3f9f26ef2e37b57ff58ac5'), 'blockNumber': 132, 'logIndex': 8, 'transactionIndex': 0, 'removed': False}), AttributeDict({'address': '0xDc64a140Aa3E981100a9becA4E685f962f0cF6C9', 'topics': [HexBytes('0x54dff03e1bcaf4f55dc6a58920c699950dcc592aca1a0e7a62d344d70863a6db')], 'data': HexBytes('0x00000000000000000000000000000000000000000000000000000000000000400000000000000000000000000000000000000000000000000000000000000080000000000000000000000000000000000000000000000000000000000000000d63726561746550726f6475637400000000000000000000000000000000000000000000000000000000000000000000000000000000000000000000000000001566696e6973686564207375636365737366756c6c790000000000000000000000'), 'transactionHash': HexBytes('0x8fbf15374bc15155ba560a2d5af9363b5fc6aac8d2bc87096a665e24e8258718'), 'blockHash': HexBytes('0x1fd5457ad3546572762108ec409b2129c86e0bdc1a3f9f26ef2e37b57ff58ac5'), 'blockNumber': 132, 'logIndex': 9, 'transactionIndex': 0, 'removed': False})], 'status': 1, 'type': 0, 'transactionHash': HexBytes('0x8fbf15374bc15155ba560a2d5af9363b5fc6aac8d2bc87096a665e24e8258718'), 'transactionIndex': 0, 'from': '0x70997970C51812dc3A010C7d01b50e0d17dc79C8', 'to': '0xDc64a140Aa3E981100a9becA4E685f962f0cF6C9', 'contractAddress': None, 'gasUsed': 245958, 'effectiveGasPrice': 1000000040, 'blockHash': HexBytes('0x1fd5457ad3546572762108ec409b2129c86e0bdc1a3f9f26ef2e37b57ff58ac5'), 'blockNumber': 132})
2025-06-10 23:56:51,219 - INFO - bot.services.product_registry - [ProductRegistry] Продукт успешно создан. Хэш транзакции: 8fbf15374bc15155ba560a2d5af9363b5fc6aac8d2bc87096a665e24e8258718
2025-06-10 23:56:51,219 - INFO - __main__ - ✅ Продукт chanterelle_dried успешно загружен в смарт контракт. TX: 8fbf15374bc15155ba560a2d5af9363b5fc6aac8d2bc87096a665e24e8258718
2025-06-10 23:56:51,219 - INFO - bot.services.product_registry - [ProductRegistry] Создание продукта в смарт-контракте с CID: QmVgK7bn2MVwaqVAcJyvMLdBxrBfoxHPuYMCEmToxsHfYg
2025-06-10 23:56:51,219 - INFO - bot.services.blockchain - [BlockchainService] Создание продукта с CID: QmVgK7bn2MVwaqVAcJyvMLdBxrBfoxHPuYMCEmToxsHfYg
2025-06-10 23:56:51,221 - INFO - bot.services.blockchain - [Web3] [TX] account.address: 0x70997970C51812dc3A010C7d01b50e0d17dc79C8
2025-06-10 23:56:51,221 - INFO - bot.services.blockchain - [Web3] [TX] func: <Function createProduct(string) bound to ('QmVgK7bn2MVwaqVAcJyvMLdBxrBfoxHPuYMCEmToxsHfYg',)>, args: ('QmVgK7bn2MVwaqVAcJyvMLdBxrBfoxHPuYMCEmToxsHfYg',), kwargs: {}
2025-06-10 23:56:51,225 - INFO - bot.services.blockchain - [Web3] [TX] txn (build_transaction): {'value': 0, 'chainId': 31337, 'from': '0x70997970C51812dc3A010C7d01b50e0d17dc79C8', 'nonce': 124, 'gas': 2000000, 'gasPrice': 1000000036, 'to': '0xDc64a140Aa3E981100a9becA4E685f962f0cF6C9', 'data': '0x02ec06be0000000000000000000000000000000000000000000000000000000000000020000000000000000000000000000000000000000000000000000000000000002e516d56674b37626e324d567761715641634a79764d4c6442787242666f78485075594d43456d546f787348665967000000000000000000000000000000000000'}
2025-06-10 23:56:51,230 - INFO - bot.services.blockchain - [Web3] [TX] signed_txn: SignedTransaction(raw_transaction=HexBytes('0xf8eb7c843b9aca24831e848094dc64a140aa3e981100a9beca4e685f962f0cf6c980b88402ec06be0000000000000000000000000000000000000000000000000000000000000020000000000000000000000000000000000000000000000000000000000000002e516d56674b37626e324d567761715641634a79764d4c6442787242666f78485075594d43456d546f78734866596700000000000000000000000000000000000082f4f5a039c03120d179b678077a42cec94879cebe4075a6ec64591bbaaad95b59ed1022a042e310a2af77b4557466311a07e1a42f83149654deef1dea90de6434fc27541f'), hash=HexBytes('0xc0c831ed77d6d7b72492be895550fff7bac846b0df76d72e8d1b4c66d51938a3'), r=26121406076033258702752559643463144595234254349021963900184875520559734919202, s=30253837104132078190712576229419147850826188776731187353963806528085428753439, v=62709), type: <class 'eth_account.datastructures.SignedTransaction'>
2025-06-10 23:56:51,233 - INFO - bot.services.blockchain - [Web3] [TX] tx_hash: b'\xc0\xc81\xedw\xd6\xd7\xb7$\x92\xbe\x89UP\xff\xf7\xba\xc8F\xb0\xdfv\xd7.\x8d\x1bLf\xd5\x198\xa3', type: <class 'hexbytes.main.HexBytes'>
2025-06-10 23:56:51,233 - INFO - bot.services.blockchain - [Web3] Транзакция ProductRegistry.createProduct отправлена: c0c831ed77d6d7b72492be895550fff7bac846b0df76d72e8d1b4c66d51938a3
2025-06-10 23:56:51,236 - INFO - bot.services.blockchain - [Web3] Транзакция подтверждена: AttributeDict({'cumulativeGasUsed': 245958, 'logsBloom': HexBytes('0x00000000000000000002000000000000000000000000000000000000000000000000000000000000000000000000000000000000080000000000000000000000000000001000000000000000000000000000000000000000000000000000000000000800000000000000000000000000000000000000000000001000000000000008100000000000000000000000000200000000000000000000000000000000000000000000000000000000000000000000000000000000000000000000000000000000000000000000000000000000000000004020201000000000000000000000000000000000000000000000000001000001000000000100000000000000'), 'logs': [AttributeDict({'address': '0xDc64a140Aa3E981100a9becA4E685f962f0cF6C9', 'topics': [HexBytes('0x54dff03e1bcaf4f55dc6a58920c699950dcc592aca1a0e7a62d344d70863a6db')], 'data': HexBytes('0x00000000000000000000000000000000000000000000000000000000000000400000000000000000000000000000000000000000000000000000000000000080000000000000000000000000000000000000000000000000000000000000000d63726561746550726f647563740000000000000000000000000000000000000000000000000000000000000000000000000000000000000000000000000000057374617274000000000000000000000000000000000000000000000000000000'), 'transactionHash': HexBytes('0xc0c831ed77d6d7b72492be895550fff7bac846b0df76d72e8d1b4c66d51938a3'), 'blockHash': HexBytes('0x1c3462602fc5a23fc3545e33757b23c5996e7e3c6e232cf9970f1db9892b3b68'), 'blockNumber': 133, 'logIndex': 0, 'transactionIndex': 0, 'removed': False}), AttributeDict({'address': '0xDc64a140Aa3E981100a9becA4E685f962f0cF6C9', 'topics': [HexBytes('0x54dff03e1bcaf4f55dc6a58920c699950dcc592aca1a0e7a62d344d70863a6db')], 'data': HexBytes('0x00000000000000000000000000000000000000000000000000000000000000400000000000000000000000000000000000000000000000000000000000000080000000000000000000000000000000000000000000000000000000000000000d63726561746550726f6475637400000000000000000000000000000000000000000000000000000000000000000000000000000000000000000000000000001043494420636865636b2070617373656400000000000000000000000000000000'), 'transactionHash': HexBytes('0xc0c831ed77d6d7b72492be895550fff7bac846b0df76d72e8d1b4c66d51938a3'), 'blockHash': HexBytes('0x1c3462602fc5a23fc3545e33757b23c5996e7e3c6e232cf9970f1db9892b3b68'), 'blockNumber': 133, 'logIndex': 1, 'transactionIndex': 0, 'removed': False}), AttributeDict({'address': '0xDc64a140Aa3E981100a9becA4E685f962f0cF6C9', 'topics': [HexBytes('0x54dff03e1bcaf4f55dc6a58920c699950dcc592aca1a0e7a62d344d70863a6db')], 'data': HexBytes('0x00000000000000000000000000000000000000000000000000000000000000400000000000000000000000000000000000000000000000000000000000000080000000000000000000000000000000000000000000000000000000000000000d63726561746550726f6475637400000000000000000000000000000000000000000000000000000000000000000000000000000000000000000000000000000c49442067656e6572617465640000000000000000000000000000000000000000'), 'transactionHash': HexBytes('0xc0c831ed77d6d7b72492be895550fff7bac846b0df76d72e8d1b4c66d51938a3'), 'blockHash': HexBytes('0x1c3462602fc5a23fc3545e33757b23c5996e7e3c6e232cf9970f1db9892b3b68'), 'blockNumber': 133, 'logIndex': 2, 'transactionIndex': 0, 'removed': False}), AttributeDict({'address': '0xDc64a140Aa3E981100a9becA4E685f962f0cF6C9', 'topics': [HexBytes('0x54dff03e1bcaf4f55dc6a58920c699950dcc592aca1a0e7a62d344d70863a6db')], 'data': HexBytes('0x00000000000000000000000000000000000000000000000000000000000000400000000000000000000000000000000000000000000000000000000000000080000000000000000000000000000000000000000000000000000000000000000d63726561746550726f6475637400000000000000000000000000000000000000000000000000000000000000000000000000000000000000000000000000001670726f6475637420737472756374206372656174656400000000000000000000'), 'transactionHash': HexBytes('0xc0c831ed77d6d7b72492be895550fff7bac846b0df76d72e8d1b4c66d51938a3'), 'blockHash': HexBytes('0x1c3462602fc5a23fc3545e33757b23c5996e7e3c6e232cf9970f1db9892b3b68'), 'blockNumber': 133, 'logIndex': 3, 'transactionIndex': 0, 'removed': False}), AttributeDict({'address': '0xDc64a140Aa3E981100a9becA4E685f962f0cF6C9', 'topics': [HexBytes('0x54dff03e1bcaf4f55dc6a58920c699950dcc592aca1a0e7a62d344d70863a6db')], 'data': HexBytes('0x00000000000000000000000000000000000000000000000000000000000000400000000000000000000000000000000000000000000000000000000000000080000000000000000000000000000000000000000000000000000000000000000d63726561746550726f6475637400000000000000000000000000000000000000000000000000000000000000000000000000000000000000000000000000001870726f6475637420736176656420746f2073746f726167650000000000000000'), 'transactionHash': HexBytes('0xc0c831ed77d6d7b72492be895550fff7bac846b0df76d72e8d1b4c66d51938a3'), 'blockHash': HexBytes('0x1c3462602fc5a23fc3545e33757b23c5996e7e3c6e232cf9970f1db9892b3b68'), 'blockNumber': 133, 'logIndex': 4, 'transactionIndex': 0, 'removed': False}), AttributeDict({'address': '0xDc64a140Aa3E981100a9becA4E685f962f0cF6C9', 'topics': [HexBytes('0x54dff03e1bcaf4f55dc6a58920c699950dcc592aca1a0e7a62d344d70863a6db')], 'data': HexBytes('0x00000000000000000000000000000000000000000000000000000000000000400000000000000000000000000000000000000000000000000000000000000080000000000000000000000000000000000000000000000000000000000000000d63726561746550726f64756374000000000000000000000000000000000000000000000000000000000000000000000000000000000000000000000000000018616464656420746f206163746976652070726f64756374730000000000000000'), 'transactionHash': HexBytes('0xc0c831ed77d6d7b72492be895550fff7bac846b0df76d72e8d1b4c66d51938a3'), 'blockHash': HexBytes('0x1c3462602fc5a23fc3545e33757b23c5996e7e3c6e232cf9970f1db9892b3b68'), 'blockNumber': 133, 'logIndex': 5, 'transactionIndex': 0, 'removed': False}), AttributeDict({'address': '0xDc64a140Aa3E981100a9becA4E685f962f0cF6C9', 'topics': [HexBytes('0x54dff03e1bcaf4f55dc6a58920c699950dcc592aca1a0e7a62d344d70863a6db')], 'data': HexBytes('0x00000000000000000000000000000000000000000000000000000000000000400000000000000000000000000000000000000000000000000000000000000080000000000000000000000000000000000000000000000000000000000000000d63726561746550726f64756374000000000000000000000000000000000000000000000000000000000000000000000000000000000000000000000000000018616464656420746f2073656c6c65722070726f64756374730000000000000000'), 'transactionHash': HexBytes('0xc0c831ed77d6d7b72492be895550fff7bac846b0df76d72e8d1b4c66d51938a3'), 'blockHash': HexBytes('0x1c3462602fc5a23fc3545e33757b23c5996e7e3c6e232cf9970f1db9892b3b68'), 'blockNumber': 133, 'logIndex': 6, 'transactionIndex': 0, 'removed': False}), AttributeDict({'address': '0xDc64a140Aa3E981100a9becA4E685f962f0cF6C9', 'topics': [HexBytes('0x3ef789b574bb6db8362567213254e4ea8dfdc59a2f563cac1c3f68bee245c8ec'), HexBytes('0x00000000000000000000000070997970c51812dc3a010c7d01b50e0d17dc79c8')], 'data': HexBytes('0x000000000000000000000000000000000000000000000000000000000000007500000000000000000000000000000000000000000000000000000000000000600000000000000000000000000000000000000000000000000000000000000001000000000000000000000000000000000000000000000000000000000000002e516d56674b37626e324d567761715641634a79764d4c6442787242666f78485075594d43456d546f787348665967000000000000000000000000000000000000'), 'transactionHash': HexBytes('0xc0c831ed77d6d7b72492be895550fff7bac846b0df76d72e8d1b4c66d51938a3'), 'blockHash': HexBytes('0x1c3462602fc5a23fc3545e33757b23c5996e7e3c6e232cf9970f1db9892b3b68'), 'blockNumber': 133, 'logIndex': 7, 'transactionIndex': 0, 'removed': False}), AttributeDict({'address': '0xDc64a140Aa3E981100a9becA4E685f962f0cF6C9', 'topics': [HexBytes('0x2c8dc80766467cf0b6779fd338b13f496b9aee65821a7de24dca64eaff04cda4'), HexBytes('0x00000000000000000000000070997970c51812dc3a010c7d01b50e0d17dc79c8')], 'data': HexBytes('0x0000000000000000000000000000000000000000000000000000000000000075'), 'transactionHash': HexBytes('0xc0c831ed77d6d7b72492be895550fff7bac846b0df76d72e8d1b4c66d51938a3'), 'blockHash': HexBytes('0x1c3462602fc5a23fc3545e33757b23c5996e7e3c6e232cf9970f1db9892b3b68'), 'blockNumber': 133, 'logIndex': 8, 'transactionIndex': 0, 'removed': False}), AttributeDict({'address': '0xDc64a140Aa3E981100a9becA4E685f962f0cF6C9', 'topics': [HexBytes('0x54dff03e1bcaf4f55dc6a58920c699950dcc592aca1a0e7a62d344d70863a6db')], 'data': HexBytes('0x00000000000000000000000000000000000000000000000000000000000000400000000000000000000000000000000000000000000000000000000000000080000000000000000000000000000000000000000000000000000000000000000d63726561746550726f6475637400000000000000000000000000000000000000000000000000000000000000000000000000000000000000000000000000001566696e6973686564207375636365737366756c6c790000000000000000000000'), 'transactionHash': HexBytes('0xc0c831ed77d6d7b72492be895550fff7bac846b0df76d72e8d1b4c66d51938a3'), 'blockHash': HexBytes('0x1c3462602fc5a23fc3545e33757b23c5996e7e3c6e232cf9970f1db9892b3b68'), 'blockNumber': 133, 'logIndex': 9, 'transactionIndex': 0, 'removed': False})], 'status': 1, 'type': 0, 'transactionHash': HexBytes('0xc0c831ed77d6d7b72492be895550fff7bac846b0df76d72e8d1b4c66d51938a3'), 'transactionIndex': 0, 'from': '0x70997970C51812dc3A010C7d01b50e0d17dc79C8', 'to': '0xDc64a140Aa3E981100a9becA4E685f962f0cF6C9', 'contractAddress': None, 'gasUsed': 245958, 'effectiveGasPrice': 1000000036, 'blockHash': HexBytes('0x1c3462602fc5a23fc3545e33757b23c5996e7e3c6e232cf9970f1db9892b3b68'), 'blockNumber': 133})
2025-06-10 23:56:51,239 - INFO - bot.services.product_registry - [ProductRegistry] Продукт успешно создан. Хэш транзакции: c0c831ed77d6d7b72492be895550fff7bac846b0df76d72e8d1b4c66d51938a3
2025-06-10 23:56:51,239 - INFO - __main__ - ✅ Продукт chanterelle_powder успешно загружен в смарт контракт. TX: c0c831ed77d6d7b72492be895550fff7bac846b0df76d72e8d1b4c66d51938a3
2025-06-10 23:56:51,239 - INFO - bot.services.product_registry - [ProductRegistry] Создание продукта в смарт-контракте с CID: QmcCqsvoF2XZSBbwQoBRbMvyTWNYe2fq6r4kv9VE2shxSD
2025-06-10 23:56:51,239 - INFO - bot.services.blockchain - [BlockchainService] Создание продукта с CID: QmcCqsvoF2XZSBbwQoBRbMvyTWNYe2fq6r4kv9VE2shxSD
2025-06-10 23:56:51,241 - INFO - bot.services.blockchain - [Web3] [TX] account.address: 0x70997970C51812dc3A010C7d01b50e0d17dc79C8
2025-06-10 23:56:51,242 - INFO - bot.services.blockchain - [Web3] [TX] func: <Function createProduct(string) bound to ('QmcCqsvoF2XZSBbwQoBRbMvyTWNYe2fq6r4kv9VE2shxSD',)>, args: ('QmcCqsvoF2XZSBbwQoBRbMvyTWNYe2fq6r4kv9VE2shxSD',), kwargs: {}
2025-06-10 23:56:51,245 - INFO - bot.services.blockchain - [Web3] [TX] txn (build_transaction): {'value': 0, 'chainId': 31337, 'from': '0x70997970C51812dc3A010C7d01b50e0d17dc79C8', 'nonce': 125, 'gas': 2000000, 'gasPrice': 1000000032, 'to': '0xDc64a140Aa3E981100a9becA4E685f962f0cF6C9', 'data': '0x02ec06be0000000000000000000000000000000000000000000000000000000000000020000000000000000000000000000000000000000000000000000000000000002e516d63437173766f4632585a53426277516f4252624d767954574e59653266713672346b76395645327368785344000000000000000000000000000000000000'}
2025-06-10 23:56:51,251 - INFO - bot.services.blockchain - [Web3] [TX] signed_txn: SignedTransaction(raw_transaction=HexBytes('0xf8eb7d843b9aca20831e848094dc64a140aa3e981100a9beca4e685f962f0cf6c980b88402ec06be0000000000000000000000000000000000000000000000000000000000000020000000000000000000000000000000000000000000000000000000000000002e516d63437173766f4632585a53426277516f4252624d767954574e59653266713672346b7639564532736878534400000000000000000000000000000000000082f4f5a0123035dedfe98ef59c11b9340e8d13d81ce95d5bde39be84843e1b60c7511d0aa020726ee53124fcfc6fefc4fbbfa9608a6e36d7181e7d3283f18b0ea51e48641e'), hash=HexBytes('0x6ee8935f127b330cbc211f014e88f34cdbf8ec8a44b9502ac04578c2f7942d3f'), r=8226811734853418855333830892856369571808726093822219722973984402865432632586, s=14676197091150712346768660861589116718725776412680759826001588303117714744350, v=62709), type: <class 'eth_account.datastructures.SignedTransaction'>
2025-06-10 23:56:51,253 - INFO - bot.services.blockchain - [Web3] [TX] tx_hash: b'n\xe8\x93_\x12{3\x0c\xbc!\x1f\x01N\x88\xf3L\xdb\xf8\xec\x8aD\xb9P*\xc0Ex\xc2\xf7\x94-?', type: <class 'hexbytes.main.HexBytes'>
2025-06-10 23:56:51,253 - INFO - bot.services.blockchain - [Web3] Транзакция ProductRegistry.createProduct отправлена: 6ee8935f127b330cbc211f014e88f34cdbf8ec8a44b9502ac04578c2f7942d3f
2025-06-10 23:56:51,256 - INFO - bot.services.blockchain - [Web3] Транзакция подтверждена: AttributeDict({'cumulativeGasUsed': 245958, 'logsBloom': HexBytes('0x00000000000000000002000000000000000000000000000000000000000000000000000000000000000000000000000000000000080000000000000000000000000000001000000000000000000000000000000000000000000000000000000000000800000000000000000000000000000000000000000000001000000000000008100000000000000000000000000200000000000000000000000000000000000000000000000000000000000000000000000000000000000000000000000000000000000000000000000000000000000000004020201000000000000000000000000000000000000000000000000001000001000000000100000000000000'), 'logs': [AttributeDict({'address': '0xDc64a140Aa3E981100a9becA4E685f962f0cF6C9', 'topics': [HexBytes('0x54dff03e1bcaf4f55dc6a58920c699950dcc592aca1a0e7a62d344d70863a6db')], 'data': HexBytes('0x00000000000000000000000000000000000000000000000000000000000000400000000000000000000000000000000000000000000000000000000000000080000000000000000000000000000000000000000000000000000000000000000d63726561746550726f647563740000000000000000000000000000000000000000000000000000000000000000000000000000000000000000000000000000057374617274000000000000000000000000000000000000000000000000000000'), 'transactionHash': HexBytes('0x6ee8935f127b330cbc211f014e88f34cdbf8ec8a44b9502ac04578c2f7942d3f'), 'blockHash': HexBytes('0xf477196ae50fdf3c534b36c91ca83abd11c87c5661a60ad0c771983bd871ed08'), 'blockNumber': 134, 'logIndex': 0, 'transactionIndex': 0, 'removed': False}), AttributeDict({'address': '0xDc64a140Aa3E981100a9becA4E685f962f0cF6C9', 'topics': [HexBytes('0x54dff03e1bcaf4f55dc6a58920c699950dcc592aca1a0e7a62d344d70863a6db')], 'data': HexBytes('0x00000000000000000000000000000000000000000000000000000000000000400000000000000000000000000000000000000000000000000000000000000080000000000000000000000000000000000000000000000000000000000000000d63726561746550726f6475637400000000000000000000000000000000000000000000000000000000000000000000000000000000000000000000000000001043494420636865636b2070617373656400000000000000000000000000000000'), 'transactionHash': HexBytes('0x6ee8935f127b330cbc211f014e88f34cdbf8ec8a44b9502ac04578c2f7942d3f'), 'blockHash': HexBytes('0xf477196ae50fdf3c534b36c91ca83abd11c87c5661a60ad0c771983bd871ed08'), 'blockNumber': 134, 'logIndex': 1, 'transactionIndex': 0, 'removed': False}), AttributeDict({'address': '0xDc64a140Aa3E981100a9becA4E685f962f0cF6C9', 'topics': [HexBytes('0x54dff03e1bcaf4f55dc6a58920c699950dcc592aca1a0e7a62d344d70863a6db')], 'data': HexBytes('0x00000000000000000000000000000000000000000000000000000000000000400000000000000000000000000000000000000000000000000000000000000080000000000000000000000000000000000000000000000000000000000000000d63726561746550726f6475637400000000000000000000000000000000000000000000000000000000000000000000000000000000000000000000000000000c49442067656e6572617465640000000000000000000000000000000000000000'), 'transactionHash': HexBytes('0x6ee8935f127b330cbc211f014e88f34cdbf8ec8a44b9502ac04578c2f7942d3f'), 'blockHash': HexBytes('0xf477196ae50fdf3c534b36c91ca83abd11c87c5661a60ad0c771983bd871ed08'), 'blockNumber': 134, 'logIndex': 2, 'transactionIndex': 0, 'removed': False}), AttributeDict({'address': '0xDc64a140Aa3E981100a9becA4E685f962f0cF6C9', 'topics': [HexBytes('0x54dff03e1bcaf4f55dc6a58920c699950dcc592aca1a0e7a62d344d70863a6db')], 'data': HexBytes('0x00000000000000000000000000000000000000000000000000000000000000400000000000000000000000000000000000000000000000000000000000000080000000000000000000000000000000000000000000000000000000000000000d63726561746550726f6475637400000000000000000000000000000000000000000000000000000000000000000000000000000000000000000000000000001670726f6475637420737472756374206372656174656400000000000000000000'), 'transactionHash': HexBytes('0x6ee8935f127b330cbc211f014e88f34cdbf8ec8a44b9502ac04578c2f7942d3f'), 'blockHash': HexBytes('0xf477196ae50fdf3c534b36c91ca83abd11c87c5661a60ad0c771983bd871ed08'), 'blockNumber': 134, 'logIndex': 3, 'transactionIndex': 0, 'removed': False}), AttributeDict({'address': '0xDc64a140Aa3E981100a9becA4E685f962f0cF6C9', 'topics': [HexBytes('0x54dff03e1bcaf4f55dc6a58920c699950dcc592aca1a0e7a62d344d70863a6db')], 'data': HexBytes('0x00000000000000000000000000000000000000000000000000000000000000400000000000000000000000000000000000000000000000000000000000000080000000000000000000000000000000000000000000000000000000000000000d63726561746550726f6475637400000000000000000000000000000000000000000000000000000000000000000000000000000000000000000000000000001870726f6475637420736176656420746f2073746f726167650000000000000000'), 'transactionHash': HexBytes('0x6ee8935f127b330cbc211f014e88f34cdbf8ec8a44b9502ac04578c2f7942d3f'), 'blockHash': HexBytes('0xf477196ae50fdf3c534b36c91ca83abd11c87c5661a60ad0c771983bd871ed08'), 'blockNumber': 134, 'logIndex': 4, 'transactionIndex': 0, 'removed': False}), AttributeDict({'address': '0xDc64a140Aa3E981100a9becA4E685f962f0cF6C9', 'topics': [HexBytes('0x54dff03e1bcaf4f55dc6a58920c699950dcc592aca1a0e7a62d344d70863a6db')], 'data': HexBytes('0x00000000000000000000000000000000000000000000000000000000000000400000000000000000000000000000000000000000000000000000000000000080000000000000000000000000000000000000000000000000000000000000000d63726561746550726f64756374000000000000000000000000000000000000000000000000000000000000000000000000000000000000000000000000000018616464656420746f206163746976652070726f64756374730000000000000000'), 'transactionHash': HexBytes('0x6ee8935f127b330cbc211f014e88f34cdbf8ec8a44b9502ac04578c2f7942d3f'), 'blockHash': HexBytes('0xf477196ae50fdf3c534b36c91ca83abd11c87c5661a60ad0c771983bd871ed08'), 'blockNumber': 134, 'logIndex': 5, 'transactionIndex': 0, 'removed': False}), AttributeDict({'address': '0xDc64a140Aa3E981100a9becA4E685f962f0cF6C9', 'topics': [HexBytes('0x54dff03e1bcaf4f55dc6a58920c699950dcc592aca1a0e7a62d344d70863a6db')], 'data': HexBytes('0x00000000000000000000000000000000000000000000000000000000000000400000000000000000000000000000000000000000000000000000000000000080000000000000000000000000000000000000000000000000000000000000000d63726561746550726f64756374000000000000000000000000000000000000000000000000000000000000000000000000000000000000000000000000000018616464656420746f2073656c6c65722070726f64756374730000000000000000'), 'transactionHash': HexBytes('0x6ee8935f127b330cbc211f014e88f34cdbf8ec8a44b9502ac04578c2f7942d3f'), 'blockHash': HexBytes('0xf477196ae50fdf3c534b36c91ca83abd11c87c5661a60ad0c771983bd871ed08'), 'blockNumber': 134, 'logIndex': 6, 'transactionIndex': 0, 'removed': False}), AttributeDict({'address': '0xDc64a140Aa3E981100a9becA4E685f962f0cF6C9', 'topics': [HexBytes('0x3ef789b574bb6db8362567213254e4ea8dfdc59a2f563cac1c3f68bee245c8ec'), HexBytes('0x00000000000000000000000070997970c51812dc3a010c7d01b50e0d17dc79c8')], 'data': HexBytes('0x000000000000000000000000000000000000000000000000000000000000007600000000000000000000000000000000000000000000000000000000000000600000000000000000000000000000000000000000000000000000000000000001000000000000000000000000000000000000000000000000000000000000002e516d63437173766f4632585a53426277516f4252624d767954574e59653266713672346b76395645327368785344000000000000000000000000000000000000'), 'transactionHash': HexBytes('0x6ee8935f127b330cbc211f014e88f34cdbf8ec8a44b9502ac04578c2f7942d3f'), 'blockHash': HexBytes('0xf477196ae50fdf3c534b36c91ca83abd11c87c5661a60ad0c771983bd871ed08'), 'blockNumber': 134, 'logIndex': 7, 'transactionIndex': 0, 'removed': False}), AttributeDict({'address': '0xDc64a140Aa3E981100a9becA4E685f962f0cF6C9', 'topics': [HexBytes('0x2c8dc80766467cf0b6779fd338b13f496b9aee65821a7de24dca64eaff04cda4'), HexBytes('0x00000000000000000000000070997970c51812dc3a010c7d01b50e0d17dc79c8')], 'data': HexBytes('0x0000000000000000000000000000000000000000000000000000000000000076'), 'transactionHash': HexBytes('0x6ee8935f127b330cbc211f014e88f34cdbf8ec8a44b9502ac04578c2f7942d3f'), 'blockHash': HexBytes('0xf477196ae50fdf3c534b36c91ca83abd11c87c5661a60ad0c771983bd871ed08'), 'blockNumber': 134, 'logIndex': 8, 'transactionIndex': 0, 'removed': False}), AttributeDict({'address': '0xDc64a140Aa3E981100a9becA4E685f962f0cF6C9', 'topics': [HexBytes('0x54dff03e1bcaf4f55dc6a58920c699950dcc592aca1a0e7a62d344d70863a6db')], 'data': HexBytes('0x00000000000000000000000000000000000000000000000000000000000000400000000000000000000000000000000000000000000000000000000000000080000000000000000000000000000000000000000000000000000000000000000d63726561746550726f6475637400000000000000000000000000000000000000000000000000000000000000000000000000000000000000000000000000001566696e6973686564207375636365737366756c6c790000000000000000000000'), 'transactionHash': HexBytes('0x6ee8935f127b330cbc211f014e88f34cdbf8ec8a44b9502ac04578c2f7942d3f'), 'blockHash': HexBytes('0xf477196ae50fdf3c534b36c91ca83abd11c87c5661a60ad0c771983bd871ed08'), 'blockNumber': 134, 'logIndex': 9, 'transactionIndex': 0, 'removed': False})], 'status': 1, 'type': 0, 'transactionHash': HexBytes('0x6ee8935f127b330cbc211f014e88f34cdbf8ec8a44b9502ac04578c2f7942d3f'), 'transactionIndex': 0, 'from': '0x70997970C51812dc3A010C7d01b50e0d17dc79C8', 'to': '0xDc64a140Aa3E981100a9becA4E685f962f0cF6C9', 'contractAddress': None, 'gasUsed': 245958, 'effectiveGasPrice': 1000000032, 'blockHash': HexBytes('0xf477196ae50fdf3c534b36c91ca83abd11c87c5661a60ad0c771983bd871ed08'), 'blockNumber': 134})
2025-06-10 23:56:51,260 - INFO - bot.services.product_registry - [ProductRegistry] Продукт успешно создан. Хэш транзакции: 6ee8935f127b330cbc211f014e88f34cdbf8ec8a44b9502ac04578c2f7942d3f
2025-06-10 23:56:51,260 - INFO - __main__ - ✅ Продукт aspen_bark_dried_strips успешно загружен в смарт контракт. TX: 6ee8935f127b330cbc211f014e88f34cdbf8ec8a44b9502ac04578c2f7942d3f
2025-06-10 23:56:51,260 - INFO - bot.services.product_registry - [ProductRegistry] Создание продукта в смарт-контракте с CID: Qmb7s7cjpqYzKhwRFwwmnYkKZYmQgrzWYKwRHFkPHd6pVN
2025-06-10 23:56:51,260 - INFO - bot.services.blockchain - [BlockchainService] Создание продукта с CID: Qmb7s7cjpqYzKhwRFwwmnYkKZYmQgrzWYKwRHFkPHd6pVN
2025-06-10 23:56:51,262 - INFO - bot.services.blockchain - [Web3] [TX] account.address: 0x70997970C51812dc3A010C7d01b50e0d17dc79C8
2025-06-10 23:56:51,262 - INFO - bot.services.blockchain - [Web3] [TX] func: <Function createProduct(string) bound to ('Qmb7s7cjpqYzKhwRFwwmnYkKZYmQgrzWYKwRHFkPHd6pVN',)>, args: ('Qmb7s7cjpqYzKhwRFwwmnYkKZYmQgrzWYKwRHFkPHd6pVN',), kwargs: {}
2025-06-10 23:56:51,267 - INFO - bot.services.blockchain - [Web3] [TX] txn (build_transaction): {'value': 0, 'chainId': 31337, 'from': '0x70997970C51812dc3A010C7d01b50e0d17dc79C8', 'nonce': 126, 'gas': 2000000, 'gasPrice': 1000000029, 'to': '0xDc64a140Aa3E981100a9becA4E685f962f0cF6C9', 'data': '0x02ec06be0000000000000000000000000000000000000000000000000000000000000020000000000000000000000000000000000000000000000000000000000000002e516d62377337636a7071597a4b6877524677776d6e596b4b5a596d5167727a57594b775248466b5048643670564e000000000000000000000000000000000000'}
2025-06-10 23:56:51,272 - INFO - bot.services.blockchain - [Web3] [TX] signed_txn: SignedTransaction(raw_transaction=HexBytes('0xf8eb7e843b9aca1d831e848094dc64a140aa3e981100a9beca4e685f962f0cf6c980b88402ec06be0000000000000000000000000000000000000000000000000000000000000020000000000000000000000000000000000000000000000000000000000000002e516d62377337636a7071597a4b6877524677776d6e596b4b5a596d5167727a57594b775248466b5048643670564e00000000000000000000000000000000000082f4f5a0a3e91dabfefb70463a5c44b10dbb8cf1e27e64ef78e80725f55a2fe65384c62da060d7464b70b2db291d59d09e23f62ce2b4b3705311bc741f85b6948d4ad49c5e'), hash=HexBytes('0xed04bc8eaa0e55f083a0074c7f9efcddcb7470a59ea482acde046c84e40a99a8'), r=74138874472813479775428489920916322855671284425632947893744506742621344155181, s=43802390739029755087654376313190740881930007459912241940901371635058557099102, v=62709), type: <class 'eth_account.datastructures.SignedTransaction'>
2025-06-10 23:56:51,280 - INFO - bot.services.blockchain - [Web3] [TX] tx_hash: b'\xed\x04\xbc\x8e\xaa\x0eU\xf0\x83\xa0\x07L\x7f\x9e\xfc\xdd\xcbtp\xa5\x9e\xa4\x82\xac\xde\x04l\x84\xe4\n\x99\xa8', type: <class 'hexbytes.main.HexBytes'>
2025-06-10 23:56:51,281 - INFO - bot.services.blockchain - [Web3] Транзакция ProductRegistry.createProduct отправлена: ed04bc8eaa0e55f083a0074c7f9efcddcb7470a59ea482acde046c84e40a99a8
2025-06-10 23:56:51,289 - INFO - bot.services.blockchain - [Web3] Транзакция подтверждена: AttributeDict({'cumulativeGasUsed': 245958, 'logsBloom': HexBytes('0x00000000000000000002000000000000000000000000000000000000000000000000000000000000000000000000000000000000080000000000000000000000000000001000000000000000000000000000000000000000000000000000000000000800000000000000000000000000000000000000000000001000000000000008100000000000000000000000000200000000000000000000000000000000000000000000000000000000000000000000000000000000000000000000000000000000000000000000000000000000000000004020201000000000000000000000000000000000000000000000000001000001000000000100000000000000'), 'logs': [AttributeDict({'address': '0xDc64a140Aa3E981100a9becA4E685f962f0cF6C9', 'topics': [HexBytes('0x54dff03e1bcaf4f55dc6a58920c699950dcc592aca1a0e7a62d344d70863a6db')], 'data': HexBytes('0x00000000000000000000000000000000000000000000000000000000000000400000000000000000000000000000000000000000000000000000000000000080000000000000000000000000000000000000000000000000000000000000000d63726561746550726f647563740000000000000000000000000000000000000000000000000000000000000000000000000000000000000000000000000000057374617274000000000000000000000000000000000000000000000000000000'), 'transactionHash': HexBytes('0xed04bc8eaa0e55f083a0074c7f9efcddcb7470a59ea482acde046c84e40a99a8'), 'blockHash': HexBytes('0xdf3991b1a02bf456bb2e311fde4182cda92f072026282cce39e91175ff6e0ff5'), 'blockNumber': 135, 'logIndex': 0, 'transactionIndex': 0, 'removed': False}), AttributeDict({'address': '0xDc64a140Aa3E981100a9becA4E685f962f0cF6C9', 'topics': [HexBytes('0x54dff03e1bcaf4f55dc6a58920c699950dcc592aca1a0e7a62d344d70863a6db')], 'data': HexBytes('0x00000000000000000000000000000000000000000000000000000000000000400000000000000000000000000000000000000000000000000000000000000080000000000000000000000000000000000000000000000000000000000000000d63726561746550726f6475637400000000000000000000000000000000000000000000000000000000000000000000000000000000000000000000000000001043494420636865636b2070617373656400000000000000000000000000000000'), 'transactionHash': HexBytes('0xed04bc8eaa0e55f083a0074c7f9efcddcb7470a59ea482acde046c84e40a99a8'), 'blockHash': HexBytes('0xdf3991b1a02bf456bb2e311fde4182cda92f072026282cce39e91175ff6e0ff5'), 'blockNumber': 135, 'logIndex': 1, 'transactionIndex': 0, 'removed': False}), AttributeDict({'address': '0xDc64a140Aa3E981100a9becA4E685f962f0cF6C9', 'topics': [HexBytes('0x54dff03e1bcaf4f55dc6a58920c699950dcc592aca1a0e7a62d344d70863a6db')], 'data': HexBytes('0x00000000000000000000000000000000000000000000000000000000000000400000000000000000000000000000000000000000000000000000000000000080000000000000000000000000000000000000000000000000000000000000000d63726561746550726f6475637400000000000000000000000000000000000000000000000000000000000000000000000000000000000000000000000000000c49442067656e6572617465640000000000000000000000000000000000000000'), 'transactionHash': HexBytes('0xed04bc8eaa0e55f083a0074c7f9efcddcb7470a59ea482acde046c84e40a99a8'), 'blockHash': HexBytes('0xdf3991b1a02bf456bb2e311fde4182cda92f072026282cce39e91175ff6e0ff5'), 'blockNumber': 135, 'logIndex': 2, 'transactionIndex': 0, 'removed': False}), AttributeDict({'address': '0xDc64a140Aa3E981100a9becA4E685f962f0cF6C9', 'topics': [HexBytes('0x54dff03e1bcaf4f55dc6a58920c699950dcc592aca1a0e7a62d344d70863a6db')], 'data': HexBytes('0x00000000000000000000000000000000000000000000000000000000000000400000000000000000000000000000000000000000000000000000000000000080000000000000000000000000000000000000000000000000000000000000000d63726561746550726f6475637400000000000000000000000000000000000000000000000000000000000000000000000000000000000000000000000000001670726f6475637420737472756374206372656174656400000000000000000000'), 'transactionHash': HexBytes('0xed04bc8eaa0e55f083a0074c7f9efcddcb7470a59ea482acde046c84e40a99a8'), 'blockHash': HexBytes('0xdf3991b1a02bf456bb2e311fde4182cda92f072026282cce39e91175ff6e0ff5'), 'blockNumber': 135, 'logIndex': 3, 'transactionIndex': 0, 'removed': False}), AttributeDict({'address': '0xDc64a140Aa3E981100a9becA4E685f962f0cF6C9', 'topics': [HexBytes('0x54dff03e1bcaf4f55dc6a58920c699950dcc592aca1a0e7a62d344d70863a6db')], 'data': HexBytes('0x00000000000000000000000000000000000000000000000000000000000000400000000000000000000000000000000000000000000000000000000000000080000000000000000000000000000000000000000000000000000000000000000d63726561746550726f6475637400000000000000000000000000000000000000000000000000000000000000000000000000000000000000000000000000001870726f6475637420736176656420746f2073746f726167650000000000000000'), 'transactionHash': HexBytes('0xed04bc8eaa0e55f083a0074c7f9efcddcb7470a59ea482acde046c84e40a99a8'), 'blockHash': HexBytes('0xdf3991b1a02bf456bb2e311fde4182cda92f072026282cce39e91175ff6e0ff5'), 'blockNumber': 135, 'logIndex': 4, 'transactionIndex': 0, 'removed': False}), AttributeDict({'address': '0xDc64a140Aa3E981100a9becA4E685f962f0cF6C9', 'topics': [HexBytes('0x54dff03e1bcaf4f55dc6a58920c699950dcc592aca1a0e7a62d344d70863a6db')], 'data': HexBytes('0x00000000000000000000000000000000000000000000000000000000000000400000000000000000000000000000000000000000000000000000000000000080000000000000000000000000000000000000000000000000000000000000000d63726561746550726f64756374000000000000000000000000000000000000000000000000000000000000000000000000000000000000000000000000000018616464656420746f206163746976652070726f64756374730000000000000000'), 'transactionHash': HexBytes('0xed04bc8eaa0e55f083a0074c7f9efcddcb7470a59ea482acde046c84e40a99a8'), 'blockHash': HexBytes('0xdf3991b1a02bf456bb2e311fde4182cda92f072026282cce39e91175ff6e0ff5'), 'blockNumber': 135, 'logIndex': 5, 'transactionIndex': 0, 'removed': False}), AttributeDict({'address': '0xDc64a140Aa3E981100a9becA4E685f962f0cF6C9', 'topics': [HexBytes('0x54dff03e1bcaf4f55dc6a58920c699950dcc592aca1a0e7a62d344d70863a6db')], 'data': HexBytes('0x00000000000000000000000000000000000000000000000000000000000000400000000000000000000000000000000000000000000000000000000000000080000000000000000000000000000000000000000000000000000000000000000d63726561746550726f64756374000000000000000000000000000000000000000000000000000000000000000000000000000000000000000000000000000018616464656420746f2073656c6c65722070726f64756374730000000000000000'), 'transactionHash': HexBytes('0xed04bc8eaa0e55f083a0074c7f9efcddcb7470a59ea482acde046c84e40a99a8'), 'blockHash': HexBytes('0xdf3991b1a02bf456bb2e311fde4182cda92f072026282cce39e91175ff6e0ff5'), 'blockNumber': 135, 'logIndex': 6, 'transactionIndex': 0, 'removed': False}), AttributeDict({'address': '0xDc64a140Aa3E981100a9becA4E685f962f0cF6C9', 'topics': [HexBytes('0x3ef789b574bb6db8362567213254e4ea8dfdc59a2f563cac1c3f68bee245c8ec'), HexBytes('0x00000000000000000000000070997970c51812dc3a010c7d01b50e0d17dc79c8')], 'data': HexBytes('0x000000000000000000000000000000000000000000000000000000000000007700000000000000000000000000000000000000000000000000000000000000600000000000000000000000000000000000000000000000000000000000000001000000000000000000000000000000000000000000000000000000000000002e516d62377337636a7071597a4b6877524677776d6e596b4b5a596d5167727a57594b775248466b5048643670564e000000000000000000000000000000000000'), 'transactionHash': HexBytes('0xed04bc8eaa0e55f083a0074c7f9efcddcb7470a59ea482acde046c84e40a99a8'), 'blockHash': HexBytes('0xdf3991b1a02bf456bb2e311fde4182cda92f072026282cce39e91175ff6e0ff5'), 'blockNumber': 135, 'logIndex': 7, 'transactionIndex': 0, 'removed': False}), AttributeDict({'address': '0xDc64a140Aa3E981100a9becA4E685f962f0cF6C9', 'topics': [HexBytes('0x2c8dc80766467cf0b6779fd338b13f496b9aee65821a7de24dca64eaff04cda4'), HexBytes('0x00000000000000000000000070997970c51812dc3a010c7d01b50e0d17dc79c8')], 'data': HexBytes('0x0000000000000000000000000000000000000000000000000000000000000077'), 'transactionHash': HexBytes('0xed04bc8eaa0e55f083a0074c7f9efcddcb7470a59ea482acde046c84e40a99a8'), 'blockHash': HexBytes('0xdf3991b1a02bf456bb2e311fde4182cda92f072026282cce39e91175ff6e0ff5'), 'blockNumber': 135, 'logIndex': 8, 'transactionIndex': 0, 'removed': False}), AttributeDict({'address': '0xDc64a140Aa3E981100a9becA4E685f962f0cF6C9', 'topics': [HexBytes('0x54dff03e1bcaf4f55dc6a58920c699950dcc592aca1a0e7a62d344d70863a6db')], 'data': HexBytes('0x00000000000000000000000000000000000000000000000000000000000000400000000000000000000000000000000000000000000000000000000000000080000000000000000000000000000000000000000000000000000000000000000d63726561746550726f6475637400000000000000000000000000000000000000000000000000000000000000000000000000000000000000000000000000001566696e6973686564207375636365737366756c6c790000000000000000000000'), 'transactionHash': HexBytes('0xed04bc8eaa0e55f083a0074c7f9efcddcb7470a59ea482acde046c84e40a99a8'), 'blockHash': HexBytes('0xdf3991b1a02bf456bb2e311fde4182cda92f072026282cce39e91175ff6e0ff5'), 'blockNumber': 135, 'logIndex': 9, 'transactionIndex': 0, 'removed': False})], 'status': 1, 'type': 0, 'transactionHash': HexBytes('0xed04bc8eaa0e55f083a0074c7f9efcddcb7470a59ea482acde046c84e40a99a8'), 'transactionIndex': 0, 'from': '0x70997970C51812dc3A010C7d01b50e0d17dc79C8', 'to': '0xDc64a140Aa3E981100a9becA4E685f962f0cF6C9', 'contractAddress': None, 'gasUsed': 245958, 'effectiveGasPrice': 1000000029, 'blockHash': HexBytes('0xdf3991b1a02bf456bb2e311fde4182cda92f072026282cce39e91175ff6e0ff5'), 'blockNumber': 135})
2025-06-10 23:56:51,292 - INFO - bot.services.product_registry - [ProductRegistry] Продукт успешно создан. Хэш транзакции: ed04bc8eaa0e55f083a0074c7f9efcddcb7470a59ea482acde046c84e40a99a8
2025-06-10 23:56:51,292 - INFO - __main__ - ✅ Продукт lions_mane_powder успешно загружен в смарт контракт. TX: ed04bc8eaa0e55f083a0074c7f9efcddcb7470a59ea482acde046c84e40a99a8
2025-06-10 23:56:51,292 - INFO - bot.services.product_registry - [ProductRegistry] Создание продукта в смарт-контракте с CID: QmTnLDtj1k8mHCPQs8v54xDrBUgNsmmjHAMtNzaVVi9oNa
2025-06-10 23:56:51,292 - INFO - bot.services.blockchain - [BlockchainService] Создание продукта с CID: QmTnLDtj1k8mHCPQs8v54xDrBUgNsmmjHAMtNzaVVi9oNa
2025-06-10 23:56:51,295 - INFO - bot.services.blockchain - [Web3] [TX] account.address: 0x70997970C51812dc3A010C7d01b50e0d17dc79C8
2025-06-10 23:56:51,295 - INFO - bot.services.blockchain - [Web3] [TX] func: <Function createProduct(string) bound to ('QmTnLDtj1k8mHCPQs8v54xDrBUgNsmmjHAMtNzaVVi9oNa',)>, args: ('QmTnLDtj1k8mHCPQs8v54xDrBUgNsmmjHAMtNzaVVi9oNa',), kwargs: {}
2025-06-10 23:56:51,300 - INFO - bot.services.blockchain - [Web3] [TX] txn (build_transaction): {'value': 0, 'chainId': 31337, 'from': '0x70997970C51812dc3A010C7d01b50e0d17dc79C8', 'nonce': 127, 'gas': 2000000, 'gasPrice': 1000000026, 'to': '0xDc64a140Aa3E981100a9becA4E685f962f0cF6C9', 'data': '0x02ec06be0000000000000000000000000000000000000000000000000000000000000020000000000000000000000000000000000000000000000000000000000000002e516d546e4c44746a316b386d4843505173387635347844724255674e736d6d6a48414d744e7a61565669396f4e61000000000000000000000000000000000000'}
2025-06-10 23:56:51,306 - INFO - bot.services.blockchain - [Web3] [TX] signed_txn: SignedTransaction(raw_transaction=HexBytes('0xf8eb7f843b9aca1a831e848094dc64a140aa3e981100a9beca4e685f962f0cf6c980b88402ec06be0000000000000000000000000000000000000000000000000000000000000020000000000000000000000000000000000000000000000000000000000000002e516d546e4c44746a316b386d4843505173387635347844724255674e736d6d6a48414d744e7a61565669396f4e6100000000000000000000000000000000000082f4f5a07186c0acefd7862a721297841be6654b6565b7d9737fbd0d3e646ec2a20d24e7a03dd613cbaddc08d4faac87e32b9673c564843324bd619e6262ab1117f5d35b3a'), hash=HexBytes('0x3c6e94ffcb49f2c772f1eea10e15e55f5aec6cb234f9051126368492d2d8b436'), r=51349439194257115099381462771856247917103315812133558930829362460950306563303, s=27969325659801129791304927951516877766005307164892247458325235475973382822714, v=62709), type: <class 'eth_account.datastructures.SignedTransaction'>
2025-06-10 23:56:51,308 - INFO - bot.services.blockchain - [Web3] [TX] tx_hash: b'<n\x94\xff\xcbI\xf2\xc7r\xf1\xee\xa1\x0e\x15\xe5_Z\xecl\xb24\xf9\x05\x11&6\x84\x92\xd2\xd8\xb46', type: <class 'hexbytes.main.HexBytes'>
2025-06-10 23:56:51,309 - INFO - bot.services.blockchain - [Web3] Транзакция ProductRegistry.createProduct отправлена: 3c6e94ffcb49f2c772f1eea10e15e55f5aec6cb234f9051126368492d2d8b436
2025-06-10 23:56:51,311 - INFO - bot.services.blockchain - [Web3] Транзакция подтверждена: AttributeDict({'cumulativeGasUsed': 245958, 'logsBloom': HexBytes('0x00000000000000000002000000000000000000000000000000000000000000000000000000000000000000000000000000000000080000000000000000000000000000001000000000000000000000000000000000000000000000000000000000000800000000000000000000000000000000000000000000001000000000000008100000000000000000000000000200000000000000000000000000000000000000000000000000000000000000000000000000000000000000000000000000000000000000000000000000000000000000004020201000000000000000000000000000000000000000000000000001000001000000000100000000000000'), 'logs': [AttributeDict({'address': '0xDc64a140Aa3E981100a9becA4E685f962f0cF6C9', 'topics': [HexBytes('0x54dff03e1bcaf4f55dc6a58920c699950dcc592aca1a0e7a62d344d70863a6db')], 'data': HexBytes('0x00000000000000000000000000000000000000000000000000000000000000400000000000000000000000000000000000000000000000000000000000000080000000000000000000000000000000000000000000000000000000000000000d63726561746550726f647563740000000000000000000000000000000000000000000000000000000000000000000000000000000000000000000000000000057374617274000000000000000000000000000000000000000000000000000000'), 'transactionHash': HexBytes('0x3c6e94ffcb49f2c772f1eea10e15e55f5aec6cb234f9051126368492d2d8b436'), 'blockHash': HexBytes('0x4bc9e4350824f35d40130bd85f30b615243bc7b41ecfe487a57127c3f33388ec'), 'blockNumber': 136, 'logIndex': 0, 'transactionIndex': 0, 'removed': False}), AttributeDict({'address': '0xDc64a140Aa3E981100a9becA4E685f962f0cF6C9', 'topics': [HexBytes('0x54dff03e1bcaf4f55dc6a58920c699950dcc592aca1a0e7a62d344d70863a6db')], 'data': HexBytes('0x00000000000000000000000000000000000000000000000000000000000000400000000000000000000000000000000000000000000000000000000000000080000000000000000000000000000000000000000000000000000000000000000d63726561746550726f6475637400000000000000000000000000000000000000000000000000000000000000000000000000000000000000000000000000001043494420636865636b2070617373656400000000000000000000000000000000'), 'transactionHash': HexBytes('0x3c6e94ffcb49f2c772f1eea10e15e55f5aec6cb234f9051126368492d2d8b436'), 'blockHash': HexBytes('0x4bc9e4350824f35d40130bd85f30b615243bc7b41ecfe487a57127c3f33388ec'), 'blockNumber': 136, 'logIndex': 1, 'transactionIndex': 0, 'removed': False}), AttributeDict({'address': '0xDc64a140Aa3E981100a9becA4E685f962f0cF6C9', 'topics': [HexBytes('0x54dff03e1bcaf4f55dc6a58920c699950dcc592aca1a0e7a62d344d70863a6db')], 'data': HexBytes('0x00000000000000000000000000000000000000000000000000000000000000400000000000000000000000000000000000000000000000000000000000000080000000000000000000000000000000000000000000000000000000000000000d63726561746550726f6475637400000000000000000000000000000000000000000000000000000000000000000000000000000000000000000000000000000c49442067656e6572617465640000000000000000000000000000000000000000'), 'transactionHash': HexBytes('0x3c6e94ffcb49f2c772f1eea10e15e55f5aec6cb234f9051126368492d2d8b436'), 'blockHash': HexBytes('0x4bc9e4350824f35d40130bd85f30b615243bc7b41ecfe487a57127c3f33388ec'), 'blockNumber': 136, 'logIndex': 2, 'transactionIndex': 0, 'removed': False}), AttributeDict({'address': '0xDc64a140Aa3E981100a9becA4E685f962f0cF6C9', 'topics': [HexBytes('0x54dff03e1bcaf4f55dc6a58920c699950dcc592aca1a0e7a62d344d70863a6db')], 'data': HexBytes('0x00000000000000000000000000000000000000000000000000000000000000400000000000000000000000000000000000000000000000000000000000000080000000000000000000000000000000000000000000000000000000000000000d63726561746550726f6475637400000000000000000000000000000000000000000000000000000000000000000000000000000000000000000000000000001670726f6475637420737472756374206372656174656400000000000000000000'), 'transactionHash': HexBytes('0x3c6e94ffcb49f2c772f1eea10e15e55f5aec6cb234f9051126368492d2d8b436'), 'blockHash': HexBytes('0x4bc9e4350824f35d40130bd85f30b615243bc7b41ecfe487a57127c3f33388ec'), 'blockNumber': 136, 'logIndex': 3, 'transactionIndex': 0, 'removed': False}), AttributeDict({'address': '0xDc64a140Aa3E981100a9becA4E685f962f0cF6C9', 'topics': [HexBytes('0x54dff03e1bcaf4f55dc6a58920c699950dcc592aca1a0e7a62d344d70863a6db')], 'data': HexBytes('0x00000000000000000000000000000000000000000000000000000000000000400000000000000000000000000000000000000000000000000000000000000080000000000000000000000000000000000000000000000000000000000000000d63726561746550726f6475637400000000000000000000000000000000000000000000000000000000000000000000000000000000000000000000000000001870726f6475637420736176656420746f2073746f726167650000000000000000'), 'transactionHash': HexBytes('0x3c6e94ffcb49f2c772f1eea10e15e55f5aec6cb234f9051126368492d2d8b436'), 'blockHash': HexBytes('0x4bc9e4350824f35d40130bd85f30b615243bc7b41ecfe487a57127c3f33388ec'), 'blockNumber': 136, 'logIndex': 4, 'transactionIndex': 0, 'removed': False}), AttributeDict({'address': '0xDc64a140Aa3E981100a9becA4E685f962f0cF6C9', 'topics': [HexBytes('0x54dff03e1bcaf4f55dc6a58920c699950dcc592aca1a0e7a62d344d70863a6db')], 'data': HexBytes('0x00000000000000000000000000000000000000000000000000000000000000400000000000000000000000000000000000000000000000000000000000000080000000000000000000000000000000000000000000000000000000000000000d63726561746550726f64756374000000000000000000000000000000000000000000000000000000000000000000000000000000000000000000000000000018616464656420746f206163746976652070726f64756374730000000000000000'), 'transactionHash': HexBytes('0x3c6e94ffcb49f2c772f1eea10e15e55f5aec6cb234f9051126368492d2d8b436'), 'blockHash': HexBytes('0x4bc9e4350824f35d40130bd85f30b615243bc7b41ecfe487a57127c3f33388ec'), 'blockNumber': 136, 'logIndex': 5, 'transactionIndex': 0, 'removed': False}), AttributeDict({'address': '0xDc64a140Aa3E981100a9becA4E685f962f0cF6C9', 'topics': [HexBytes('0x54dff03e1bcaf4f55dc6a58920c699950dcc592aca1a0e7a62d344d70863a6db')], 'data': HexBytes('0x00000000000000000000000000000000000000000000000000000000000000400000000000000000000000000000000000000000000000000000000000000080000000000000000000000000000000000000000000000000000000000000000d63726561746550726f64756374000000000000000000000000000000000000000000000000000000000000000000000000000000000000000000000000000018616464656420746f2073656c6c65722070726f64756374730000000000000000'), 'transactionHash': HexBytes('0x3c6e94ffcb49f2c772f1eea10e15e55f5aec6cb234f9051126368492d2d8b436'), 'blockHash': HexBytes('0x4bc9e4350824f35d40130bd85f30b615243bc7b41ecfe487a57127c3f33388ec'), 'blockNumber': 136, 'logIndex': 6, 'transactionIndex': 0, 'removed': False}), AttributeDict({'address': '0xDc64a140Aa3E981100a9becA4E685f962f0cF6C9', 'topics': [HexBytes('0x3ef789b574bb6db8362567213254e4ea8dfdc59a2f563cac1c3f68bee245c8ec'), HexBytes('0x00000000000000000000000070997970c51812dc3a010c7d01b50e0d17dc79c8')], 'data': HexBytes('0x000000000000000000000000000000000000000000000000000000000000007800000000000000000000000000000000000000000000000000000000000000600000000000000000000000000000000000000000000000000000000000000001000000000000000000000000000000000000000000000000000000000000002e516d546e4c44746a316b386d4843505173387635347844724255674e736d6d6a48414d744e7a61565669396f4e61000000000000000000000000000000000000'), 'transactionHash': HexBytes('0x3c6e94ffcb49f2c772f1eea10e15e55f5aec6cb234f9051126368492d2d8b436'), 'blockHash': HexBytes('0x4bc9e4350824f35d40130bd85f30b615243bc7b41ecfe487a57127c3f33388ec'), 'blockNumber': 136, 'logIndex': 7, 'transactionIndex': 0, 'removed': False}), AttributeDict({'address': '0xDc64a140Aa3E981100a9becA4E685f962f0cF6C9', 'topics': [HexBytes('0x2c8dc80766467cf0b6779fd338b13f496b9aee65821a7de24dca64eaff04cda4'), HexBytes('0x00000000000000000000000070997970c51812dc3a010c7d01b50e0d17dc79c8')], 'data': HexBytes('0x0000000000000000000000000000000000000000000000000000000000000078'), 'transactionHash': HexBytes('0x3c6e94ffcb49f2c772f1eea10e15e55f5aec6cb234f9051126368492d2d8b436'), 'blockHash': HexBytes('0x4bc9e4350824f35d40130bd85f30b615243bc7b41ecfe487a57127c3f33388ec'), 'blockNumber': 136, 'logIndex': 8, 'transactionIndex': 0, 'removed': False}), AttributeDict({'address': '0xDc64a140Aa3E981100a9becA4E685f962f0cF6C9', 'topics': [HexBytes('0x54dff03e1bcaf4f55dc6a58920c699950dcc592aca1a0e7a62d344d70863a6db')], 'data': HexBytes('0x00000000000000000000000000000000000000000000000000000000000000400000000000000000000000000000000000000000000000000000000000000080000000000000000000000000000000000000000000000000000000000000000d63726561746550726f6475637400000000000000000000000000000000000000000000000000000000000000000000000000000000000000000000000000001566696e6973686564207375636365737366756c6c790000000000000000000000'), 'transactionHash': HexBytes('0x3c6e94ffcb49f2c772f1eea10e15e55f5aec6cb234f9051126368492d2d8b436'), 'blockHash': HexBytes('0x4bc9e4350824f35d40130bd85f30b615243bc7b41ecfe487a57127c3f33388ec'), 'blockNumber': 136, 'logIndex': 9, 'transactionIndex': 0, 'removed': False})], 'status': 1, 'type': 0, 'transactionHash': HexBytes('0x3c6e94ffcb49f2c772f1eea10e15e55f5aec6cb234f9051126368492d2d8b436'), 'transactionIndex': 0, 'from': '0x70997970C51812dc3A010C7d01b50e0d17dc79C8', 'to': '0xDc64a140Aa3E981100a9becA4E685f962f0cF6C9', 'contractAddress': None, 'gasUsed': 245958, 'effectiveGasPrice': 1000000026, 'blockHash': HexBytes('0x4bc9e4350824f35d40130bd85f30b615243bc7b41ecfe487a57127c3f33388ec'), 'blockNumber': 136})
2025-06-10 23:56:51,312 - INFO - bot.services.product_registry - [ProductRegistry] Продукт успешно создан. Хэш транзакции: 3c6e94ffcb49f2c772f1eea10e15e55f5aec6cb234f9051126368492d2d8b436
2025-06-10 23:56:51,313 - INFO - __main__ - ✅ Продукт Lion's Mane mushroom — whole dried успешно загружен в смарт контракт. TX: 3c6e94ffcb49f2c772f1eea10e15e55f5aec6cb234f9051126368492d2d8b436
2025-06-10 23:56:51,313 - INFO - __main__ - 📊 Итоги загрузки:
2025-06-10 23:56:51,313 - INFO - __main__ - ✅ Успешно загружено: 0
2025-06-10 23:56:51,313 - INFO - __main__ - ❌ Ошибок: 17
2025-06-10 23:56:51,313 - INFO - __main__ - 🔍 Детали ошибок:
2025-06-10 23:56:51,313 - ERROR - __main__ -   - Продукт amanita1: 'SignedTransaction' object has no attribute 'rawTransaction'
2025-06-10 23:56:51,313 - ERROR - __main__ -   - Продукт amanita_closed_cups: 'SignedTransaction' object has no attribute 'rawTransaction'
2025-06-10 23:56:51,314 - ERROR - __main__ -   - Продукт amanita_broken_closed_cups: 'SignedTransaction' object has no attribute 'rawTransaction'
2025-06-10 23:56:51,314 - ERROR - __main__ -   - Продукт amanita_lux: 'SignedTransaction' object has no attribute 'rawTransaction'
2025-06-10 23:56:51,314 - ERROR - __main__ -   - Продукт amanita_pantherina_whole: 'SignedTransaction' object has no attribute 'rawTransaction'
2025-06-10 23:56:51,314 - ERROR - __main__ -   - Продукт amanita_pantherina_powder: 'SignedTransaction' object has no attribute 'rawTransaction'
2025-06-10 23:56:51,314 - ERROR - __main__ -   - Продукт amanita_tincture: 'SignedTransaction' object has no attribute 'rawTransaction'
2025-06-10 23:56:51,314 - ERROR - __main__ -   - Продукт blue_lotus_tincture: 'SignedTransaction' object has no attribute 'rawTransaction'
2025-06-10 23:56:51,314 - ERROR - __main__ -   - Продукт blue_lotus_flowers: 'SignedTransaction' object has no attribute 'rawTransaction'
2025-06-10 23:56:51,314 - ERROR - __main__ -   - Продукт chaga_chunks: 'SignedTransaction' object has no attribute 'rawTransaction'
2025-06-10 23:56:51,314 - ERROR - __main__ -   - Продукт cordyceps_militaris_powder: 'SignedTransaction' object has no attribute 'rawTransaction'
2025-06-10 23:56:51,314 - ERROR - __main__ -   - Продукт cordyceps_militaris_dried_bodies: 'SignedTransaction' object has no attribute 'rawTransaction'
2025-06-10 23:56:51,314 - ERROR - __main__ -   - Продукт chanterelle_dried: 'SignedTransaction' object has no attribute 'rawTransaction'
2025-06-10 23:56:51,314 - ERROR - __main__ -   - Продукт chanterelle_powder: 'SignedTransaction' object has no attribute 'rawTransaction'
2025-06-10 23:56:51,314 - ERROR - __main__ -   - Продукт aspen_bark_dried_strips: 'SignedTransaction' object has no attribute 'rawTransaction'
2025-06-10 23:56:51,314 - ERROR - __main__ -   - Продукт lions_mane_powder: 'SignedTransaction' object has no attribute 'rawTransaction'
2025-06-10 23:56:51,314 - ERROR - __main__ -   - Продукт Lion's Mane mushroom — whole dried: 'SignedTransaction' object has no attribute 'rawTransaction'
2025-06-10 23:56:51,314 - ERROR - __main__ - ❌ Процесс завершился с ошибками
2025-09-26 23:12:11,369 - INFO - __main__ - 🚀 Запуск пайплайна подготовки каталога
2025-09-26 23:12:11,370 - INFO - __main__ - 🖼️ Загрузка изображений...
2025-09-26 23:12:11,372 - INFO - services.core.storage.pinata - Кэш загружен, 8 записей
2025-09-26 23:12:11,372 - INFO - services.core.ipfs_factory - [IPFSFactory] Установлен Pinata провайдер
2025-09-26 23:12:11,372 - INFO - services.core.ipfs_factory - [IPFSFactory] Инициализирована фабрика IPFS с типом коммуникации: sync
2025-09-26 23:12:11,372 - INFO - utility.upload_catalog_images.facade - 🔧 Инициализирован загрузчик: SecurePinataUploader
2025-09-26 23:12:11,373 - INFO - utility.upload_catalog_images.facade - 📊 Найдено файлов для обработки: 33
2025-09-26 23:12:11,376 - INFO - utility.upload_catalog_images.facade - 🚀 Загружаем Lions Main — Powder.jpeg (размер: 229.2KB, тип: image/jpeg)
2025-09-26 23:12:11,376 - INFO - services.core.storage.pinata - Начинаем загрузку в IPFS: catalog/Lions Main — Powder.jpeg
2025-09-26 23:12:11,377 - DEBUG - services.core.storage.pinata - SHA-256 хеш файла: 25f70cfefbd4c9da21d5442b30743d1a2daddfb66ed250c7f1f7f7e3268680b5
2025-09-26 23:12:11,377 - INFO - services.core.storage.pinata - Загружаем файл: Lions Main — Powder.jpeg
2025-09-26 23:12:11,377 - INFO - services.core.storage.pinata - [Pinata] Rate limiting: ожидание 10.92s (базовая: 10.0s + jitter: 0.92s)
2025-09-26 23:12:24,168 - INFO - services.core.storage.pinata - Метрики сохранены в metrics/pinata_metrics_20250926_231224.json
2025-09-26 23:12:24,168 - INFO - services.core.storage.pinata - Успешно получен CID: QmTU5LpEp2qDBpCiWnZHEDuUK7BES3gm8wNWihn7ShqjAv
2025-09-26 23:12:24,170 - DEBUG - services.core.storage.pinata - Кэш сохранен
2025-09-26 23:12:24,171 - INFO - utility.upload_catalog_images.facade - ✅ Загружен Lions Main — Powder.jpeg -> QmTU5LpEp2qDBpCiWnZHEDuUK7BES3gm8wNWihn7ShqjAv за 12.8с
2025-09-26 23:12:24,171 - WARNING - utility.upload_catalog_images.facade - ⚠️ Пропуск orders_cart.json: Недопустимый тип файла: application/json
2025-09-26 23:12:24,171 - WARNING - utility.upload_catalog_images.facade - ⚠️ Пропуск upload_log.csv: Недопустимый тип файла: text/csv
2025-09-26 23:12:24,171 - WARNING - utility.upload_catalog_images.facade - ⚠️ Пропуск organic_descriptions.json: Недопустимый тип файла: application/json
2025-09-26 23:12:24,171 - INFO - utility.upload_catalog_images.facade - 🚀 Загружаем Amanita — Closed hats.jpeg (размер: 333.8KB, тип: image/jpeg)
2025-09-26 23:12:24,171 - INFO - services.core.storage.pinata - Начинаем загрузку в IPFS: catalog/Amanita — Closed hats.jpeg
2025-09-26 23:12:24,173 - DEBUG - services.core.storage.pinata - SHA-256 хеш файла: d59699ba4c1ee0d608111826d9de0ef10be56c89c5dd163c5e053c9021283d3c
2025-09-26 23:12:24,173 - INFO - services.core.storage.pinata - Загружаем файл: Amanita — Closed hats.jpeg
2025-09-26 23:12:24,173 - INFO - services.core.storage.pinata - [Pinata] Rate limiting: ожидание 11.48s (базовая: 10.0s + jitter: 1.48s)
2025-09-26 23:12:36,795 - INFO - services.core.storage.pinata - Успешно получен CID: QmbTBHeByJwUP9JyTo2GcHzj1YwzVww6zXrEDFt3zgdwQ1
2025-09-26 23:12:36,799 - DEBUG - services.core.storage.pinata - Кэш сохранен
2025-09-26 23:12:36,800 - INFO - utility.upload_catalog_images.facade - ✅ Загружен Amanita — Closed hats.jpeg -> QmbTBHeByJwUP9JyTo2GcHzj1YwzVww6zXrEDFt3zgdwQ1 за 12.6с
2025-09-26 23:12:36,800 - WARNING - utility.upload_catalog_images.facade - ⚠️ Пропуск Iveta_catalog.original.csv: Недопустимый тип файла: text/csv
2025-09-26 23:12:36,800 - WARNING - utility.upload_catalog_images.facade - ⚠️ Пропуск upload_catalog.log: Недопустимый тип файла: text/plain
2025-09-26 23:12:36,801 - WARNING - utility.upload_catalog_images.facade - ⚠️ Пропуск product_registry_upload_data.json: Недопустимый тип файла: application/json
2025-09-26 23:12:36,801 - WARNING - utility.upload_catalog_images.facade - ⚠️ Пропуск catalog2.json: Недопустимый тип файла: application/json
2025-09-26 23:12:36,801 - WARNING - utility.upload_catalog_images.facade - ⚠️ Пропуск catalog_images.json: Недопустимый тип файла: application/json
2025-09-26 23:12:36,801 - INFO - utility.upload_catalog_images.facade - 🚀 Загружаем Blue Lotus.jpeg (размер: 317.3KB, тип: image/jpeg)
2025-09-26 23:12:36,801 - INFO - services.core.storage.pinata - Начинаем загрузку в IPFS: catalog/Blue Lotus.jpeg
2025-09-26 23:12:36,803 - DEBUG - services.core.storage.pinata - SHA-256 хеш файла: ba7c12a6ce8c200e2b634a51406fdca97fc522332a107ff965d37ef88faf0178
2025-09-26 23:12:36,803 - INFO - services.core.storage.pinata - Загружаем файл: Blue Lotus.jpeg
2025-09-26 23:12:36,803 - INFO - services.core.storage.pinata - [Pinata] Rate limiting: ожидание 10.64s (базовая: 10.0s + jitter: 0.64s)
2025-09-26 23:12:48,561 - INFO - services.core.storage.pinata - Успешно получен CID: QmT5RC6Q6MRRF3YoDcXmKamKntXT6oSvxk3G2aLDkPc17T
2025-09-26 23:12:48,563 - DEBUG - services.core.storage.pinata - Кэш сохранен
2025-09-26 23:12:48,564 - INFO - utility.upload_catalog_images.facade - ✅ Загружен Blue Lotus.jpeg -> QmT5RC6Q6MRRF3YoDcXmKamKntXT6oSvxk3G2aLDkPc17T за 11.8с
2025-09-26 23:12:48,565 - INFO - utility.upload_catalog_images.facade - 🚀 Загружаем Amanita — Powder.jpeg (размер: 287.9KB, тип: image/jpeg)
2025-09-26 23:12:48,565 - INFO - services.core.storage.pinata - Начинаем загрузку в IPFS: catalog/Amanita — Powder.jpeg
2025-09-26 23:12:48,568 - DEBUG - services.core.storage.pinata - SHA-256 хеш файла: 9b08c086bc850abd9a14c81de3bea18561dcc1d289b9a6e4260751daf0fb3ffe
2025-09-26 23:12:48,568 - INFO - services.core.storage.pinata - Загружаем файл: Amanita — Powder.jpeg
2025-09-26 23:12:48,568 - INFO - services.core.storage.pinata - [Pinata] Rate limiting: ожидание 10.56s (базовая: 10.0s + jitter: 0.56s)
2025-09-26 23:13:00,636 - INFO - services.core.storage.pinata - Успешно получен CID: QmWwjNvD8HX6WB2TLsxiEhciMJCHRfiZBw9G2wgfqKyPbd
2025-09-26 23:13:00,639 - DEBUG - services.core.storage.pinata - Кэш сохранен
2025-09-26 23:13:00,640 - INFO - utility.upload_catalog_images.facade - ✅ Загружен Amanita — Powder.jpeg -> QmWwjNvD8HX6WB2TLsxiEhciMJCHRfiZBw9G2wgfqKyPbd за 12.1с
2025-09-26 23:13:00,640 - INFO - utility.upload_catalog_images.facade - 🚀 Загружаем Amanita — Tinctura.jpeg (размер: 220.1KB, тип: image/jpeg)
2025-09-26 23:13:00,640 - INFO - services.core.storage.pinata - Начинаем загрузку в IPFS: catalog/Amanita — Tinctura.jpeg
2025-09-26 23:13:00,641 - DEBUG - services.core.storage.pinata - SHA-256 хеш файла: e2051e155da0732ec02c44bd944f70ad0ceb253896e575fd50e97bfc439b7be6
2025-09-26 23:13:00,642 - INFO - services.core.storage.pinata - Загружаем файл: Amanita — Tinctura.jpeg
2025-09-26 23:13:00,642 - INFO - services.core.storage.pinata - [Pinata] Rate limiting: ожидание 11.99s (базовая: 10.0s + jitter: 1.99s)
2025-09-26 23:13:13,806 - INFO - services.core.storage.pinata - Успешно получен CID: QmbGrAqeugUxZZxWojavu4rbHdk5XNmSsSv92UV8FKjyHa
2025-09-26 23:13:13,809 - DEBUG - services.core.storage.pinata - Кэш сохранен
2025-09-26 23:13:13,810 - INFO - utility.upload_catalog_images.facade - ✅ Загружен Amanita — Tinctura.jpeg -> QmbGrAqeugUxZZxWojavu4rbHdk5XNmSsSv92UV8FKjyHa за 13.2с
2025-09-26 23:13:13,810 - INFO - utility.upload_catalog_images.facade - 🚀 Загружаем Foxes.jpeg (размер: 271.4KB, тип: image/jpeg)
2025-09-26 23:13:13,810 - INFO - services.core.storage.pinata - Начинаем загрузку в IPFS: catalog/Foxes.jpeg
2025-09-26 23:13:13,811 - DEBUG - services.core.storage.pinata - SHA-256 хеш файла: 2e028b389d8a8d09e3878e2ff4282581efefb8586a48cc62981a5b66108027dc
2025-09-26 23:13:13,811 - INFO - services.core.storage.pinata - Загружаем файл: Foxes.jpeg
2025-09-26 23:13:13,811 - INFO - services.core.storage.pinata - [Pinata] Rate limiting: ожидание 11.05s (базовая: 10.0s + jitter: 1.05s)
2025-09-26 23:13:26,371 - INFO - services.core.storage.pinata - Успешно получен CID: QmNULQzUp3TGVR6mbSEH9WBjbrGGgN3dy6wZF8KYAKNvGa
2025-09-26 23:13:26,375 - DEBUG - services.core.storage.pinata - Кэш сохранен
2025-09-26 23:13:26,376 - INFO - utility.upload_catalog_images.facade - ✅ Загружен Foxes.jpeg -> QmNULQzUp3TGVR6mbSEH9WBjbrGGgN3dy6wZF8KYAKNvGa за 12.6с
2025-09-26 23:13:26,377 - WARNING - utility.upload_catalog_images.facade - ⚠️ Пропуск organic_cid_mapping.json: Недопустимый тип файла: application/json
2025-09-26 23:13:26,377 - INFO - utility.upload_catalog_images.facade - 🚀 Загружаем Passion Flower.jpeg (размер: 245.6KB, тип: image/jpeg)
2025-09-26 23:13:26,377 - INFO - services.core.storage.pinata - Начинаем загрузку в IPFS: catalog/Passion Flower.jpeg
2025-09-26 23:13:26,380 - DEBUG - services.core.storage.pinata - SHA-256 хеш файла: 624c02f4e37646b09d55c03d70a40a6f8ae5861cd07ea6ac2eafd1cdb2157bbd
2025-09-26 23:13:26,380 - INFO - services.core.storage.pinata - Загружаем файл: Passion Flower.jpeg
2025-09-26 23:13:26,380 - INFO - services.core.storage.pinata - [Pinata] Rate limiting: ожидание 11.02s (базовая: 10.0s + jitter: 1.02s)
2025-09-26 23:13:38,584 - INFO - services.core.storage.pinata - Успешно получен CID: QmbtaSzChNvcjXEZZc3PpMXpcwVjpgQ5v1qfktbNGwuZZa
2025-09-26 23:13:38,588 - DEBUG - services.core.storage.pinata - Кэш сохранен
2025-09-26 23:13:38,589 - INFO - utility.upload_catalog_images.facade - ✅ Загружен Passion Flower.jpeg -> QmbtaSzChNvcjXEZZc3PpMXpcwVjpgQ5v1qfktbNGwuZZa за 12.2с
2025-09-26 23:13:38,589 - INFO - utility.upload_catalog_images.facade - 🚀 Загружаем Amanita — LUX.jpeg (размер: 331.3KB, тип: image/jpeg)
2025-09-26 23:13:38,589 - INFO - services.core.storage.pinata - Начинаем загрузку в IPFS: catalog/Amanita — LUX.jpeg
2025-09-26 23:13:38,591 - DEBUG - services.core.storage.pinata - SHA-256 хеш файла: 6e8019587e6e29d45aa9b0f3427ec611f1c00e6892bad4b32873d43384e1c492
2025-09-26 23:13:38,591 - INFO - services.core.storage.pinata - Загружаем файл: Amanita — LUX.jpeg
2025-09-26 23:13:38,591 - INFO - services.core.storage.pinata - [Pinata] Rate limiting: ожидание 11.07s (базовая: 10.0s + jitter: 1.07s)
2025-09-26 23:13:50,890 - INFO - services.core.storage.pinata - Успешно получен CID: Qmat1agJkdYK5uX8YZoJvQnQ3zzqSaavmzUEhpEfQHD4gz
2025-09-26 23:13:50,894 - DEBUG - services.core.storage.pinata - Кэш сохранен
2025-09-26 23:13:50,895 - INFO - utility.upload_catalog_images.facade - ✅ Загружен Amanita — LUX.jpeg -> Qmat1agJkdYK5uX8YZoJvQnQ3zzqSaavmzUEhpEfQHD4gz за 12.3с
2025-09-26 23:13:50,895 - INFO - utility.upload_catalog_images.facade - 🚀 Загружаем Cordyseps Militaris.jpeg (размер: 274.0KB, тип: image/jpeg)
2025-09-26 23:13:50,895 - INFO - services.core.storage.pinata - Начинаем загрузку в IPFS: catalog/Cordyseps Militaris.jpeg
2025-09-26 23:13:50,897 - DEBUG - services.core.storage.pinata - SHA-256 хеш файла: 4de3f0cddf6f4f3bf9a9175e25789c2fe835d68599637381b2709a3e2078bb91
2025-09-26 23:13:50,897 - INFO - services.core.storage.pinata - Загружаем файл: Cordyseps Militaris.jpeg
2025-09-26 23:13:50,897 - INFO - services.core.storage.pinata - [Pinata] Rate limiting: ожидание 11.07s (базовая: 10.0s + jitter: 1.07s)
2025-09-26 23:14:03,026 - INFO - services.core.storage.pinata - Успешно получен CID: QmfYLGvSUq2FEszpyLoyu28PLmeTMXk6zikT3c5W43kshP
2025-09-26 23:14:03,029 - DEBUG - services.core.storage.pinata - Кэш сохранен
2025-09-26 23:14:03,029 - INFO - utility.upload_catalog_images.facade - ✅ Загружен Cordyseps Militaris.jpeg -> QmfYLGvSUq2FEszpyLoyu28PLmeTMXk6zikT3c5W43kshP за 12.1с
2025-09-26 23:14:03,030 - INFO - utility.upload_catalog_images.facade - 🚀 Загружаем Cordyseps Militaris — Powder.jpeg (размер: 249.8KB, тип: image/jpeg)
2025-09-26 23:14:03,030 - INFO - services.core.storage.pinata - Начинаем загрузку в IPFS: catalog/Cordyseps Militaris — Powder.jpeg
2025-09-26 23:14:03,033 - DEBUG - services.core.storage.pinata - SHA-256 хеш файла: 0305cce050a6606ecd874754687c9b79f4d7fe0137431f9b1b63773c7857e2ca
2025-09-26 23:14:03,033 - INFO - services.core.storage.pinata - Загружаем файл: Cordyseps Militaris — Powder.jpeg
2025-09-26 23:14:03,033 - INFO - services.core.storage.pinata - [Pinata] Rate limiting: ожидание 10.93s (базовая: 10.0s + jitter: 0.93s)
2025-09-26 23:14:15,143 - INFO - services.core.storage.pinata - Успешно получен CID: QmW25vHA9WA78VENPus3A8Zrn45YeFMjVKWLJwfA5CEfSQ
2025-09-26 23:14:15,150 - DEBUG - services.core.storage.pinata - Кэш сохранен
2025-09-26 23:14:15,150 - INFO - utility.upload_catalog_images.facade - ✅ Загружен Cordyseps Militaris — Powder.jpeg -> QmW25vHA9WA78VENPus3A8Zrn45YeFMjVKWLJwfA5CEfSQ за 12.1с
2025-09-26 23:14:15,151 - INFO - utility.upload_catalog_images.facade - 🚀 Загружаем Kora Osiny.jpeg (размер: 287.8KB, тип: image/jpeg)
2025-09-26 23:14:15,151 - INFO - services.core.storage.pinata - Начинаем загрузку в IPFS: catalog/Kora Osiny.jpeg
2025-09-26 23:14:15,153 - DEBUG - services.core.storage.pinata - SHA-256 хеш файла: bfe3190434904552c5f6074d4c56c5cd0cc8b51ff247caf2bf94882434e6c27e
2025-09-26 23:14:15,153 - INFO - services.core.storage.pinata - Загружаем файл: Kora Osiny.jpeg
2025-09-26 23:14:15,153 - INFO - services.core.storage.pinata - [Pinata] Rate limiting: ожидание 11.38s (базовая: 10.0s + jitter: 1.38s)
2025-09-26 23:14:28,187 - INFO - services.core.storage.pinata - Успешно получен CID: QmZGLPHZxDJP4VRbZbR8CRBY2widf5wMqMvu3rowhJGvCT
2025-09-26 23:14:28,189 - DEBUG - services.core.storage.pinata - Кэш сохранен
2025-09-26 23:14:28,190 - INFO - utility.upload_catalog_images.facade - ✅ Загружен Kora Osiny.jpeg -> QmZGLPHZxDJP4VRbZbR8CRBY2widf5wMqMvu3rowhJGvCT за 13.0с
2025-09-26 23:14:28,190 - WARNING - utility.upload_catalog_images.facade - ⚠️ Пропуск Iveta_catalog.csv: Недопустимый тип файла: text/csv
2025-09-26 23:14:28,190 - INFO - utility.upload_catalog_images.facade - 🚀 Загружаем Blue Lotus — Tinctura.jpeg (размер: 226.8KB, тип: image/jpeg)
2025-09-26 23:14:28,190 - INFO - services.core.storage.pinata - Начинаем загрузку в IPFS: catalog/Blue Lotus — Tinctura.jpeg
2025-09-26 23:14:28,191 - DEBUG - services.core.storage.pinata - SHA-256 хеш файла: 0264e9257e530f766c51f47d83ae78f210bc422eee7b65d687727c94e026be12
2025-09-26 23:14:28,191 - INFO - services.core.storage.pinata - Загружаем файл: Blue Lotus — Tinctura.jpeg
2025-09-26 23:14:28,191 - INFO - services.core.storage.pinata - [Pinata] Rate limiting: ожидание 11.30s (базовая: 10.0s + jitter: 1.30s)
2025-09-26 23:14:40,597 - INFO - services.core.storage.pinata - Успешно получен CID: QmeR4vHpCm6eiWnMkJGARA8WLUNc8jWWEq3L5bhJGNfWFW
2025-09-26 23:14:40,600 - DEBUG - services.core.storage.pinata - Кэш сохранен
2025-09-26 23:14:40,601 - INFO - utility.upload_catalog_images.facade - ✅ Загружен Blue Lotus — Tinctura.jpeg -> QmeR4vHpCm6eiWnMkJGARA8WLUNc8jWWEq3L5bhJGNfWFW за 12.4с
2025-09-26 23:14:40,601 - INFO - utility.upload_catalog_images.facade - 🚀 Загружаем Amanita — Collapsed hats.jpeg (размер: 356.3KB, тип: image/jpeg)
2025-09-26 23:14:40,601 - INFO - services.core.storage.pinata - Начинаем загрузку в IPFS: catalog/Amanita — Collapsed hats.jpeg
2025-09-26 23:14:40,603 - DEBUG - services.core.storage.pinata - SHA-256 хеш файла: 0827e18cbd59367e7870c7f880e5ae1a256f81b2610fc2e99877a70d7703bc23
2025-09-26 23:14:40,604 - INFO - services.core.storage.pinata - Загружаем файл: Amanita — Collapsed hats.jpeg
2025-09-26 23:14:40,604 - INFO - services.core.storage.pinata - [Pinata] Rate limiting: ожидание 11.78s (базовая: 10.0s + jitter: 1.78s)
2025-09-26 23:14:53,803 - INFO - services.core.storage.pinata - Успешно получен CID: QmUPHsHyuDHKyVbduvqoooAYShFCSfYgcnEioxNNqgZK2B
2025-09-26 23:14:53,806 - DEBUG - services.core.storage.pinata - Кэш сохранен
2025-09-26 23:14:53,807 - INFO - utility.upload_catalog_images.facade - ✅ Загружен Amanita — Collapsed hats.jpeg -> QmUPHsHyuDHKyVbduvqoooAYShFCSfYgcnEioxNNqgZK2B за 13.2с
2025-09-26 23:14:53,807 - WARNING - utility.upload_catalog_images.facade - ⚠️ Пропуск catalog1.json: Недопустимый тип файла: application/json
2025-09-26 23:14:53,807 - WARNING - utility.upload_catalog_images.facade - ⚠️ Пропуск active_catalog.json: Недопустимый тип файла: application/json
2025-09-26 23:14:53,807 - INFO - utility.upload_catalog_images.facade - 🚀 Загружаем Amanita — Pantera.jpeg (размер: 274.2KB, тип: image/jpeg)
2025-09-26 23:14:53,807 - INFO - services.core.storage.pinata - Начинаем загрузку в IPFS: catalog/Amanita — Pantera.jpeg
2025-09-26 23:14:53,809 - DEBUG - services.core.storage.pinata - SHA-256 хеш файла: 4a03e818b00f335d6069d5f692891d6a9d9beab7dc2a22965111d7aa1f95ac3d
2025-09-26 23:14:53,809 - INFO - services.core.storage.pinata - Загружаем файл: Amanita — Pantera.jpeg
2025-09-26 23:14:53,810 - INFO - services.core.storage.pinata - [Pinata] Rate limiting: ожидание 10.61s (базовая: 10.0s + jitter: 0.61s)
2025-09-26 23:15:05,666 - INFO - services.core.storage.pinata - Успешно получен CID: QmQxwESeMcEAc8VcYjd5ZQQwkaubp11vKo3kkJkx8SsTfn
2025-09-26 23:15:05,668 - DEBUG - services.core.storage.pinata - Кэш сохранен
2025-09-26 23:15:05,668 - INFO - utility.upload_catalog_images.facade - ✅ Загружен Amanita — Pantera.jpeg -> QmQxwESeMcEAc8VcYjd5ZQQwkaubp11vKo3kkJkx8SsTfn за 11.9с
2025-09-26 23:15:05,668 - WARNING - utility.upload_catalog_images.facade - ⚠️ Пропуск Iveta_catalog_structured.csv: Недопустимый тип файла: text/csv
2025-09-26 23:15:05,668 - INFO - utility.upload_catalog_images.facade - 🚀 Загружаем Chaga.jpeg (размер: 247.6KB, тип: image/jpeg)
2025-09-26 23:15:05,668 - INFO - services.core.storage.pinata - Начинаем загрузку в IPFS: catalog/Chaga.jpeg
2025-09-26 23:15:05,670 - DEBUG - services.core.storage.pinata - SHA-256 хеш файла: c0a10d5cd479c9c6b9cffb57a0ca5193393b74a3653ffbdf8d5049368011106a
2025-09-26 23:15:05,670 - INFO - services.core.storage.pinata - Загружаем файл: Chaga.jpeg
2025-09-26 23:15:05,670 - INFO - services.core.storage.pinata - [Pinata] Rate limiting: ожидание 11.57s (базовая: 10.0s + jitter: 1.57s)
2025-09-26 23:15:18,390 - INFO - services.core.storage.pinata - Успешно получен CID: QmaUhzH11vG9aEH9MTpLHaVuBFMDPTXC9AcwcGBVoy2S5c
2025-09-26 23:15:18,393 - DEBUG - services.core.storage.pinata - Кэш сохранен
2025-09-26 23:15:18,393 - INFO - utility.upload_catalog_images.facade - ✅ Загружен Chaga.jpeg -> QmaUhzH11vG9aEH9MTpLHaVuBFMDPTXC9AcwcGBVoy2S5c за 12.7с
2025-09-26 23:15:18,394 - WARNING - utility.upload_catalog_images.facade - ⚠️ Пропуск images_upload_log.csv: Недопустимый тип файла: text/csv
2025-09-26 23:15:18,394 - INFO - utility.upload_catalog_images.facade - 🚀 Загружаем Lions Main.jpeg (размер: 272.7KB, тип: image/jpeg)
2025-09-26 23:15:18,394 - INFO - services.core.storage.pinata - Начинаем загрузку в IPFS: catalog/Lions Main.jpeg
2025-09-26 23:15:18,396 - DEBUG - services.core.storage.pinata - SHA-256 хеш файла: e5cac3ac1c87d3f78d6ec542e1a6098f00f5612e3712ae73025cd9f703ad5505
2025-09-26 23:15:18,397 - INFO - services.core.storage.pinata - Загружаем файл: Lions Main.jpeg
2025-09-26 23:15:18,397 - INFO - services.core.storage.pinata - [Pinata] Rate limiting: ожидание 10.98s (базовая: 10.0s + jitter: 0.98s)
2025-09-26 23:15:31,473 - INFO - services.core.storage.pinata - Успешно получен CID: QmXzbH3aeiyYyn5b4YSHe2kvNCQuUXtMngL91MeVjHH3vJ
2025-09-26 23:15:31,476 - DEBUG - services.core.storage.pinata - Кэш сохранен
2025-09-26 23:15:31,477 - INFO - utility.upload_catalog_images.facade - ✅ Загружен Lions Main.jpeg -> QmXzbH3aeiyYyn5b4YSHe2kvNCQuUXtMngL91MeVjHH3vJ за 13.1с
2025-09-26 23:15:31,477 - WARNING - utility.upload_catalog_images.facade - ⚠️ Пропуск images_upload_log.json: Недопустимый тип файла: application/json
2025-09-26 23:15:31,477 - INFO - utility.upload_catalog_images.facade - 🚀 Загружаем Amanita — 1 level.jpeg (размер: 314.0KB, тип: image/jpeg)
2025-09-26 23:15:31,477 - INFO - services.core.storage.pinata - Начинаем загрузку в IPFS: catalog/Amanita — 1 level.jpeg
2025-09-26 23:15:31,480 - DEBUG - services.core.storage.pinata - SHA-256 хеш файла: c86490afb18618a27c6c208a4d13c24056d9fad88dda0c641295b985594fee51
2025-09-26 23:15:31,480 - INFO - services.core.storage.pinata - Загружаем файл: Amanita — 1 level.jpeg
2025-09-26 23:15:31,480 - INFO - services.core.storage.pinata - [Pinata] Rate limiting: ожидание 11.91s (базовая: 10.0s + jitter: 1.91s)
2025-09-26 23:15:44,545 - INFO - services.core.storage.pinata - Успешно получен CID: QmYrs5gAMeZEmiFAJnmRcD19rpCpXF52ssMJ6X2oWrxWWj
2025-09-26 23:15:44,549 - DEBUG - services.core.storage.pinata - Кэш сохранен
2025-09-26 23:15:44,550 - INFO - utility.upload_catalog_images.facade - ✅ Загружен Amanita — 1 level.jpeg -> QmYrs5gAMeZEmiFAJnmRcD19rpCpXF52ssMJ6X2oWrxWWj за 13.1с
2025-09-26 23:15:44,552 - INFO - utility.upload_catalog_images.facade - 
==================================================
2025-09-26 23:15:44,552 - INFO - utility.upload_catalog_images.facade - 📊 Итоги загрузки:
2025-09-26 23:15:44,552 - INFO - utility.upload_catalog_images.facade - ✅ Успешно загружено: 17 файлов
2025-09-26 23:15:44,552 - INFO - utility.upload_catalog_images.facade - ❌ Ошибок загрузки: 15
2025-09-26 23:15:44,552 - INFO - utility.upload_catalog_images.facade - 📦 Общий размер: 5.5MB
2025-09-26 23:15:44,552 - INFO - utility.upload_catalog_images.facade - ⏱️ Общее время: 213.2с
2025-09-26 23:15:44,552 - INFO - utility.upload_catalog_images.facade - 📈 Средняя скорость: 0.0MB/s
2025-09-26 23:15:44,552 - INFO - utility.upload_catalog_images.facade - ==================================================
2025-09-26 23:15:44,554 - INFO - __main__ - 🖼️ Загружены изображения: {'Lions Main — Powder.jpeg': 'QmTU5LpEp2qDBpCiWnZHEDuUK7BES3gm8wNWihn7ShqjAv', 'Amanita — Closed hats.jpeg': 'QmbTBHeByJwUP9JyTo2GcHzj1YwzVww6zXrEDFt3zgdwQ1', 'Blue Lotus.jpeg': 'QmT5RC6Q6MRRF3YoDcXmKamKntXT6oSvxk3G2aLDkPc17T', 'Amanita — Powder.jpeg': 'QmWwjNvD8HX6WB2TLsxiEhciMJCHRfiZBw9G2wgfqKyPbd', 'Amanita — Tinctura.jpeg': 'QmbGrAqeugUxZZxWojavu4rbHdk5XNmSsSv92UV8FKjyHa', 'Foxes.jpeg': 'QmNULQzUp3TGVR6mbSEH9WBjbrGGgN3dy6wZF8KYAKNvGa', 'Passion Flower.jpeg': 'QmbtaSzChNvcjXEZZc3PpMXpcwVjpgQ5v1qfktbNGwuZZa', 'Amanita — LUX.jpeg': 'Qmat1agJkdYK5uX8YZoJvQnQ3zzqSaavmzUEhpEfQHD4gz', 'Cordyseps Militaris.jpeg': 'QmfYLGvSUq2FEszpyLoyu28PLmeTMXk6zikT3c5W43kshP', 'Cordyseps Militaris — Powder.jpeg': 'QmW25vHA9WA78VENPus3A8Zrn45YeFMjVKWLJwfA5CEfSQ', 'Kora Osiny.jpeg': 'QmZGLPHZxDJP4VRbZbR8CRBY2widf5wMqMvu3rowhJGvCT', 'Blue Lotus — Tinctura.jpeg': 'QmeR4vHpCm6eiWnMkJGARA8WLUNc8jWWEq3L5bhJGNfWFW', 'Amanita — Collapsed hats.jpeg': 'QmUPHsHyuDHKyVbduvqoooAYShFCSfYgcnEioxNNqgZK2B', 'Amanita — Pantera.jpeg': 'QmQxwESeMcEAc8VcYjd5ZQQwkaubp11vKo3kkJkx8SsTfn', 'Chaga.jpeg': 'QmaUhzH11vG9aEH9MTpLHaVuBFMDPTXC9AcwcGBVoy2S5c', 'Lions Main.jpeg': 'QmXzbH3aeiyYyn5b4YSHe2kvNCQuUXtMngL91MeVjHH3vJ', 'Amanita — 1 level.jpeg': 'QmYrs5gAMeZEmiFAJnmRcD19rpCpXF52ssMJ6X2oWrxWWj'}
2025-09-26 23:15:44,554 - INFO - __main__ - 📝 Загрузка описаний...
2025-09-26 23:15:44,559 - INFO - services.core.storage.pinata - Кэш загружен, 25 записей
2025-09-26 23:15:44,559 - INFO - services.core.ipfs_factory - [IPFSFactory] Установлен Pinata провайдер
2025-09-26 23:15:44,559 - INFO - services.core.ipfs_factory - [IPFSFactory] Инициализирована фабрика IPFS с типом коммуникации: sync
2025-09-26 23:15:44,559 - INFO - utility.upload_organic_descriptions - Загружаем описания из catalog/organic_descriptions.json
2025-09-26 23:15:44,559 - INFO - utility.upload_organic_descriptions - Загружено 11 описаний
2025-09-26 23:15:44,559 - INFO - utility.upload_organic_descriptions - Загружено 11 описаний для обработки
2025-09-26 23:15:44,559 - INFO - utility.upload_organic_descriptions - Обработка item_id: amanita_muscaria
2025-09-26 23:15:44,559 - DEBUG - utility.upload_organic_descriptions - Данные для загрузки: {
  "id": "amanita-muscaria",
  "title": "Мухомор красный",
  "scientific_name": "Amanita muscaria",
  "generic_description": "🔬 Активные компоненты:\n🔹Мусцимол — седатив, диссоциатив, открывает доступ к \"второму телу\", активируя тормозную систему ГАМК.\n🔹Иботеновая кислота — психостимулятор, вызывает возбуждение через NMDA-рецепторы. Преобразуется в мусцимол при сушке.\n🔹Буфотенин — редкий триптаминовый галлюциноген, структурный родственник серотонина и псилоцибина.\n🔹Мускарин — холинергический токсин. В больших дозах вызывает интоксикацию, но в микродозинге стимулирует парасимпатическую активность.\n🔹Микоатропин — антагонист мускарина, холинолитик. Уравновешивает внутренние полюса: яд и противоядие в одном теле.\n🔹Мускаруфин — пигмент и антибиотик. Поддерживает железы внутренней секреции, обладает противоопухолевым потенциалом.\n🔹Мусказон — побочный метаболит, появляется под действием солнечного света. Слабый, но символически значимый \"дух света\".",
  "effects": "🌿 Целительное действие:\n🔹Нейромодуляция: балансирует возбуждение и торможение, восстанавливает \"зажатые\" контуры ЦНС.\n🔹Антидепрессивное и анксиолитическое: через активацию ГАМК и опосредованное воздействие на серотониновые пути.\n🔹Противовоспалительное: воздействие на микроглию через мусцимол (исследуется в контексте нейродегенеративных заболеваний).\n🔹Гомеопатическое воздействие (в малых дозах): стимуляция желёз, повышение жизненного тонуса, регуляция обмена.",
  "shamanic": "🌀 Шаманская перспектива:\nМухомор не \"даёт приход\" — он отключает автоматизм. Он может стереть личность, чтобы показать тебе её контур.\nЭто не растение-учитель, а гриб-суровый инициатор. Его сила в разрушении — и последующей сборке новой конфигурации духа.\nВ малых дозах он как разведчик нервной системы — распаковывает зажимы, восстанавливает контакт между телом и полем.\nВ больших — уносит в состояние \"междумирья\", где теряются обычные ориентиры, но появляется глубинное знание.",
  "warnings": "⚠️ Предостережения:\n🔹Нельзя употреблять в сыром виде — иботеновая кислота активна и может вызвать тяжёлую интоксикацию.\n🔹Сушка активирует трансформацию в мусцимол, а значит — снижает нейротоксичность.\n🔹Чёткое дозирование критично. Больше — не значит глубже.",
  "dosage_instructions": [
    {
      "type": "dried",
      "title": "Сушёные грибы",
      "description": "⚖️ Дозировка и настрой\nМухомор — это не препарат с универсальной нормой, а персональный союзник, к которому подступаются с уважением и наблюдательностью. Его сила раскрывается в диалоге с телом, а не в миллиграммах.\n🔹 Стартовая дозировка: от 0.2 до 0.3 г сушёного гриба (в порошке или шляпках). Это минимальный порог, достаточный для запуска мягкого диалога с нервной системой.\n🔹 Рабочий диапазон: 0.4 – 1.5 г. В этих пределах раскрываются основные свойства: снятие тревожности, расслабление мышц, улучшение сна, восстановление чувствительности к телу и эмоциям.\n🔹 Порог для сильной психики: 2 – 4 г. В этом диапазоне могут начаться дестабилизирующие эффекты: спутанность сознания, тошнота, слабость, потеря ориентации во времени. Подходит лишь для опытных практиков с устойчивой нервной системой и поддержкой пространства.\n⚠️ Мухомор не любит спешки. Дозировка всегда подбирается индивидуально и пошагово, с дневником наблюдений, в безопасной обстановке, никогда не ежедневно.\nЭффект кумулятивен: даже микродозинг в течение 3–5 дней может дать ощутимый \"фон\"."
    }
  ]
}
2025-09-26 23:15:44,559 - DEBUG - utility.upload_organic_descriptions - Размер JSON данных: 3430 байт
2025-09-26 23:15:44,559 - INFO - utility.upload_organic_descriptions - Имя файла для загрузки: biounit_amanita-muscaria_description.json
2025-09-26 23:15:44,559 - INFO - utility.upload_organic_descriptions - Начинаем загрузку в IPFS для amanita_muscaria
2025-09-26 23:15:44,560 - INFO - services.core.storage.pinata - Начинаем загрузку в IPFS: {
  "id": "amanita-muscaria",
  "title": "Мухомор красный",
  "scientific_name": "Amanita muscaria",
  "generic_description": "🔬 Активные компоненты:\n🔹Мусцимол — седатив, диссоциатив, открывает доступ к \"второму телу\", активируя тормозную систему ГАМК.\n🔹Иботеновая кислота — психостимулятор, вызывает возбуждение через NMDA-рецепторы. Преобразуется в мусцимол при сушке.\n🔹Буфотенин — редкий триптаминовый галлюциноген, структурный родственник серотонина и псилоцибина.\n🔹Мускарин — холинергический токсин. В больших дозах вызывает интоксикацию, но в микродозинге стимулирует парасимпатическую активность.\n🔹Микоатропин — антагонист мускарина, холинолитик. Уравновешивает внутренние полюса: яд и противоядие в одном теле.\n🔹Мускаруфин — пигмент и антибиотик. Поддерживает железы внутренней секреции, обладает противоопухолевым потенциалом.\n🔹Мусказон — побочный метаболит, появляется под действием солнечного света. Слабый, но символически значимый \"дух света\".",
  "effects": "🌿 Целительное действие:\n🔹Нейромодуляция: балансирует возбуждение и торможение, восстанавливает \"зажатые\" контуры ЦНС.\n🔹Антидепрессивное и анксиолитическое: через активацию ГАМК и опосредованное воздействие на серотониновые пути.\n🔹Противовоспалительное: воздействие на микроглию через мусцимол (исследуется в контексте нейродегенеративных заболеваний).\n🔹Гомеопатическое воздействие (в малых дозах): стимуляция желёз, повышение жизненного тонуса, регуляция обмена.",
  "shamanic": "🌀 Шаманская перспектива:\nМухомор не \"даёт приход\" — он отключает автоматизм. Он может стереть личность, чтобы показать тебе её контур.\nЭто не растение-учитель, а гриб-суровый инициатор. Его сила в разрушении — и последующей сборке новой конфигурации духа.\nВ малых дозах он как разведчик нервной системы — распаковывает зажимы, восстанавливает контакт между телом и полем.\nВ больших — уносит в состояние \"междумирья\", где теряются обычные ориентиры, но появляется глубинное знание.",
  "warnings": "⚠️ Предостережения:\n🔹Нельзя употреблять в сыром виде — иботеновая кислота активна и может вызвать тяжёлую интоксикацию.\n🔹Сушка активирует трансформацию в мусцимол, а значит — снижает нейротоксичность.\n🔹Чёткое дозирование критично. Больше — не значит глубже.",
  "dosage_instructions": [
    {
      "type": "dried",
      "title": "Сушёные грибы",
      "description": "⚖️ Дозировка и настрой\nМухомор — это не препарат с универсальной нормой, а персональный союзник, к которому подступаются с уважением и наблюдательностью. Его сила раскрывается в диалоге с телом, а не в миллиграммах.\n🔹 Стартовая дозировка: от 0.2 до 0.3 г сушёного гриба (в порошке или шляпках). Это минимальный порог, достаточный для запуска мягкого диалога с нервной системой.\n🔹 Рабочий диапазон: 0.4 – 1.5 г. В этих пределах раскрываются основные свойства: снятие тревожности, расслабление мышц, улучшение сна, восстановление чувствительности к телу и эмоциям.\n🔹 Порог для сильной психики: 2 – 4 г. В этом диапазоне могут начаться дестабилизирующие эффекты: спутанность сознания, тошнота, слабость, потеря ориентации во времени. Подходит лишь для опытных практиков с устойчивой нервной системой и поддержкой пространства.\n⚠️ Мухомор не любит спешки. Дозировка всегда подбирается индивидуально и пошагово, с дневником наблюдений, в безопасной обстановке, никогда не ежедневно.\nЭффект кумулятивен: даже микродозинг в течение 3–5 дней может дать ощутимый \"фон\"."
    }
  ]
}
2025-09-26 23:15:44,560 - INFO - services.core.storage.pinata - Обнаружены данные вместо пути к файлу, используем upload_text
2025-09-26 23:15:44,560 - INFO - services.core.storage.pinata - Начинаем загрузку текстовых данных в IPFS
2025-09-26 23:15:44,560 - INFO - services.core.storage.pinata - Отправляем запрос в Pinata JSON API
2025-09-26 23:15:44,560 - INFO - services.core.storage.pinata - [Pinata] Rate limiting: ожидание 10.76s (базовая: 10.0s + jitter: 0.76s)
2025-09-26 23:15:56,255 - INFO - services.core.storage.pinata - Метрики сохранены в metrics/pinata_metrics_20250926_231556.json
2025-09-26 23:15:56,255 - INFO - services.core.storage.pinata - Успешно получен CID: QmdoqBWBZoupjQWFfBxMJD5N9dJSFTyjVEV1AVL8oNEVSG
2025-09-26 23:15:56,256 - DEBUG - services.core.storage.pinata - Кэш сохранен
2025-09-26 23:15:56,256 - INFO - utility.upload_organic_descriptions - ☀️ Ура! Биологическая единица проросла в блокчейн! amanita_muscaria, получен CID: QmdoqBWBZoupjQWFfBxMJD5N9dJSFTyjVEV1AVL8oNEVSG
2025-09-26 23:15:56,256 - INFO - utility.upload_organic_descriptions - ✅ Успешно добавлен в маппинг: amanita_muscaria -> QmdoqBWBZoupjQWFfBxMJD5N9dJSFTyjVEV1AVL8oNEVSG (biounit_amanita-muscaria_description.json)
2025-09-26 23:15:56,256 - INFO - utility.upload_organic_descriptions - Обработка item_id: amanita_pantherina
2025-09-26 23:15:56,257 - DEBUG - utility.upload_organic_descriptions - Данные для загрузки: {
  "id": "amanita-pantherina",
  "title": "Мухомор пантерный",
  "scientific_name": "Amanita pantherina",
  "generic_description": "Мухомор пантерный — это более тёмный брат красного мухомора, обладающий в 5–10 раз более высокой активностью. Его основной компонент — мусцимол, но в концентрациях, способных вызвать резкое погружение в изменённое состояние сознания даже при малой дозировке. Пантерный мухомор отличается более резким, углубляющим действием на ГАМК-рецепторы, вызывая выраженную диссоциацию, подавление мышечной активности и временную амнезию. Это гриб, с которым не шутят. Даже микродозинг требует большой чёткости и внутреннего фокуса.",
  "effects": "",
  "shamanic": "С шаманской точки зрения, пантерный мухомор — испытание на готовность отпустить контроль. Он может унести в мир, где исчезает привычное \"я\", оставляя голое восприятие и хаос. Но тем, кто умеет удерживать внимание в нестабильности, он открывает глубинные слои памяти и первобытные архетипы. Он не лечит — он расчищает. Не восстанавливает, а перекраивает шаблоны. Подходит для опытных практиков, ищущих разрушение старых оболочек.",
  "warnings": "",
  "dosage_instructions": [
    {
      "type": "dried",
      "title": "Сушёные грибы",
      "description": ""
    }
  ]
}
2025-09-26 23:15:56,257 - DEBUG - utility.upload_organic_descriptions - Размер JSON данных: 1262 байт
2025-09-26 23:15:56,257 - INFO - utility.upload_organic_descriptions - Имя файла для загрузки: biounit_amanita-pantherina_description.json
2025-09-26 23:15:56,257 - INFO - utility.upload_organic_descriptions - Начинаем загрузку в IPFS для amanita_pantherina
2025-09-26 23:15:56,257 - INFO - services.core.storage.pinata - Начинаем загрузку в IPFS: {
  "id": "amanita-pantherina",
  "title": "Мухомор пантерный",
  "scientific_name": "Amanita pantherina",
  "generic_description": "Мухомор пантерный — это более тёмный брат красного мухомора, обладающий в 5–10 раз более высокой активностью. Его основной компонент — мусцимол, но в концентрациях, способных вызвать резкое погружение в изменённое состояние сознания даже при малой дозировке. Пантерный мухомор отличается более резким, углубляющим действием на ГАМК-рецепторы, вызывая выраженную диссоциацию, подавление мышечной активности и временную амнезию. Это гриб, с которым не шутят. Даже микродозинг требует большой чёткости и внутреннего фокуса.",
  "effects": "",
  "shamanic": "С шаманской точки зрения, пантерный мухомор — испытание на готовность отпустить контроль. Он может унести в мир, где исчезает привычное \"я\", оставляя голое восприятие и хаос. Но тем, кто умеет удерживать внимание в нестабильности, он открывает глубинные слои памяти и первобытные архетипы. Он не лечит — он расчищает. Не восстанавливает, а перекраивает шаблоны. Подходит для опытных практиков, ищущих разрушение старых оболочек.",
  "warnings": "",
  "dosage_instructions": [
    {
      "type": "dried",
      "title": "Сушёные грибы",
      "description": ""
    }
  ]
}
2025-09-26 23:15:56,257 - INFO - services.core.storage.pinata - Обнаружены данные вместо пути к файлу, используем upload_text
2025-09-26 23:15:56,257 - INFO - services.core.storage.pinata - Начинаем загрузку текстовых данных в IPFS
2025-09-26 23:15:56,257 - INFO - services.core.storage.pinata - Отправляем запрос в Pinata JSON API
2025-09-26 23:15:56,257 - INFO - services.core.storage.pinata - [Pinata] Rate limiting: ожидание 10.63s (базовая: 10.0s + jitter: 0.63s)
2025-09-26 23:16:07,723 - INFO - services.core.storage.pinata - Успешно получен CID: Qmbkp4owyjyjRuYGd7b1KfVjo5bBvCutgYdCi7qKd3ZPoy
2025-09-26 23:16:07,726 - DEBUG - services.core.storage.pinata - Кэш сохранен
2025-09-26 23:16:07,727 - INFO - utility.upload_organic_descriptions - ☀️ Ура! Биологическая единица проросла в блокчейн! amanita_pantherina, получен CID: Qmbkp4owyjyjRuYGd7b1KfVjo5bBvCutgYdCi7qKd3ZPoy
2025-09-26 23:16:07,727 - INFO - utility.upload_organic_descriptions - ✅ Успешно добавлен в маппинг: amanita_pantherina -> Qmbkp4owyjyjRuYGd7b1KfVjo5bBvCutgYdCi7qKd3ZPoy (biounit_amanita-pantherina_description.json)
2025-09-26 23:16:07,727 - INFO - utility.upload_organic_descriptions - Обработка item_id: blue-lotus
2025-09-26 23:16:07,727 - DEBUG - utility.upload_organic_descriptions - Данные для загрузки: {
  "id": "blue-lotus",
  "title": "Голубой лотос",
  "scientific_name": "Nymphaea caerulea",
  "generic_description": "Голубой лотос — цветок древнего Египта, использовавшийся как афродизиак, расслабляющее средство и растительный энтеоген. Его действующие вещества — нуциферин и апоморфин — мягко активируют дофаминовые рецепторы, способствуя состояниям расслабленного транса, эмоционального открытия и глубокого сна. Он снижает тревожность, усиливает телесную чувствительность и часто применяется для усиления сновидений или практик любовной алхимии.",
  "effects": "",
  "shamanic": "С шаманской точки зрения, голубой лотос — это растение-нежность, которое растворяет защитные оболочки и открывает пространство любви и сна. Он не ведёт через боль — он приглашает вспомнить тело как храм удовольствия и покоя. Его энергия — водная, лунная, обволакивающая. Особенно подходит тем, кто живёт в режиме напряжения, устал от анализа и нуждается в мягком соединении с собой. Это союзник сердца и чувственности, не уносящий — а возвращающий в себя.",
  "warnings": "",
  "dosage_instructions": [
    {
      "type": "dried",
      "title": "Сушёные цветы",
      "description": ""
    },
    {
      "type": "tincture",
      "title": "Настойка",
      "description": ""
    }
  ]
}
2025-09-26 23:16:07,727 - DEBUG - utility.upload_organic_descriptions - Размер JSON данных: 1276 байт
2025-09-26 23:16:07,728 - INFO - utility.upload_organic_descriptions - Имя файла для загрузки: biounit_blue-lotus_description.json
2025-09-26 23:16:07,728 - INFO - utility.upload_organic_descriptions - Начинаем загрузку в IPFS для blue-lotus
2025-09-26 23:16:07,728 - INFO - services.core.storage.pinata - Начинаем загрузку в IPFS: {
  "id": "blue-lotus",
  "title": "Голубой лотос",
  "scientific_name": "Nymphaea caerulea",
  "generic_description": "Голубой лотос — цветок древнего Египта, использовавшийся как афродизиак, расслабляющее средство и растительный энтеоген. Его действующие вещества — нуциферин и апоморфин — мягко активируют дофаминовые рецепторы, способствуя состояниям расслабленного транса, эмоционального открытия и глубокого сна. Он снижает тревожность, усиливает телесную чувствительность и часто применяется для усиления сновидений или практик любовной алхимии.",
  "effects": "",
  "shamanic": "С шаманской точки зрения, голубой лотос — это растение-нежность, которое растворяет защитные оболочки и открывает пространство любви и сна. Он не ведёт через боль — он приглашает вспомнить тело как храм удовольствия и покоя. Его энергия — водная, лунная, обволакивающая. Особенно подходит тем, кто живёт в режиме напряжения, устал от анализа и нуждается в мягком соединении с собой. Это союзник сердца и чувственности, не уносящий — а возвращающий в себя.",
  "warnings": "",
  "dosage_instructions": [
    {
      "type": "dried",
      "title": "Сушёные цветы",
      "description": ""
    },
    {
      "type": "tincture",
      "title": "Настойка",
      "description": ""
    }
  ]
}
2025-09-26 23:16:07,728 - INFO - services.core.storage.pinata - Обнаружены данные вместо пути к файлу, используем upload_text
2025-09-26 23:16:07,728 - INFO - services.core.storage.pinata - Начинаем загрузку текстовых данных в IPFS
2025-09-26 23:16:07,728 - INFO - services.core.storage.pinata - Отправляем запрос в Pinata JSON API
2025-09-26 23:16:07,728 - INFO - services.core.storage.pinata - [Pinata] Rate limiting: ожидание 12.00s (базовая: 10.0s + jitter: 2.00s)
2025-09-26 23:16:20,625 - INFO - services.core.storage.pinata - Успешно получен CID: QmdmJFdMQXRpp3qNRTLYqsR1kFLYhTSRA8YMfd5JvNi85S
2025-09-26 23:16:20,630 - DEBUG - services.core.storage.pinata - Кэш сохранен
2025-09-26 23:16:20,630 - INFO - utility.upload_organic_descriptions - ☀️ Ура! Биологическая единица проросла в блокчейн! blue-lotus, получен CID: QmdmJFdMQXRpp3qNRTLYqsR1kFLYhTSRA8YMfd5JvNi85S
2025-09-26 23:16:20,630 - INFO - utility.upload_organic_descriptions - ✅ Успешно добавлен в маппинг: blue-lotus -> QmdmJFdMQXRpp3qNRTLYqsR1kFLYhTSRA8YMfd5JvNi85S (biounit_blue-lotus_description.json)
2025-09-26 23:16:20,630 - INFO - utility.upload_organic_descriptions - Обработка item_id: inonotus_obliquus
2025-09-26 23:16:20,631 - DEBUG - utility.upload_organic_descriptions - Данные для загрузки: {
  "id": "chaga",
  "title": "Чага",
  "scientific_name": "Inonotus obliquus",
  "generic_description": "Чага — это древесный гриб, впитавший силу времени, морозов и берёзового сока. Он богат меланином, бетулином, полисахаридами и антиоксидантами, которые способствуют детоксикации, восстановлению печени, укреплению иммунитета и антираковому действию. Чага особенно ценится за способность регулировать воспалительные процессы и сахар в крови, а также за общее тонизирующее действие при хронических заболеваниях и снижении жизненных сил.",
  "effects": "Многочисленные целебные качества и полезные свойства чаги известны очень давно и широко используются в домашних условиях. Этот не слишком привлекательный гриб помогает лечить многие заболевания. Он подходит к употреблению также и в качестве сильного профилактического средства.\nХимический состав чаги следующий:\n\n- биологически активные флавоноиды, обладающие мочегонным, спазмолитическим, желчегонным и противовоспалительным воздействием;\n\n- алкалоиды, благотворно воздействующие на мышцу миокарда;\n- органические кислоты, способствующие нормализации кислотно-основного состояния;\n- дубильные вещества, характеризующиеся как кровеостанавливающие и противовоспалительные;\n- фитонциды, уничтожающие патогенную микрофлору;\n- меланин, стимулирующий основные обменные процессы;\n - магний, калий, железо, марганец, кобальт, медь, цинк, никель, алюминий.\nЛечебный эффект березовой чаги обусловлен воздействием на организм активных биогенных стимуляторов. Гриб характеризуется тонизирующим, общеукрепляющим, иммуномодулирующим, а также противоопухолевым эффектом. Онкологию он не излечит, но способен существенно замедлять рост злокачественных клеток. Кроме того, при употреблении чаги отмечается снижение аритмии и улучшение процессов метаболизма головного мозга. Также она помогает понизить показатели сахара в крови, стабилизировать артериальное давление и сбалансировать работу ЖКТ.",
  "shamanic": "С шаманской перспективы чага — это земной адаптоген, который не зовёт в иные миры, а укрепляет связь с этим. Он — как корень, как ствол — стабилизирует, заземляет, алхимизирует тьму в ресурс. Пьющий чагу возвращается в себя, как в старый дом. Это союзник долгожителей, хранитель лесной памяти и алхимик, работающий с медленным временем. Его сила не в вспышках, а в постоянстве и глубине.",
  "warnings": "",
  "dosage_instructions": [
    {
      "type": "dried",
      "title": "Сушёные грибы",
      "description": "Порошок —1 гр в день\nЧай лучше всего пить в первой половине дня"
    }
  ]
}
2025-09-26 23:16:20,631 - DEBUG - utility.upload_organic_descriptions - Размер JSON данных: 2558 байт
2025-09-26 23:16:20,631 - INFO - utility.upload_organic_descriptions - Имя файла для загрузки: biounit_chaga_description.json
2025-09-26 23:16:20,631 - INFO - utility.upload_organic_descriptions - Начинаем загрузку в IPFS для inonotus_obliquus
2025-09-26 23:16:20,631 - INFO - services.core.storage.pinata - Начинаем загрузку в IPFS: {
  "id": "chaga",
  "title": "Чага",
  "scientific_name": "Inonotus obliquus",
  "generic_description": "Чага — это древесный гриб, впитавший силу времени, морозов и берёзового сока. Он богат меланином, бетулином, полисахаридами и антиоксидантами, которые способствуют детоксикации, восстановлению печени, укреплению иммунитета и антираковому действию. Чага особенно ценится за способность регулировать воспалительные процессы и сахар в крови, а также за общее тонизирующее действие при хронических заболеваниях и снижении жизненных сил.",
  "effects": "Многочисленные целебные качества и полезные свойства чаги известны очень давно и широко используются в домашних условиях. Этот не слишком привлекательный гриб помогает лечить многие заболевания. Он подходит к употреблению также и в качестве сильного профилактического средства.\nХимический состав чаги следующий:\n\n- биологически активные флавоноиды, обладающие мочегонным, спазмолитическим, желчегонным и противовоспалительным воздействием;\n\n- алкалоиды, благотворно воздействующие на мышцу миокарда;\n- органические кислоты, способствующие нормализации кислотно-основного состояния;\n- дубильные вещества, характеризующиеся как кровеостанавливающие и противовоспалительные;\n- фитонциды, уничтожающие патогенную микрофлору;\n- меланин, стимулирующий основные обменные процессы;\n - магний, калий, железо, марганец, кобальт, медь, цинк, никель, алюминий.\nЛечебный эффект березовой чаги обусловлен воздействием на организм активных биогенных стимуляторов. Гриб характеризуется тонизирующим, общеукрепляющим, иммуномодулирующим, а также противоопухолевым эффектом. Онкологию он не излечит, но способен существенно замедлять рост злокачественных клеток. Кроме того, при употреблении чаги отмечается снижение аритмии и улучшение процессов метаболизма головного мозга. Также она помогает понизить показатели сахара в крови, стабилизировать артериальное давление и сбалансировать работу ЖКТ.",
  "shamanic": "С шаманской перспективы чага — это земной адаптоген, который не зовёт в иные миры, а укрепляет связь с этим. Он — как корень, как ствол — стабилизирует, заземляет, алхимизирует тьму в ресурс. Пьющий чагу возвращается в себя, как в старый дом. Это союзник долгожителей, хранитель лесной памяти и алхимик, работающий с медленным временем. Его сила не в вспышках, а в постоянстве и глубине.",
  "warnings": "",
  "dosage_instructions": [
    {
      "type": "dried",
      "title": "Сушёные грибы",
      "description": "Порошок —1 гр в день\nЧай лучше всего пить в первой половине дня"
    }
  ]
}
2025-09-26 23:16:20,631 - INFO - services.core.storage.pinata - Обнаружены данные вместо пути к файлу, используем upload_text
2025-09-26 23:16:20,631 - INFO - services.core.storage.pinata - Начинаем загрузку текстовых данных в IPFS
2025-09-26 23:16:20,631 - INFO - services.core.storage.pinata - Отправляем запрос в Pinata JSON API
2025-09-26 23:16:20,631 - INFO - services.core.storage.pinata - [Pinata] Rate limiting: ожидание 11.74s (базовая: 10.0s + jitter: 1.74s)
2025-09-26 23:16:32,881 - INFO - services.core.storage.pinata - Успешно получен CID: Qmb7L2tVDcuJ9My46MpmYsiUSoP9sUkCARkKCdRSesPr93
2025-09-26 23:16:32,884 - DEBUG - services.core.storage.pinata - Кэш сохранен
2025-09-26 23:16:32,884 - INFO - utility.upload_organic_descriptions - ☀️ Ура! Биологическая единица проросла в блокчейн! inonotus_obliquus, получен CID: Qmb7L2tVDcuJ9My46MpmYsiUSoP9sUkCARkKCdRSesPr93
2025-09-26 23:16:32,884 - INFO - utility.upload_organic_descriptions - ✅ Успешно добавлен в маппинг: inonotus_obliquus -> Qmb7L2tVDcuJ9My46MpmYsiUSoP9sUkCARkKCdRSesPr93 (biounit_chaga_description.json)
2025-09-26 23:16:32,884 - INFO - utility.upload_organic_descriptions - Обработка item_id: cordyceps_militaris
2025-09-26 23:16:32,884 - DEBUG - utility.upload_organic_descriptions - Данные для загрузки: {
  "id": "cordyceps",
  "title": "Кордицепс военный",
  "scientific_name": "Cordyceps militaris",
  "generic_description": "Кордицепс — гриб-адаптоген, известный своей способностью повышать выносливость, энергию и восстановление после нагрузок. Его активные компоненты — кордицепин, аденозин и полисахариды — улучшают использование кислорода клетками, усиливают митохондриальную активность и поддерживают иммунитет. Он воздействует на надпочечники и HPA-ось, помогая при хронической усталости, а также поддерживает либидо и гормональный баланс.",
  "effects": "",
  "shamanic": "С шаманской точки зрения, кордицепс — это дух жизненной силы, заключённый в теле воина. Он не раскрывает сновидения, но встраивает ясность в повседневное усилие. Его энергия направленная, точная, ритмичная — как дыхание во время подъёма в гору. Это союзник тех, кто много действует, сражается с инерцией, выстраивает структуру. Особенно полезен в период восстановления или запуска нового жизненного цикла.",
  "warnings": "",
  "dosage_instructions": [
    {
      "type": "dried",
      "title": "Сушёные грибы",
      "description": ""
    }
  ]
}
2025-09-26 23:16:32,884 - DEBUG - utility.upload_organic_descriptions - Размер JSON данных: 1129 байт
2025-09-26 23:16:32,884 - INFO - utility.upload_organic_descriptions - Имя файла для загрузки: biounit_cordyceps_description.json
2025-09-26 23:16:32,885 - INFO - utility.upload_organic_descriptions - Начинаем загрузку в IPFS для cordyceps_militaris
2025-09-26 23:16:32,885 - INFO - services.core.storage.pinata - Начинаем загрузку в IPFS: {
  "id": "cordyceps",
  "title": "Кордицепс военный",
  "scientific_name": "Cordyceps militaris",
  "generic_description": "Кордицепс — гриб-адаптоген, известный своей способностью повышать выносливость, энергию и восстановление после нагрузок. Его активные компоненты — кордицепин, аденозин и полисахариды — улучшают использование кислорода клетками, усиливают митохондриальную активность и поддерживают иммунитет. Он воздействует на надпочечники и HPA-ось, помогая при хронической усталости, а также поддерживает либидо и гормональный баланс.",
  "effects": "",
  "shamanic": "С шаманской точки зрения, кордицепс — это дух жизненной силы, заключённый в теле воина. Он не раскрывает сновидения, но встраивает ясность в повседневное усилие. Его энергия направленная, точная, ритмичная — как дыхание во время подъёма в гору. Это союзник тех, кто много действует, сражается с инерцией, выстраивает структуру. Особенно полезен в период восстановления или запуска нового жизненного цикла.",
  "warnings": "",
  "dosage_instructions": [
    {
      "type": "dried",
      "title": "Сушёные грибы",
      "description": ""
    }
  ]
}
2025-09-26 23:16:32,885 - INFO - services.core.storage.pinata - Обнаружены данные вместо пути к файлу, используем upload_text
2025-09-26 23:16:32,885 - INFO - services.core.storage.pinata - Начинаем загрузку текстовых данных в IPFS
2025-09-26 23:16:32,885 - INFO - services.core.storage.pinata - Отправляем запрос в Pinata JSON API
2025-09-26 23:16:32,885 - INFO - services.core.storage.pinata - [Pinata] Rate limiting: ожидание 10.69s (базовая: 10.0s + jitter: 0.69s)
2025-09-26 23:16:44,483 - INFO - services.core.storage.pinata - Успешно получен CID: QmUYCbZXNg1K1sBvBaWEByaYriagVC4VvfGfQQA1itFXHy
2025-09-26 23:16:44,484 - DEBUG - services.core.storage.pinata - Кэш сохранен
2025-09-26 23:16:44,484 - INFO - utility.upload_organic_descriptions - ☀️ Ура! Биологическая единица проросла в блокчейн! cordyceps_militaris, получен CID: QmUYCbZXNg1K1sBvBaWEByaYriagVC4VvfGfQQA1itFXHy
2025-09-26 23:16:44,484 - INFO - utility.upload_organic_descriptions - ✅ Успешно добавлен в маппинг: cordyceps_militaris -> QmUYCbZXNg1K1sBvBaWEByaYriagVC4VvfGfQQA1itFXHy (biounit_cordyceps_description.json)
2025-09-26 23:16:44,484 - INFO - utility.upload_organic_descriptions - Обработка item_id: cantharellus_cibarius
2025-09-26 23:16:44,485 - DEBUG - utility.upload_organic_descriptions - Данные для загрузки: {
  "id": "chanterelle",
  "title": "Лисички",
  "scientific_name": "Cantharellus cibarius",
  "generic_description": "Лисички — это не психоактивный гриб, а глубоко функциональный союзник организма, особенно в контексте антипаразитарной защиты. Их природные соединения — в частности траметонолиновая кислота и хиноманноз — создают в кишечнике и печени условия, враждебные для паразитов, включая гельминтов и простейших. Это делает лисичку эффективным компонентом очистительных протоколов. Она также содержит бета-глюканы и другие полисахариды, поддерживающие иммунитет.",
  "effects": "",
  "shamanic": "В шаманской перспективе лисичка — это гриб-чистильщик, который не входит в сны, а выгоняет теней. Она возвращает телу чистоту восприятия, особенно в детокс-программах. В ней нет “прихода”, но есть тишина, порядок и границы. Это дух леса, который оберегает внутреннюю территорию и не пускает нежеланных гостей — как на физическом, так и на энергетическом уровне. Подходит для мягкой и глубокой чистки тела.",
  "warnings": "",
  "dosage_instructions": [
    {
      "type": "dried",
      "title": "Сушёные грибы",
      "description": ""
    }
  ]
}
2025-09-26 23:16:44,485 - DEBUG - utility.upload_organic_descriptions - Размер JSON данных: 1154 байт
2025-09-26 23:16:44,485 - INFO - utility.upload_organic_descriptions - Имя файла для загрузки: biounit_chanterelle_description.json
2025-09-26 23:16:44,485 - INFO - utility.upload_organic_descriptions - Начинаем загрузку в IPFS для cantharellus_cibarius
2025-09-26 23:16:44,485 - INFO - services.core.storage.pinata - Начинаем загрузку в IPFS: {
  "id": "chanterelle",
  "title": "Лисички",
  "scientific_name": "Cantharellus cibarius",
  "generic_description": "Лисички — это не психоактивный гриб, а глубоко функциональный союзник организма, особенно в контексте антипаразитарной защиты. Их природные соединения — в частности траметонолиновая кислота и хиноманноз — создают в кишечнике и печени условия, враждебные для паразитов, включая гельминтов и простейших. Это делает лисичку эффективным компонентом очистительных протоколов. Она также содержит бета-глюканы и другие полисахариды, поддерживающие иммунитет.",
  "effects": "",
  "shamanic": "В шаманской перспективе лисичка — это гриб-чистильщик, который не входит в сны, а выгоняет теней. Она возвращает телу чистоту восприятия, особенно в детокс-программах. В ней нет “прихода”, но есть тишина, порядок и границы. Это дух леса, который оберегает внутреннюю территорию и не пускает нежеланных гостей — как на физическом, так и на энергетическом уровне. Подходит для мягкой и глубокой чистки тела.",
  "warnings": "",
  "dosage_instructions": [
    {
      "type": "dried",
      "title": "Сушёные грибы",
      "description": ""
    }
  ]
}
2025-09-26 23:16:44,485 - INFO - services.core.storage.pinata - Обнаружены данные вместо пути к файлу, используем upload_text
2025-09-26 23:16:44,485 - INFO - services.core.storage.pinata - Начинаем загрузку текстовых данных в IPFS
2025-09-26 23:16:44,485 - INFO - services.core.storage.pinata - Отправляем запрос в Pinata JSON API
2025-09-26 23:16:44,485 - INFO - services.core.storage.pinata - [Pinata] Rate limiting: ожидание 11.77s (базовая: 10.0s + jitter: 1.77s)
2025-09-26 23:16:57,112 - INFO - services.core.storage.pinata - Успешно получен CID: QmaPtpqwBLjKNwGLccWqMbDRsceJ52xV97Eh9RkdWbCvvE
2025-09-26 23:16:57,118 - DEBUG - services.core.storage.pinata - Кэш сохранен
2025-09-26 23:16:57,118 - INFO - utility.upload_organic_descriptions - ☀️ Ура! Биологическая единица проросла в блокчейн! cantharellus_cibarius, получен CID: QmaPtpqwBLjKNwGLccWqMbDRsceJ52xV97Eh9RkdWbCvvE
2025-09-26 23:16:57,118 - INFO - utility.upload_organic_descriptions - ✅ Успешно добавлен в маппинг: cantharellus_cibarius -> QmaPtpqwBLjKNwGLccWqMbDRsceJ52xV97Eh9RkdWbCvvE (biounit_chanterelle_description.json)
2025-09-26 23:16:57,118 - INFO - utility.upload_organic_descriptions - Обработка item_id: populus_tremula
2025-09-26 23:16:57,119 - DEBUG - utility.upload_organic_descriptions - Данные для загрузки: {
  "id": "aspen",
  "title": "Кора осины",
  "scientific_name": "Populus tremula",
  "generic_description": "Кора осины содержит гликозиды салицина, действующие как природный анальгетик, жаропонижающее и противовоспалительное средство. Её традиционно используют в народной медицине против паразитов, воспалений мочеполовой системы и суставных болей. Осина регулирует обменные процессы, мягко очищает и снижает уровень сахара в крови. Это одно из главных “деревьев-чистильщиков” в фитоаптеке северной традиции.",
  "effects": "✅ Кора осины также применяется в терапии онкозаболеваний, тяжелых поражениях организма вирусами и бактериями, мощно повышает иммунитет и излечивает: \n- цистит и простатит, уретрит\n- болезни суставов\n- заболевания печени\n- нарушения поджелудочной железы\n- сифилис\n- туберкулез\n- лишай\n- анемию.",
  "shamanic": "С шаманской точки зрения, осина — это страж границ, который помогает изгнать то, что поселилось в теле или поле незаметно. Её кора горька, как правда, и действует именно так: отрезает, очищает, завершает. Это не мягкий союзник, а целительная строгость, которая даёт облегчение через честность. Особенно подходит в программах очищения и выхода из застоя (физического или энергетического). Осина не лечит — она завершает болезнь.",
  "warnings": "",
  "dosage_instructions": [
    {
      "type": "dried",
      "title": "Сушеная кора",
      "description": "📜ОСИНОВЫЙ ОТВАР\n1 ч. л. коры осины залить 250 мл кипятка, варить на медленном огне 20 минут. Пить по 80 мл трижды в день.  После этого полчаса ничего не есть и не пить\n\n📜ОСИНОВАЯ НАСТОЙКА\n50 г коры осины залить 500 мл водки. Настаивать 14 дней, процедить. Пить по 1 ч. л. натощак трижды в день, запивая теплой водой, либо развести в 100 мл теплой воды. После этого полчаса ничего не есть и не пить\n📜Осиновую настойку или отвар принимать не более 21 дня подряд, потом 7 дней перерыв и продолжать прием, далее снова 7 дней перерыв и при потребности заверить курс\nПорошок 1 гр в день\nКурс 1 месяц, 1 месяц отдых и ещё 1 месяц"
    }
  ]
}
2025-09-26 23:16:57,119 - DEBUG - utility.upload_organic_descriptions - Размер JSON данных: 2045 байт
2025-09-26 23:16:57,119 - INFO - utility.upload_organic_descriptions - Имя файла для загрузки: biounit_aspen_description.json
2025-09-26 23:16:57,119 - INFO - utility.upload_organic_descriptions - Начинаем загрузку в IPFS для populus_tremula
2025-09-26 23:16:57,119 - INFO - services.core.storage.pinata - Начинаем загрузку в IPFS: {
  "id": "aspen",
  "title": "Кора осины",
  "scientific_name": "Populus tremula",
  "generic_description": "Кора осины содержит гликозиды салицина, действующие как природный анальгетик, жаропонижающее и противовоспалительное средство. Её традиционно используют в народной медицине против паразитов, воспалений мочеполовой системы и суставных болей. Осина регулирует обменные процессы, мягко очищает и снижает уровень сахара в крови. Это одно из главных “деревьев-чистильщиков” в фитоаптеке северной традиции.",
  "effects": "✅ Кора осины также применяется в терапии онкозаболеваний, тяжелых поражениях организма вирусами и бактериями, мощно повышает иммунитет и излечивает: \n- цистит и простатит, уретрит\n- болезни суставов\n- заболевания печени\n- нарушения поджелудочной железы\n- сифилис\n- туберкулез\n- лишай\n- анемию.",
  "shamanic": "С шаманской точки зрения, осина — это страж границ, который помогает изгнать то, что поселилось в теле или поле незаметно. Её кора горька, как правда, и действует именно так: отрезает, очищает, завершает. Это не мягкий союзник, а целительная строгость, которая даёт облегчение через честность. Особенно подходит в программах очищения и выхода из застоя (физического или энергетического). Осина не лечит — она завершает болезнь.",
  "warnings": "",
  "dosage_instructions": [
    {
      "type": "dried",
      "title": "Сушеная кора",
      "description": "📜ОСИНОВЫЙ ОТВАР\n1 ч. л. коры осины залить 250 мл кипятка, варить на медленном огне 20 минут. Пить по 80 мл трижды в день.  После этого полчаса ничего не есть и не пить\n\n📜ОСИНОВАЯ НАСТОЙКА\n50 г коры осины залить 500 мл водки. Настаивать 14 дней, процедить. Пить по 1 ч. л. натощак трижды в день, запивая теплой водой, либо развести в 100 мл теплой воды. После этого полчаса ничего не есть и не пить\n📜Осиновую настойку или отвар принимать не более 21 дня подряд, потом 7 дней перерыв и продолжать прием, далее снова 7 дней перерыв и при потребности заверить курс\nПорошок 1 гр в день\nКурс 1 месяц, 1 месяц отдых и ещё 1 месяц"
    }
  ]
}
2025-09-26 23:16:57,119 - INFO - services.core.storage.pinata - Обнаружены данные вместо пути к файлу, используем upload_text
2025-09-26 23:16:57,119 - INFO - services.core.storage.pinata - Начинаем загрузку текстовых данных в IPFS
2025-09-26 23:16:57,119 - INFO - services.core.storage.pinata - Отправляем запрос в Pinata JSON API
2025-09-26 23:16:57,120 - INFO - services.core.storage.pinata - [Pinata] Rate limiting: ожидание 11.99s (базовая: 10.0s + jitter: 1.99s)
2025-09-26 23:17:09,588 - INFO - services.core.storage.pinata - Успешно получен CID: QmT1QMFRpSXHQPUv524EdthjxVUeZFgGM3c8FwVvrYbiXJ
2025-09-26 23:17:09,590 - DEBUG - services.core.storage.pinata - Кэш сохранен
2025-09-26 23:17:09,590 - INFO - utility.upload_organic_descriptions - ☀️ Ура! Биологическая единица проросла в блокчейн! populus_tremula, получен CID: QmT1QMFRpSXHQPUv524EdthjxVUeZFgGM3c8FwVvrYbiXJ
2025-09-26 23:17:09,590 - INFO - utility.upload_organic_descriptions - ✅ Успешно добавлен в маппинг: populus_tremula -> QmT1QMFRpSXHQPUv524EdthjxVUeZFgGM3c8FwVvrYbiXJ (biounit_aspen_description.json)
2025-09-26 23:17:09,590 - INFO - utility.upload_organic_descriptions - Обработка item_id: lions-mane
2025-09-26 23:17:09,590 - DEBUG - utility.upload_organic_descriptions - Данные для загрузки: {
  "id": "lions-mane",
  "title": "Ежовик гребенчатый",
  "scientific_name": "Hericium erinaceus",
  "generic_description": "Lion’s Mane — один из самых изученных нейротропных грибов. Его уникальные соединения, гериценоны и эринацины, стимулируют выработку нейротрофического фактора роста (NGF), способствуя восстановлению нейронов и синапсов. Это делает ежовик незаменимым для поддержки памяти, концентрации, восстановления после травм мозга, а также при профилактике нейродегенеративных состояний. Дополнительно, он поддерживает здоровье ЖКТ и действует как мягкий адаптоген.",
  "effects": "",
  "shamanic": "С шаманской точки зрения, ежовик — это гриб-мост, который соединяет части личности, восстанавливает забытые знания и укрепляет каналы между телом и сознанием. Его дух тих и мудр — он не вызывает ярких эффектов, но встраивает ясность, как будто усиливая “сигнал в шуме”. Особенно подходит для тех, кто работает с вниманием, обучением, ментальной нагрузкой или восстановлением после выгорания. Он — архивариус нейронной библиотеки.",
  "warnings": "",
  "dosage_instructions": [
    {
      "type": "dried",
      "title": "Сушёные грибы",
      "description": ""
    }
  ]
}
2025-09-26 23:17:09,591 - DEBUG - utility.upload_organic_descriptions - Размер JSON данных: 1186 байт
2025-09-26 23:17:09,591 - INFO - utility.upload_organic_descriptions - Имя файла для загрузки: biounit_lions-mane_description.json
2025-09-26 23:17:09,591 - INFO - utility.upload_organic_descriptions - Начинаем загрузку в IPFS для lions-mane
2025-09-26 23:17:09,591 - INFO - services.core.storage.pinata - Начинаем загрузку в IPFS: {
  "id": "lions-mane",
  "title": "Ежовик гребенчатый",
  "scientific_name": "Hericium erinaceus",
  "generic_description": "Lion’s Mane — один из самых изученных нейротропных грибов. Его уникальные соединения, гериценоны и эринацины, стимулируют выработку нейротрофического фактора роста (NGF), способствуя восстановлению нейронов и синапсов. Это делает ежовик незаменимым для поддержки памяти, концентрации, восстановления после травм мозга, а также при профилактике нейродегенеративных состояний. Дополнительно, он поддерживает здоровье ЖКТ и действует как мягкий адаптоген.",
  "effects": "",
  "shamanic": "С шаманской точки зрения, ежовик — это гриб-мост, который соединяет части личности, восстанавливает забытые знания и укрепляет каналы между телом и сознанием. Его дух тих и мудр — он не вызывает ярких эффектов, но встраивает ясность, как будто усиливая “сигнал в шуме”. Особенно подходит для тех, кто работает с вниманием, обучением, ментальной нагрузкой или восстановлением после выгорания. Он — архивариус нейронной библиотеки.",
  "warnings": "",
  "dosage_instructions": [
    {
      "type": "dried",
      "title": "Сушёные грибы",
      "description": ""
    }
  ]
}
2025-09-26 23:17:09,591 - INFO - services.core.storage.pinata - Обнаружены данные вместо пути к файлу, используем upload_text
2025-09-26 23:17:09,591 - INFO - services.core.storage.pinata - Начинаем загрузку текстовых данных в IPFS
2025-09-26 23:17:09,591 - INFO - services.core.storage.pinata - Отправляем запрос в Pinata JSON API
2025-09-26 23:17:09,591 - INFO - services.core.storage.pinata - [Pinata] Rate limiting: ожидание 10.73s (базовая: 10.0s + jitter: 0.73s)
2025-09-26 23:17:21,145 - INFO - services.core.storage.pinata - Успешно получен CID: QmWG6Kc4Uj44LwgnyMxc4LxoBGZgdRbsmM5EZn37MBVmh1
2025-09-26 23:17:21,149 - DEBUG - services.core.storage.pinata - Кэш сохранен
2025-09-26 23:17:21,150 - INFO - utility.upload_organic_descriptions - ☀️ Ура! Биологическая единица проросла в блокчейн! lions-mane, получен CID: QmWG6Kc4Uj44LwgnyMxc4LxoBGZgdRbsmM5EZn37MBVmh1
2025-09-26 23:17:21,150 - INFO - utility.upload_organic_descriptions - ✅ Успешно добавлен в маппинг: lions-mane -> QmWG6Kc4Uj44LwgnyMxc4LxoBGZgdRbsmM5EZn37MBVmh1 (biounit_lions-mane_description.json)
2025-09-26 23:17:21,150 - INFO - utility.upload_organic_descriptions - Обработка item_id: passionflower
2025-09-26 23:17:21,150 - DEBUG - utility.upload_organic_descriptions - Данные для загрузки: {
  "id": "passionflower",
  "title": "Пассифлора",
  "scientific_name": "Passiflora incarnata",
  "generic_description": "Пассифлора — классическое растение анксилитического и седативного действия, используемое в фитотерапии для нормализации сна, снятия тревожности и мышечного напряжения. Её активные соединения (в частности, флавоноиды и харминоподобные алкалоиды) модулируют ГАМК-рецепторы, подобно мусцимолу, но мягко и безопасно. Пассифлора также используется для поддержки нервной системы при стрессовых перегрузках и синдроме отмены.",
  "effects": "",
  "shamanic": "С шаманской точки зрения, пассифлора — растение распутывания. Она не ломает узлы — она их растворяет, мягко расплетая внутренние конфликты, тревоги и бессонные мысли. Это союзник в моменте внутреннего давления, когда ум слишком громкий, а тело не может отдохнуть. Её дух — это женская, обволакивающая энергия, которая не спорит, а разрешает. Хороша в вечернее время, как напиток, переходящий в сон или глубокое восстановление.",
  "warnings": "",
  "dosage_instructions": [
    {
      "type": "dried",
      "title": "Сушёные растения",
      "description": ""
    }
  ]
}
2025-09-26 23:17:21,150 - DEBUG - utility.upload_organic_descriptions - Размер JSON данных: 1149 байт
2025-09-26 23:17:21,150 - INFO - utility.upload_organic_descriptions - Имя файла для загрузки: biounit_passionflower_description.json
2025-09-26 23:17:21,150 - INFO - utility.upload_organic_descriptions - Начинаем загрузку в IPFS для passionflower
2025-09-26 23:17:21,150 - INFO - services.core.storage.pinata - Начинаем загрузку в IPFS: {
  "id": "passionflower",
  "title": "Пассифлора",
  "scientific_name": "Passiflora incarnata",
  "generic_description": "Пассифлора — классическое растение анксилитического и седативного действия, используемое в фитотерапии для нормализации сна, снятия тревожности и мышечного напряжения. Её активные соединения (в частности, флавоноиды и харминоподобные алкалоиды) модулируют ГАМК-рецепторы, подобно мусцимолу, но мягко и безопасно. Пассифлора также используется для поддержки нервной системы при стрессовых перегрузках и синдроме отмены.",
  "effects": "",
  "shamanic": "С шаманской точки зрения, пассифлора — растение распутывания. Она не ломает узлы — она их растворяет, мягко расплетая внутренние конфликты, тревоги и бессонные мысли. Это союзник в моменте внутреннего давления, когда ум слишком громкий, а тело не может отдохнуть. Её дух — это женская, обволакивающая энергия, которая не спорит, а разрешает. Хороша в вечернее время, как напиток, переходящий в сон или глубокое восстановление.",
  "warnings": "",
  "dosage_instructions": [
    {
      "type": "dried",
      "title": "Сушёные растения",
      "description": ""
    }
  ]
}
2025-09-26 23:17:21,151 - INFO - services.core.storage.pinata - Обнаружены данные вместо пути к файлу, используем upload_text
2025-09-26 23:17:21,151 - INFO - services.core.storage.pinata - Начинаем загрузку текстовых данных в IPFS
2025-09-26 23:17:21,151 - INFO - services.core.storage.pinata - Отправляем запрос в Pinata JSON API
2025-09-26 23:17:21,151 - INFO - services.core.storage.pinata - [Pinata] Rate limiting: ожидание 10.58s (базовая: 10.0s + jitter: 0.58s)
2025-09-26 23:17:32,218 - INFO - services.core.storage.pinata - Успешно получен CID: QmYXGiCLB1sPtkoskNWA5dCo8d9uW6RVVS94uq2xf6awQ7
2025-09-26 23:17:32,220 - DEBUG - services.core.storage.pinata - Кэш сохранен
2025-09-26 23:17:32,221 - INFO - utility.upload_organic_descriptions - ☀️ Ура! Биологическая единица проросла в блокчейн! passionflower, получен CID: QmYXGiCLB1sPtkoskNWA5dCo8d9uW6RVVS94uq2xf6awQ7
2025-09-26 23:17:32,221 - INFO - utility.upload_organic_descriptions - ✅ Успешно добавлен в маппинг: passionflower -> QmYXGiCLB1sPtkoskNWA5dCo8d9uW6RVVS94uq2xf6awQ7 (biounit_passionflower_description.json)
2025-09-26 23:17:32,221 - INFO - utility.upload_organic_descriptions - Обработка item_id: nettle
2025-09-26 23:17:32,221 - DEBUG - utility.upload_organic_descriptions - Данные для загрузки: {
  "id": "nettle",
  "title": "Крапива двудомная",
  "scientific_name": "Urtica dioica",
  "generic_description": "Крапива — это сильное тонизирующее и кровоочищающее растение, содержащее витамины (A, C, K, группа B), минералы (железо, кремний, кальций), хлорофилл и флавоноиды. Она усиливает кроветворение, улучшает обмен веществ, снимает воспаления и укрепляет волосы, кожу, ногти. Также используется при анемии, усталости, аллергиях и как мягкое мочегонное средство.",
  "effects": "",
  "shamanic": "С шаманской перспективы, крапива — огненная трава, оживляющая кровь и волю. Она не только насыщает тело, но пробуждает “тёплую решимость” — энергию действия, очищения, жизненной ясности. Её дух — прямой, колючий, но исцеляющий. В чайном виде она возвращает тонус и структуру. Подходит тем, кто ослаб, потерял контакт с телом или нуждается в сборке своей внутренней пружины. Крапива — это трава возвращения к себе.",
  "warnings": "",
  "dosage_instructions": [
    {
      "type": "dried",
      "title": "Сушёные растения",
      "description": ""
    }
  ]
}
2025-09-26 23:17:32,221 - DEBUG - utility.upload_organic_descriptions - Размер JSON данных: 1065 байт
2025-09-26 23:17:32,221 - INFO - utility.upload_organic_descriptions - Имя файла для загрузки: biounit_nettle_description.json
2025-09-26 23:17:32,221 - INFO - utility.upload_organic_descriptions - Начинаем загрузку в IPFS для nettle
2025-09-26 23:17:32,222 - INFO - services.core.storage.pinata - Начинаем загрузку в IPFS: {
  "id": "nettle",
  "title": "Крапива двудомная",
  "scientific_name": "Urtica dioica",
  "generic_description": "Крапива — это сильное тонизирующее и кровоочищающее растение, содержащее витамины (A, C, K, группа B), минералы (железо, кремний, кальций), хлорофилл и флавоноиды. Она усиливает кроветворение, улучшает обмен веществ, снимает воспаления и укрепляет волосы, кожу, ногти. Также используется при анемии, усталости, аллергиях и как мягкое мочегонное средство.",
  "effects": "",
  "shamanic": "С шаманской перспективы, крапива — огненная трава, оживляющая кровь и волю. Она не только насыщает тело, но пробуждает “тёплую решимость” — энергию действия, очищения, жизненной ясности. Её дух — прямой, колючий, но исцеляющий. В чайном виде она возвращает тонус и структуру. Подходит тем, кто ослаб, потерял контакт с телом или нуждается в сборке своей внутренней пружины. Крапива — это трава возвращения к себе.",
  "warnings": "",
  "dosage_instructions": [
    {
      "type": "dried",
      "title": "Сушёные растения",
      "description": ""
    }
  ]
}
2025-09-26 23:17:32,222 - INFO - services.core.storage.pinata - Обнаружены данные вместо пути к файлу, используем upload_text
2025-09-26 23:17:32,222 - INFO - services.core.storage.pinata - Начинаем загрузку текстовых данных в IPFS
2025-09-26 23:17:32,222 - INFO - services.core.storage.pinata - Отправляем запрос в Pinata JSON API
2025-09-26 23:17:32,222 - INFO - services.core.storage.pinata - [Pinata] Rate limiting: ожидание 11.00s (базовая: 10.0s + jitter: 1.00s)
2025-09-26 23:17:43,755 - INFO - services.core.storage.pinata - Успешно получен CID: Qmer3AYuJ5uFksPFpEzcqB52nN4w7vpGbw1hMQqJdXuJ1G
2025-09-26 23:17:43,758 - DEBUG - services.core.storage.pinata - Кэш сохранен
2025-09-26 23:17:43,759 - INFO - utility.upload_organic_descriptions - ☀️ Ура! Биологическая единица проросла в блокчейн! nettle, получен CID: Qmer3AYuJ5uFksPFpEzcqB52nN4w7vpGbw1hMQqJdXuJ1G
2025-09-26 23:17:43,759 - INFO - utility.upload_organic_descriptions - ✅ Успешно добавлен в маппинг: nettle -> Qmer3AYuJ5uFksPFpEzcqB52nN4w7vpGbw1hMQqJdXuJ1G (biounit_nettle_description.json)
2025-09-26 23:17:43,759 - INFO - utility.upload_organic_descriptions - Обработка item_id: mint
2025-09-26 23:17:43,759 - DEBUG - utility.upload_organic_descriptions - Данные для загрузки: {
  "id": "mint",
  "title": "Мята перечная",
  "scientific_name": "Mentha × piperita",
  "generic_description": "Мята — классическая трава успокоения, пищеварения и ясности ума. Её ключевой компонент, ментол, воздействует на TRPM8-рецепторы, создавая эффект охлаждения, а также помогает при головной боли, тошноте, спазмах и воспалениях. Мята улучшает работу ЖКТ, снижает газообразование и действует как мягкий анальгетик. Её также применяют при простудах и для облегчения дыхания.",
  "effects": "",
  "shamanic": "С точки зрения шаманской традиции, мята — это травяной ветер, приносящий ясность, пространство и облегчение. Она охлаждает перегретую психику, успокаивает разогнанный ум и возвращает дыхание в тело. Это союзник в моменты перегрузки, ментального шума и эмоционального жара. Мятный чай — как шепот травы, напоминающий: «не всё нужно решать — иногда нужно просто выдохнуть».",
  "warnings": "",
  "dosage_instructions": [
    {
      "type": "dried",
      "title": "Сушёные растения",
      "description": ""
    }
  ]
}
2025-09-26 23:17:43,759 - DEBUG - utility.upload_organic_descriptions - Размер JSON данных: 1035 байт
2025-09-26 23:17:43,759 - INFO - utility.upload_organic_descriptions - Имя файла для загрузки: biounit_mint_description.json
2025-09-26 23:17:43,759 - INFO - utility.upload_organic_descriptions - Начинаем загрузку в IPFS для mint
2025-09-26 23:17:43,759 - INFO - services.core.storage.pinata - Начинаем загрузку в IPFS: {
  "id": "mint",
  "title": "Мята перечная",
  "scientific_name": "Mentha × piperita",
  "generic_description": "Мята — классическая трава успокоения, пищеварения и ясности ума. Её ключевой компонент, ментол, воздействует на TRPM8-рецепторы, создавая эффект охлаждения, а также помогает при головной боли, тошноте, спазмах и воспалениях. Мята улучшает работу ЖКТ, снижает газообразование и действует как мягкий анальгетик. Её также применяют при простудах и для облегчения дыхания.",
  "effects": "",
  "shamanic": "С точки зрения шаманской традиции, мята — это травяной ветер, приносящий ясность, пространство и облегчение. Она охлаждает перегретую психику, успокаивает разогнанный ум и возвращает дыхание в тело. Это союзник в моменты перегрузки, ментального шума и эмоционального жара. Мятный чай — как шепот травы, напоминающий: «не всё нужно решать — иногда нужно просто выдохнуть».",
  "warnings": "",
  "dosage_instructions": [
    {
      "type": "dried",
      "title": "Сушёные растения",
      "description": ""
    }
  ]
}
2025-09-26 23:17:43,759 - INFO - services.core.storage.pinata - Обнаружены данные вместо пути к файлу, используем upload_text
2025-09-26 23:17:43,759 - INFO - services.core.storage.pinata - Начинаем загрузку текстовых данных в IPFS
2025-09-26 23:17:43,760 - INFO - services.core.storage.pinata - Отправляем запрос в Pinata JSON API
2025-09-26 23:17:43,760 - INFO - services.core.storage.pinata - [Pinata] Rate limiting: ожидание 11.33s (базовая: 10.0s + jitter: 1.33s)
2025-09-26 23:17:55,631 - INFO - services.core.storage.pinata - Успешно получен CID: QmR88CGcBUqvHFMavUeuodQEuCDHMP4zKKxdN3QMYz7Ayj
2025-09-26 23:17:55,635 - DEBUG - services.core.storage.pinata - Кэш сохранен
2025-09-26 23:17:55,636 - INFO - utility.upload_organic_descriptions - ☀️ Ура! Биологическая единица проросла в блокчейн! mint, получен CID: QmR88CGcBUqvHFMavUeuodQEuCDHMP4zKKxdN3QMYz7Ayj
2025-09-26 23:17:55,636 - INFO - utility.upload_organic_descriptions - ✅ Успешно добавлен в маппинг: mint -> QmR88CGcBUqvHFMavUeuodQEuCDHMP4zKKxdN3QMYz7Ayj (biounit_mint_description.json)
2025-09-26 23:17:55,636 - INFO - utility.upload_organic_descriptions - Всего успешно загружено: 11 из 11
2025-09-26 23:17:55,638 - INFO - utility.upload_organic_descriptions - Маппинг CID сохранен в catalog/organic_cid_mapping.json
2025-09-26 23:17:55,638 - INFO - __main__ - 📝 Загружены описания: {'amanita_muscaria': 'QmdoqBWBZoupjQWFfBxMJD5N9dJSFTyjVEV1AVL8oNEVSG', 'amanita_pantherina': 'Qmbkp4owyjyjRuYGd7b1KfVjo5bBvCutgYdCi7qKd3ZPoy', 'blue-lotus': 'QmdmJFdMQXRpp3qNRTLYqsR1kFLYhTSRA8YMfd5JvNi85S', 'inonotus_obliquus': 'Qmb7L2tVDcuJ9My46MpmYsiUSoP9sUkCARkKCdRSesPr93', 'cordyceps_militaris': 'QmUYCbZXNg1K1sBvBaWEByaYriagVC4VvfGfQQA1itFXHy', 'cantharellus_cibarius': 'QmaPtpqwBLjKNwGLccWqMbDRsceJ52xV97Eh9RkdWbCvvE', 'populus_tremula': 'QmT1QMFRpSXHQPUv524EdthjxVUeZFgGM3c8FwVvrYbiXJ', 'lions-mane': 'QmWG6Kc4Uj44LwgnyMxc4LxoBGZgdRbsmM5EZn37MBVmh1', 'passionflower': 'QmYXGiCLB1sPtkoskNWA5dCo8d9uW6RVVS94uq2xf6awQ7', 'nettle': 'Qmer3AYuJ5uFksPFpEzcqB52nN4w7vpGbw1hMQqJdXuJ1G', 'mint': 'QmR88CGcBUqvHFMavUeuodQEuCDHMP4zKKxdN3QMYz7Ayj'}
2025-09-26 23:17:55,638 - INFO - __main__ - 🔄 Конвертация каталога...
2025-09-26 23:17:55,639 - INFO - utility.catalog_csv2json - ✨ Обработан продукт: Amanita muscaria — sliced caps and gills (1st grade)
2025-09-26 23:17:55,639 - INFO - utility.catalog_csv2json - ✨ Обработан продукт: Amanita — Closed hat
2025-09-26 23:17:55,639 - INFO - utility.catalog_csv2json - ✨ Обработан продукт: Amanita — Collapsed hats
2025-09-26 23:17:55,639 - INFO - utility.catalog_csv2json - ✨ Обработан продукт: Amanita — LUX
2025-09-26 23:17:55,639 - INFO - utility.catalog_csv2json - ✨ Обработан продукт: Amanita — Pantera
2025-09-26 23:17:55,640 - INFO - utility.catalog_csv2json - ✨ Обработан продукт: Amanita — Powder
2025-09-26 23:17:55,640 - INFO - utility.catalog_csv2json - ✨ Обработан продукт: Amanita — Tinctura
2025-09-26 23:17:55,640 - INFO - utility.catalog_csv2json - ✨ Обработан продукт: Blue Lotus — Tinctura
2025-09-26 23:17:55,640 - INFO - utility.catalog_csv2json - ✨ Обработан продукт: Blue Lotus
2025-09-26 23:17:55,640 - INFO - utility.catalog_csv2json - ✨ Обработан продукт: Chaga
2025-09-26 23:17:55,640 - INFO - utility.catalog_csv2json - ✨ Обработан продукт: cordyceps_militaris
2025-09-26 23:17:55,640 - INFO - utility.catalog_csv2json - ✨ Обработан продукт: cordyceps_militaris_powder
2025-09-26 23:17:55,640 - INFO - utility.catalog_csv2json - ✨ Обработан продукт: Foxes
2025-09-26 23:17:55,640 - INFO - utility.catalog_csv2json - ✨ Обработан продукт: Foxes
2025-09-26 23:17:55,640 - INFO - utility.catalog_csv2json - ✨ Обработан продукт: Kora Osiny
2025-09-26 23:17:55,640 - INFO - utility.catalog_csv2json - ✨ Обработан продукт: Lions Main — Powder
2025-09-26 23:17:55,640 - INFO - utility.catalog_csv2json - ✨ Обработан продукт: Lions Main
2025-09-26 23:17:55,643 - INFO - utility.catalog_csv2json - 🎉 Каталог успешно сохранен в catalog/active_catalog.json
2025-09-26 23:17:55,643 - INFO - __main__ - 🔄 Конвертирован каталог: [{'business_id': 'amanita1', 'title': 'Amanita muscaria — sliced caps and gills (1st grade)', 'organic_components': [{'biounit_id': 'amanita_muscaria', 'description_cid': 'QmdoqBWBZoupjQWFfBxMJD5N9dJSFTyjVEV1AVL8oNEVSG', 'proportion': '100%'}], 'categories': ['mushroom', 'mental health', 'focus', 'ADHD support', 'mental force'], 'cover_image_url': 'QmYrs5gAMeZEmiFAJnmRcD19rpCpXF52ssMJ6X2oWrxWWj', 'forms': ['mixed slices'], 'species': 'Amanita muscaria', 'prices': [{'weight': '100', 'weight_unit': 'g', 'price': '80', 'currency': 'EUR'}]}, {'business_id': 'amanita_closed_cups', 'title': 'Amanita — Closed hat', 'organic_components': [{'biounit_id': 'amanita_muscaria', 'description_cid': 'QmdoqBWBZoupjQWFfBxMJD5N9dJSFTyjVEV1AVL8oNEVSG', 'proportion': '100%'}], 'categories': ['mushroom', 'mental health', 'focus', 'ADHD support', 'mental force'], 'cover_image_url': 'QmbTBHeByJwUP9JyTo2GcHzj1YwzVww6zXrEDFt3zgdwQ1', 'forms': ['whole caps'], 'species': 'Amanita muscaria', 'prices': [{'weight': '100', 'weight_unit': 'g', 'price': '90', 'currency': 'EUR'}]}, {'business_id': 'amanita_broken_closed_cups', 'title': 'Amanita — Collapsed hats', 'organic_components': [{'biounit_id': 'amanita_muscaria', 'description_cid': 'QmdoqBWBZoupjQWFfBxMJD5N9dJSFTyjVEV1AVL8oNEVSG', 'proportion': '100%'}], 'categories': ['mushroom', 'mental health', 'focus', 'ADHD support', 'mental force'], 'cover_image_url': 'QmUPHsHyuDHKyVbduvqoooAYShFCSfYgcnEioxNNqgZK2B', 'forms': ['broken caps'], 'species': 'Amanita muscaria', 'prices': [{'weight': '100', 'weight_unit': 'g', 'price': '60', 'currency': 'EUR'}]}, {'business_id': 'amanita_lux', 'title': 'Amanita — LUX', 'organic_components': [{'biounit_id': 'amanita_muscaria', 'description_cid': 'QmdoqBWBZoupjQWFfBxMJD5N9dJSFTyjVEV1AVL8oNEVSG', 'proportion': '100%'}], 'categories': ['mushroom', 'mental health', 'focus', 'ADHD support', 'mental force'], 'cover_image_url': 'Qmat1agJkdYK5uX8YZoJvQnQ3zzqSaavmzUEhpEfQHD4gz', 'forms': ['premium caps'], 'species': 'Amanita muscaria', 'prices': [{'weight': '100', 'weight_unit': 'g', 'price': '90', 'currency': 'EUR'}]}, {'business_id': 'amanita_pantherina_whole', 'title': 'Amanita — Pantera', 'organic_components': [{'biounit_id': 'amanita_pantherina', 'description_cid': 'Qmbkp4owyjyjRuYGd7b1KfVjo5bBvCutgYdCi7qKd3ZPoy', 'proportion': '100%'}], 'categories': ['mushroom', 'mental health', 'focus', 'ADHD support', 'mental force'], 'cover_image_url': 'QmQxwESeMcEAc8VcYjd5ZQQwkaubp11vKo3kkJkx8SsTfn', 'forms': ['unknown'], 'species': 'Amanita pantherina', 'prices': [{'weight': '30', 'weight_unit': 'g', 'price': '60', 'currency': 'EUR'}, {'weight': '50', 'weight_unit': 'g', 'price': '100', 'currency': 'EUR'}, {'weight': '50', 'weight_unit': 'g', 'price': '90', 'currency': 'EUR'}]}, {'business_id': 'amanita_pantherina_powder', 'title': 'Amanita — Powder', 'organic_components': [{'biounit_id': 'amanita_muscaria', 'description_cid': 'QmdoqBWBZoupjQWFfBxMJD5N9dJSFTyjVEV1AVL8oNEVSG', 'proportion': '100%'}], 'categories': ['mushroom', 'mental health', 'focus', 'ADHD support', 'mental force'], 'cover_image_url': 'QmWwjNvD8HX6WB2TLsxiEhciMJCHRfiZBw9G2wgfqKyPbd', 'forms': ['powder'], 'species': 'Amanita muscaria', 'prices': [{'weight': '100', 'weight_unit': 'g', 'price': '60', 'currency': 'EUR'}]}, {'business_id': 'amanita_tincture', 'title': 'Amanita — Tinctura', 'organic_components': [{'biounit_id': 'amanita_muscaria', 'description_cid': 'QmdoqBWBZoupjQWFfBxMJD5N9dJSFTyjVEV1AVL8oNEVSG', 'proportion': '100%'}], 'categories': ['mushroom', 'mental health', 'focus', 'ADHD support', 'mental force'], 'cover_image_url': 'QmbGrAqeugUxZZxWojavu4rbHdk5XNmSsSv92UV8FKjyHa', 'forms': ['tincture'], 'species': 'Amanita muscaria', 'prices': [{'volume': '50', 'volume_unit': 'ml', 'price': '15', 'currency': 'EUR'}]}, {'business_id': 'blue_lotus_tincture', 'title': 'Blue Lotus — Tinctura', 'organic_components': [{'biounit_id': 'blue-lotus', 'description_cid': 'QmdmJFdMQXRpp3qNRTLYqsR1kFLYhTSRA8YMfd5JvNi85S', 'proportion': '100%'}], 'categories': ['plant', 'mental health', 'focus', 'ADHD support', 'mental force'], 'cover_image_url': 'QmeR4vHpCm6eiWnMkJGARA8WLUNc8jWWEq3L5bhJGNfWFW', 'forms': ['tincture'], 'species': 'Nymphaea caerulea (Blue Lotus)', 'prices': [{'volume': '50', 'volume_unit': 'ml', 'price': '20', 'currency': 'EUR'}]}, {'business_id': 'blue_lotus_flowers', 'title': 'Blue Lotus', 'organic_components': [{'biounit_id': 'blue-lotus', 'description_cid': 'QmdmJFdMQXRpp3qNRTLYqsR1kFLYhTSRA8YMfd5JvNi85S', 'proportion': '100%'}], 'categories': ['plant', 'mental health', 'focus', 'ADHD support', 'mental force'], 'cover_image_url': 'QmT5RC6Q6MRRF3YoDcXmKamKntXT6oSvxk3G2aLDkPc17T', 'forms': ['flower'], 'species': 'Nymphaea caerulea (Blue Lotus)', 'prices': [{'weight': '100', 'weight_unit': 'g', 'price': '30', 'currency': 'EUR'}]}, {'business_id': 'chaga_chunks', 'title': 'Chaga', 'organic_components': [{'biounit_id': 'inonotus_obliquus', 'description_cid': 'Qmb7L2tVDcuJ9My46MpmYsiUSoP9sUkCARkKCdRSesPr93', 'proportion': '100%'}], 'categories': ['mushroom', 'immune system', 'vital force'], 'cover_image_url': 'QmaUhzH11vG9aEH9MTpLHaVuBFMDPTXC9AcwcGBVoy2S5c', 'forms': ['chunks'], 'species': 'Inonotus obliquus (Chaga)', 'prices': [{'weight': '100', 'weight_unit': 'g', 'price': '10', 'currency': 'EUR'}, {'weight': '200', 'weight_unit': 'g', 'price': '15', 'currency': 'EUR'}]}, {'business_id': 'cordyceps_militaris_powder', 'title': 'cordyceps_militaris', 'organic_components': [{'biounit_id': 'cordyceps_militaris', 'description_cid': 'QmUYCbZXNg1K1sBvBaWEByaYriagVC4VvfGfQQA1itFXHy', 'proportion': '100%'}], 'categories': ['mushroom', 'immune system', 'vital force'], 'cover_image_url': 'QmW25vHA9WA78VENPus3A8Zrn45YeFMjVKWLJwfA5CEfSQ', 'forms': ['powder'], 'species': 'Cordyceps militaris', 'prices': [{'weight': '100', 'weight_unit': 'g', 'price': '40', 'currency': 'EUR'}]}, {'business_id': 'cordyceps_militaris_dried_bodies', 'title': 'cordyceps_militaris_powder', 'organic_components': [{'biounit_id': 'cordyceps_militaris', 'description_cid': 'QmUYCbZXNg1K1sBvBaWEByaYriagVC4VvfGfQQA1itFXHy', 'proportion': '100%'}], 'categories': ['mushroom', 'immune system', 'vital force'], 'cover_image_url': 'QmfYLGvSUq2FEszpyLoyu28PLmeTMXk6zikT3c5W43kshP', 'forms': ['dried whole'], 'species': 'Cordyceps militaris', 'prices': [{'weight': '100', 'weight_unit': 'g', 'price': '30', 'currency': 'EUR'}]}, {'business_id': 'chanterelle_dried', 'title': 'Foxes', 'organic_components': [{'biounit_id': 'cantharellus_cibarius', 'description_cid': 'QmaPtpqwBLjKNwGLccWqMbDRsceJ52xV97Eh9RkdWbCvvE', 'proportion': '100%'}], 'categories': ['mushroom', 'antiparasite', 'immune system', 'vital force'], 'cover_image_url': 'QmNULQzUp3TGVR6mbSEH9WBjbrGGgN3dy6wZF8KYAKNvGa', 'forms': ['dried whole'], 'species': 'Cantharellus cibarius (Chanterelle)', 'prices': [{'weight': '100', 'weight_unit': 'g', 'price': '30', 'currency': 'EUR'}]}, {'business_id': 'chanterelle_powder', 'title': 'Foxes', 'organic_components': [{'biounit_id': 'cantharellus_cibarius', 'description_cid': 'QmaPtpqwBLjKNwGLccWqMbDRsceJ52xV97Eh9RkdWbCvvE', 'proportion': '100%'}], 'categories': ['mushroom', 'antiparasite', 'immune system', 'vital force'], 'cover_image_url': 'QmNULQzUp3TGVR6mbSEH9WBjbrGGgN3dy6wZF8KYAKNvGa', 'forms': ['dried powder'], 'species': 'Cantharellus cibarius (Chanterelle)', 'prices': [{'weight': '100', 'weight_unit': 'g', 'price': '40', 'currency': 'EUR'}]}, {'business_id': 'aspen_bark_dried_strips', 'title': 'Kora Osiny', 'organic_components': [{'biounit_id': 'populus_tremula', 'description_cid': 'QmT1QMFRpSXHQPUv524EdthjxVUeZFgGM3c8FwVvrYbiXJ', 'proportion': '100%'}], 'categories': ['plant', 'antiparasite', 'immune system', 'vital force'], 'cover_image_url': 'QmZGLPHZxDJP4VRbZbR8CRBY2widf5wMqMvu3rowhJGvCT', 'forms': ['dried strips'], 'species': 'Populus tremula (Aspen)', 'prices': [{'weight': '200', 'weight_unit': 'g', 'price': '10', 'currency': 'EUR'}]}, {'business_id': 'lions_mane_powder', 'title': 'Lions Main — Powder', 'organic_components': [{'biounit_id': 'lions-mane', 'description_cid': 'QmWG6Kc4Uj44LwgnyMxc4LxoBGZgdRbsmM5EZn37MBVmh1', 'proportion': '100%'}], 'categories': ['mushroom', 'mental health', 'focus', 'ADHD support', 'mental force'], 'cover_image_url': 'QmTU5LpEp2qDBpCiWnZHEDuUK7BES3gm8wNWihn7ShqjAv', 'forms': ['powder'], 'species': "Hericium erinaceus (Lion's Mane)", 'prices': [{'weight': '100', 'weight_unit': 'g', 'price': '40', 'currency': 'EUR'}]}, {'business_id': "Lion's Mane mushroom — whole dried", 'title': 'Lions Main', 'organic_components': [{'biounit_id': 'lions-mane', 'description_cid': 'QmWG6Kc4Uj44LwgnyMxc4LxoBGZgdRbsmM5EZn37MBVmh1', 'proportion': '100%'}], 'categories': ['mushroom', 'mental health', 'focus', 'ADHD support', 'mental force'], 'cover_image_url': 'QmXzbH3aeiyYyn5b4YSHe2kvNCQuUXtMngL91MeVjHH3vJ', 'forms': ['whole dried'], 'species': "Hericium erinaceus (Lion's Mane)", 'prices': [{'weight': '100', 'weight_unit': 'g', 'price': '30', 'currency': 'EUR'}]}]
2025-09-26 23:17:55,643 - INFO - __main__ - 📦 Подготовка данных для реестра...
2025-09-26 23:17:55,651 - INFO - services.core.storage.pinata - Кэш загружен, 36 записей
2025-09-26 23:17:55,651 - INFO - services.core.ipfs_factory - [IPFSFactory] Установлен Pinata провайдер
2025-09-26 23:17:55,651 - INFO - services.core.ipfs_factory - [IPFSFactory] Инициализирована фабрика IPFS с типом коммуникации: sync
2025-09-26 23:17:55,652 - INFO - utility.prepare_products_for_registry - ☀️ Создан файл catalog/product_jsons/amanita1.json
2025-09-26 23:17:55,652 - INFO - utility.prepare_products_for_registry - 🔥 Загружаем catalog/product_jsons/amanita1.json в IPFS
2025-09-26 23:17:55,652 - INFO - services.core.storage.pinata - Начинаем загрузку в IPFS: catalog/product_jsons/amanita1.json
2025-09-26 23:17:55,652 - DEBUG - services.core.storage.pinata - SHA-256 хеш файла: 9c5adb21f8f97515d9ca8a9f4ec7eec3fbf0cbc4b10236fbf5debf89a703ec6c
2025-09-26 23:17:55,652 - INFO - services.core.storage.pinata - Загружаем файл: amanita1.json
2025-09-26 23:17:55,652 - INFO - services.core.storage.pinata - [Pinata] Rate limiting: ожидание 11.75s (базовая: 10.0s + jitter: 1.75s)
2025-09-26 23:18:08,471 - INFO - services.core.storage.pinata - Метрики сохранены в metrics/pinata_metrics_20250926_231808.json
2025-09-26 23:18:08,472 - INFO - services.core.storage.pinata - Успешно получен CID: QmZVqoSXyKtSuqkFUaXnYRenGXHwhSYLEpMCrwUpSKHr2Q
2025-09-26 23:18:08,473 - DEBUG - services.core.storage.pinata - Кэш сохранен
2025-09-26 23:18:08,474 - INFO - utility.prepare_products_for_registry - ✅ Загружен amanita1: QmZVqoSXyKtSuqkFUaXnYRenGXHwhSYLEpMCrwUpSKHr2Q
2025-09-26 23:18:08,475 - INFO - utility.prepare_products_for_registry - ☀️ Создан файл catalog/product_jsons/amanita_closed_cups.json
2025-09-26 23:18:08,475 - INFO - utility.prepare_products_for_registry - 🔥 Загружаем catalog/product_jsons/amanita_closed_cups.json в IPFS
2025-09-26 23:18:08,476 - INFO - services.core.storage.pinata - Начинаем загрузку в IPFS: catalog/product_jsons/amanita_closed_cups.json
2025-09-26 23:18:08,476 - DEBUG - services.core.storage.pinata - SHA-256 хеш файла: a1dfec6aa7587e90d36d04212d6af533e76885a6b79253f0df78d06267c6926a
2025-09-26 23:18:08,476 - INFO - services.core.storage.pinata - Загружаем файл: amanita_closed_cups.json
2025-09-26 23:18:08,476 - INFO - services.core.storage.pinata - [Pinata] Rate limiting: ожидание 11.40s (базовая: 10.0s + jitter: 1.40s)
2025-09-26 23:18:20,430 - INFO - services.core.storage.pinata - Успешно получен CID: QmdNLN1ZNq3MVkH2iWJUjtsHSme8Lp3VhEd8x44tGU2zP8
2025-09-26 23:18:20,433 - DEBUG - services.core.storage.pinata - Кэш сохранен
2025-09-26 23:18:20,433 - INFO - utility.prepare_products_for_registry - ✅ Загружен amanita_closed_cups: QmdNLN1ZNq3MVkH2iWJUjtsHSme8Lp3VhEd8x44tGU2zP8
2025-09-26 23:18:20,434 - INFO - utility.prepare_products_for_registry - ☀️ Создан файл catalog/product_jsons/amanita_broken_closed_cups.json
2025-09-26 23:18:20,434 - INFO - utility.prepare_products_for_registry - 🔥 Загружаем catalog/product_jsons/amanita_broken_closed_cups.json в IPFS
2025-09-26 23:18:20,434 - INFO - services.core.storage.pinata - Начинаем загрузку в IPFS: catalog/product_jsons/amanita_broken_closed_cups.json
2025-09-26 23:18:20,434 - DEBUG - services.core.storage.pinata - SHA-256 хеш файла: 1fd09a99b848a017efa494369480a4030b1426efaec8b4c5374fee8b13ac0bf8
2025-09-26 23:18:20,434 - INFO - services.core.storage.pinata - Загружаем файл: amanita_broken_closed_cups.json
2025-09-26 23:18:20,434 - INFO - services.core.storage.pinata - [Pinata] Rate limiting: ожидание 10.89s (базовая: 10.0s + jitter: 0.89s)
2025-09-26 23:18:31,915 - INFO - services.core.storage.pinata - Успешно получен CID: QmQf2K1gTcc5xFhFvtkw4rbxGNzzrszAZxtxHnTvFRVZKw
2025-09-26 23:18:31,918 - DEBUG - services.core.storage.pinata - Кэш сохранен
2025-09-26 23:18:31,919 - INFO - utility.prepare_products_for_registry - ✅ Загружен amanita_broken_closed_cups: QmQf2K1gTcc5xFhFvtkw4rbxGNzzrszAZxtxHnTvFRVZKw
2025-09-26 23:18:31,920 - INFO - utility.prepare_products_for_registry - ☀️ Создан файл catalog/product_jsons/amanita_lux.json
2025-09-26 23:18:31,921 - INFO - utility.prepare_products_for_registry - 🔥 Загружаем catalog/product_jsons/amanita_lux.json в IPFS
2025-09-26 23:18:31,921 - INFO - services.core.storage.pinata - Начинаем загрузку в IPFS: catalog/product_jsons/amanita_lux.json
2025-09-26 23:18:31,921 - DEBUG - services.core.storage.pinata - SHA-256 хеш файла: 47d4efbf6f7a100569a13566f2e09a17e27933cc18b57be1276b479cd8487b4f
2025-09-26 23:18:31,921 - INFO - services.core.storage.pinata - Загружаем файл: amanita_lux.json
2025-09-26 23:18:31,922 - INFO - services.core.storage.pinata - [Pinata] Rate limiting: ожидание 11.41s (базовая: 10.0s + jitter: 1.41s)
2025-09-26 23:18:43,825 - INFO - services.core.storage.pinata - Успешно получен CID: QmQHMTL5ep9pKfs5bnQBwUvz2FGEkN6HAjuBVRwRvQMMD7
2025-09-26 23:18:43,831 - DEBUG - services.core.storage.pinata - Кэш сохранен
2025-09-26 23:18:43,831 - INFO - utility.prepare_products_for_registry - ✅ Загружен amanita_lux: QmQHMTL5ep9pKfs5bnQBwUvz2FGEkN6HAjuBVRwRvQMMD7
2025-09-26 23:18:43,833 - INFO - utility.prepare_products_for_registry - ☀️ Создан файл catalog/product_jsons/amanita_pantherina_whole.json
2025-09-26 23:18:43,833 - INFO - utility.prepare_products_for_registry - 🔥 Загружаем catalog/product_jsons/amanita_pantherina_whole.json в IPFS
2025-09-26 23:18:43,833 - INFO - services.core.storage.pinata - Начинаем загрузку в IPFS: catalog/product_jsons/amanita_pantherina_whole.json
2025-09-26 23:18:43,834 - DEBUG - services.core.storage.pinata - SHA-256 хеш файла: 26214ec12f0af2506a2601134ce9f67c5185ee4308e3f96b850c77772f27577d
2025-09-26 23:18:43,834 - INFO - services.core.storage.pinata - Загружаем файл: amanita_pantherina_whole.json
2025-09-26 23:18:43,834 - INFO - services.core.storage.pinata - [Pinata] Rate limiting: ожидание 11.05s (базовая: 10.0s + jitter: 1.05s)
2025-09-26 23:18:55,461 - INFO - services.core.storage.pinata - Успешно получен CID: QmechqN79C7ftRDfQNqTJ58tJEfDQRWSK3UwUEbSe6nHFn
2025-09-26 23:18:55,465 - DEBUG - services.core.storage.pinata - Кэш сохранен
2025-09-26 23:18:55,465 - INFO - utility.prepare_products_for_registry - ✅ Загружен amanita_pantherina_whole: QmechqN79C7ftRDfQNqTJ58tJEfDQRWSK3UwUEbSe6nHFn
2025-09-26 23:18:55,466 - INFO - utility.prepare_products_for_registry - ☀️ Создан файл catalog/product_jsons/amanita_pantherina_powder.json
2025-09-26 23:18:55,467 - INFO - utility.prepare_products_for_registry - 🔥 Загружаем catalog/product_jsons/amanita_pantherina_powder.json в IPFS
2025-09-26 23:18:55,467 - INFO - services.core.storage.pinata - Начинаем загрузку в IPFS: catalog/product_jsons/amanita_pantherina_powder.json
2025-09-26 23:18:55,467 - DEBUG - services.core.storage.pinata - SHA-256 хеш файла: b718b7b4160c148b36189d94135c7c5118395be2f5593401502bb0dc60908bcd
2025-09-26 23:18:55,467 - INFO - services.core.storage.pinata - Загружаем файл: amanita_pantherina_powder.json
2025-09-26 23:18:55,467 - INFO - services.core.storage.pinata - [Pinata] Rate limiting: ожидание 11.52s (базовая: 10.0s + jitter: 1.52s)
2025-09-26 23:19:07,514 - INFO - services.core.storage.pinata - Успешно получен CID: QmZRJW6SDA7pRfBV1vvQ9eFDHgZ2xS71tX4ML1wRryQNKb
2025-09-26 23:19:07,518 - DEBUG - services.core.storage.pinata - Кэш сохранен
2025-09-26 23:19:07,518 - INFO - utility.prepare_products_for_registry - ✅ Загружен amanita_pantherina_powder: QmZRJW6SDA7pRfBV1vvQ9eFDHgZ2xS71tX4ML1wRryQNKb
2025-09-26 23:19:07,520 - INFO - utility.prepare_products_for_registry - ☀️ Создан файл catalog/product_jsons/amanita_tincture.json
2025-09-26 23:19:07,520 - INFO - utility.prepare_products_for_registry - 🔥 Загружаем catalog/product_jsons/amanita_tincture.json в IPFS
2025-09-26 23:19:07,520 - INFO - services.core.storage.pinata - Начинаем загрузку в IPFS: catalog/product_jsons/amanita_tincture.json
2025-09-26 23:19:07,520 - DEBUG - services.core.storage.pinata - SHA-256 хеш файла: b7f347134be59da7723b8c9b3ec46acc1f839bf8e5cfa6c060089fe7eef6e8a7
2025-09-26 23:19:07,520 - INFO - services.core.storage.pinata - Загружаем файл: amanita_tincture.json
2025-09-26 23:19:07,520 - INFO - services.core.storage.pinata - [Pinata] Rate limiting: ожидание 10.94s (базовая: 10.0s + jitter: 0.94s)
2025-09-26 23:19:19,317 - INFO - services.core.storage.pinata - Успешно получен CID: Qmavs8CbZjeGDXL11a2dmdjZTCAXnu4NED6pY4ULEpaYk6
2025-09-26 23:19:19,319 - DEBUG - services.core.storage.pinata - Кэш сохранен
2025-09-26 23:19:19,319 - INFO - utility.prepare_products_for_registry - ✅ Загружен amanita_tincture: Qmavs8CbZjeGDXL11a2dmdjZTCAXnu4NED6pY4ULEpaYk6
2025-09-26 23:19:19,320 - INFO - utility.prepare_products_for_registry - ☀️ Создан файл catalog/product_jsons/blue_lotus_tincture.json
2025-09-26 23:19:19,320 - INFO - utility.prepare_products_for_registry - 🔥 Загружаем catalog/product_jsons/blue_lotus_tincture.json в IPFS
2025-09-26 23:19:19,320 - INFO - services.core.storage.pinata - Начинаем загрузку в IPFS: catalog/product_jsons/blue_lotus_tincture.json
2025-09-26 23:19:19,320 - DEBUG - services.core.storage.pinata - SHA-256 хеш файла: 72493e8c28769eba66b627815bedc3a0c4322c413d1a3178fbe9706c9ae8a5f4
2025-09-26 23:19:19,321 - INFO - services.core.storage.pinata - Загружаем файл: blue_lotus_tincture.json
2025-09-26 23:19:19,321 - INFO - services.core.storage.pinata - [Pinata] Rate limiting: ожидание 10.70s (базовая: 10.0s + jitter: 0.70s)
2025-09-26 23:19:30,520 - INFO - services.core.storage.pinata - Успешно получен CID: QmWGkSCke5cpwvUjy9JRnaqxjHAbf2QwmqpaATZHMK9yNT
2025-09-26 23:19:30,524 - DEBUG - services.core.storage.pinata - Кэш сохранен
2025-09-26 23:19:30,524 - INFO - utility.prepare_products_for_registry - ✅ Загружен blue_lotus_tincture: QmWGkSCke5cpwvUjy9JRnaqxjHAbf2QwmqpaATZHMK9yNT
2025-09-26 23:19:30,525 - INFO - utility.prepare_products_for_registry - ☀️ Создан файл catalog/product_jsons/blue_lotus_flowers.json
2025-09-26 23:19:30,525 - INFO - utility.prepare_products_for_registry - 🔥 Загружаем catalog/product_jsons/blue_lotus_flowers.json в IPFS
2025-09-26 23:19:30,525 - INFO - services.core.storage.pinata - Начинаем загрузку в IPFS: catalog/product_jsons/blue_lotus_flowers.json
2025-09-26 23:19:30,526 - DEBUG - services.core.storage.pinata - SHA-256 хеш файла: 047e2af96122c3e70e6ddc676bb3651da352bb3a213b1029a81a727d7cb26229
2025-09-26 23:19:30,526 - INFO - services.core.storage.pinata - Загружаем файл: blue_lotus_flowers.json
2025-09-26 23:19:30,526 - INFO - services.core.storage.pinata - [Pinata] Rate limiting: ожидание 11.46s (базовая: 10.0s + jitter: 1.46s)
2025-09-26 23:19:42,597 - INFO - services.core.storage.pinata - Успешно получен CID: QmV5Vt7cGMo7nVeUpUJjeMA2kzNWtPZLYqrQMTmREHQkwb
2025-09-26 23:19:42,600 - DEBUG - services.core.storage.pinata - Кэш сохранен
2025-09-26 23:19:42,601 - INFO - utility.prepare_products_for_registry - ✅ Загружен blue_lotus_flowers: QmV5Vt7cGMo7nVeUpUJjeMA2kzNWtPZLYqrQMTmREHQkwb
2025-09-26 23:19:42,603 - INFO - utility.prepare_products_for_registry - ☀️ Создан файл catalog/product_jsons/chaga_chunks.json
2025-09-26 23:19:42,603 - INFO - utility.prepare_products_for_registry - 🔥 Загружаем catalog/product_jsons/chaga_chunks.json в IPFS
2025-09-26 23:19:42,603 - INFO - services.core.storage.pinata - Начинаем загрузку в IPFS: catalog/product_jsons/chaga_chunks.json
2025-09-26 23:19:42,603 - DEBUG - services.core.storage.pinata - SHA-256 хеш файла: 20347f8f79c1d3d1db522ddf4fa87806c115bfe25bd08645913d6df350bd3219
2025-09-26 23:19:42,603 - INFO - services.core.storage.pinata - Загружаем файл: chaga_chunks.json
2025-09-26 23:19:42,603 - INFO - services.core.storage.pinata - [Pinata] Rate limiting: ожидание 11.54s (базовая: 10.0s + jitter: 1.54s)
2025-09-26 23:19:54,645 - INFO - services.core.storage.pinata - Успешно получен CID: QmZff46WWYo4Z7PKW7iKGo7AVXMJZ5mK4EjSMjVsuSE6nf
2025-09-26 23:19:54,649 - DEBUG - services.core.storage.pinata - Кэш сохранен
2025-09-26 23:19:54,650 - INFO - utility.prepare_products_for_registry - ✅ Загружен chaga_chunks: QmZff46WWYo4Z7PKW7iKGo7AVXMJZ5mK4EjSMjVsuSE6nf
2025-09-26 23:19:54,651 - INFO - utility.prepare_products_for_registry - ☀️ Создан файл catalog/product_jsons/cordyceps_militaris_powder.json
2025-09-26 23:19:54,651 - INFO - utility.prepare_products_for_registry - 🔥 Загружаем catalog/product_jsons/cordyceps_militaris_powder.json в IPFS
2025-09-26 23:19:54,651 - INFO - services.core.storage.pinata - Начинаем загрузку в IPFS: catalog/product_jsons/cordyceps_militaris_powder.json
2025-09-26 23:19:54,651 - DEBUG - services.core.storage.pinata - SHA-256 хеш файла: d151504233e8ff1589ffaa1adab548c8f8b97d4fa2f8acca289c53e725b3bca3
2025-09-26 23:19:54,651 - INFO - services.core.storage.pinata - Загружаем файл: cordyceps_militaris_powder.json
2025-09-26 23:19:54,652 - INFO - services.core.storage.pinata - [Pinata] Rate limiting: ожидание 11.17s (базовая: 10.0s + jitter: 1.17s)
2025-09-26 23:20:06,723 - INFO - services.core.storage.pinata - Успешно получен CID: QmNc36zuqDbywY7cnn9dKcL9Bj1ApPkEQjajf45x4MpTtT
2025-09-26 23:20:06,729 - DEBUG - services.core.storage.pinata - Кэш сохранен
2025-09-26 23:20:06,730 - INFO - utility.prepare_products_for_registry - ✅ Загружен cordyceps_militaris_powder: QmNc36zuqDbywY7cnn9dKcL9Bj1ApPkEQjajf45x4MpTtT
2025-09-26 23:20:06,731 - INFO - utility.prepare_products_for_registry - ☀️ Создан файл catalog/product_jsons/cordyceps_militaris_dried_bodies.json
2025-09-26 23:20:06,732 - INFO - utility.prepare_products_for_registry - 🔥 Загружаем catalog/product_jsons/cordyceps_militaris_dried_bodies.json в IPFS
2025-09-26 23:20:06,732 - INFO - services.core.storage.pinata - Начинаем загрузку в IPFS: catalog/product_jsons/cordyceps_militaris_dried_bodies.json
2025-09-26 23:20:06,732 - DEBUG - services.core.storage.pinata - SHA-256 хеш файла: eb44d8b8b67821fe62e0302d3dec8a0a2cf7b706e7326d2622d6024523c88ace
2025-09-26 23:20:06,732 - INFO - services.core.storage.pinata - Загружаем файл: cordyceps_militaris_dried_bodies.json
2025-09-26 23:20:06,732 - INFO - services.core.storage.pinata - [Pinata] Rate limiting: ожидание 11.90s (базовая: 10.0s + jitter: 1.90s)
2025-09-26 23:20:19,579 - INFO - services.core.storage.pinata - Успешно получен CID: QmWBFYt5fZc9sxHu18YfwSZwHxm25AnFxvmCXDumMNivQi
2025-09-26 23:20:19,586 - DEBUG - services.core.storage.pinata - Кэш сохранен
2025-09-26 23:20:19,586 - INFO - utility.prepare_products_for_registry - ✅ Загружен cordyceps_militaris_dried_bodies: QmWBFYt5fZc9sxHu18YfwSZwHxm25AnFxvmCXDumMNivQi
2025-09-26 23:20:19,588 - INFO - utility.prepare_products_for_registry - ☀️ Создан файл catalog/product_jsons/chanterelle_dried.json
2025-09-26 23:20:19,589 - INFO - utility.prepare_products_for_registry - 🔥 Загружаем catalog/product_jsons/chanterelle_dried.json в IPFS
2025-09-26 23:20:19,589 - INFO - services.core.storage.pinata - Начинаем загрузку в IPFS: catalog/product_jsons/chanterelle_dried.json
2025-09-26 23:20:19,589 - DEBUG - services.core.storage.pinata - SHA-256 хеш файла: 47112aabd2e774b341bd8686aa8856ea856927eb1bff39a65660561544a5a422
2025-09-26 23:20:19,589 - INFO - services.core.storage.pinata - Загружаем файл: chanterelle_dried.json
2025-09-26 23:20:19,589 - INFO - services.core.storage.pinata - [Pinata] Rate limiting: ожидание 10.52s (базовая: 10.0s + jitter: 0.52s)
2025-09-26 23:20:31,109 - INFO - services.core.storage.pinata - Успешно получен CID: Qmbw9yEByqo9nDCLnYXADSBJG86xTiM5GH8UJsDRHD9m3c
2025-09-26 23:20:31,112 - DEBUG - services.core.storage.pinata - Кэш сохранен
2025-09-26 23:20:31,113 - INFO - utility.prepare_products_for_registry - ✅ Загружен chanterelle_dried: Qmbw9yEByqo9nDCLnYXADSBJG86xTiM5GH8UJsDRHD9m3c
2025-09-26 23:20:31,114 - INFO - utility.prepare_products_for_registry - ☀️ Создан файл catalog/product_jsons/chanterelle_powder.json
2025-09-26 23:20:31,114 - INFO - utility.prepare_products_for_registry - 🔥 Загружаем catalog/product_jsons/chanterelle_powder.json в IPFS
2025-09-26 23:20:31,115 - INFO - services.core.storage.pinata - Начинаем загрузку в IPFS: catalog/product_jsons/chanterelle_powder.json
2025-09-26 23:20:31,115 - DEBUG - services.core.storage.pinata - SHA-256 хеш файла: f64dd083862aeeafb1bf271fd08d6188b41a5a1da43835fad45871980c7573ce
2025-09-26 23:20:31,115 - INFO - services.core.storage.pinata - Загружаем файл: chanterelle_powder.json
2025-09-26 23:20:31,115 - INFO - services.core.storage.pinata - [Pinata] Rate limiting: ожидание 11.32s (базовая: 10.0s + jitter: 1.32s)
2025-09-26 23:20:42,940 - INFO - services.core.storage.pinata - Успешно получен CID: Qma97b51NoAUQV5age2ThLoAqKcjtHNMjxKCKzsfk8k3U9
2025-09-26 23:20:42,942 - DEBUG - services.core.storage.pinata - Кэш сохранен
2025-09-26 23:20:42,943 - INFO - utility.prepare_products_for_registry - ✅ Загружен chanterelle_powder: Qma97b51NoAUQV5age2ThLoAqKcjtHNMjxKCKzsfk8k3U9
2025-09-26 23:20:42,943 - INFO - utility.prepare_products_for_registry - ☀️ Создан файл catalog/product_jsons/aspen_bark_dried_strips.json
2025-09-26 23:20:42,944 - INFO - utility.prepare_products_for_registry - 🔥 Загружаем catalog/product_jsons/aspen_bark_dried_strips.json в IPFS
2025-09-26 23:20:42,944 - INFO - services.core.storage.pinata - Начинаем загрузку в IPFS: catalog/product_jsons/aspen_bark_dried_strips.json
2025-09-26 23:20:42,944 - DEBUG - services.core.storage.pinata - SHA-256 хеш файла: 03cd683dee607cb5b3cbd3cfe0a52cff0bff2baf59526aec87e163a61b130836
2025-09-26 23:20:42,944 - INFO - services.core.storage.pinata - Загружаем файл: aspen_bark_dried_strips.json
2025-09-26 23:20:42,944 - INFO - services.core.storage.pinata - [Pinata] Rate limiting: ожидание 11.60s (базовая: 10.0s + jitter: 1.60s)
2025-09-26 23:20:55,131 - INFO - services.core.storage.pinata - Успешно получен CID: QmbjJfVZqNA1ox5gJsNGkQsyvaEC2mfwReZ4GnevubxdTi
2025-09-26 23:20:55,136 - DEBUG - services.core.storage.pinata - Кэш сохранен
2025-09-26 23:20:55,137 - INFO - utility.prepare_products_for_registry - ✅ Загружен aspen_bark_dried_strips: QmbjJfVZqNA1ox5gJsNGkQsyvaEC2mfwReZ4GnevubxdTi
2025-09-26 23:20:55,138 - INFO - utility.prepare_products_for_registry - ☀️ Создан файл catalog/product_jsons/lions_mane_powder.json
2025-09-26 23:20:55,139 - INFO - utility.prepare_products_for_registry - 🔥 Загружаем catalog/product_jsons/lions_mane_powder.json в IPFS
2025-09-26 23:20:55,139 - INFO - services.core.storage.pinata - Начинаем загрузку в IPFS: catalog/product_jsons/lions_mane_powder.json
2025-09-26 23:20:55,139 - DEBUG - services.core.storage.pinata - SHA-256 хеш файла: 09b8522fc9495d9e87322563c627103022a6579185cf9b7a55aee31330de3a53
2025-09-26 23:20:55,139 - INFO - services.core.storage.pinata - Загружаем файл: lions_mane_powder.json
2025-09-26 23:20:55,139 - INFO - services.core.storage.pinata - [Pinata] Rate limiting: ожидание 11.39s (базовая: 10.0s + jitter: 1.39s)
2025-09-26 23:21:07,118 - INFO - services.core.storage.pinata - Успешно получен CID: QmNqWF8AbWaq8zizvo3EhfrVTJxY1yseuq3p9UmWWYUKYp
2025-09-26 23:21:07,120 - DEBUG - services.core.storage.pinata - Кэш сохранен
2025-09-26 23:21:07,121 - INFO - utility.prepare_products_for_registry - ✅ Загружен lions_mane_powder: QmNqWF8AbWaq8zizvo3EhfrVTJxY1yseuq3p9UmWWYUKYp
2025-09-26 23:21:07,122 - INFO - utility.prepare_products_for_registry - ☀️ Создан файл catalog/product_jsons/Lion's Mane mushroom — whole dried.json
2025-09-26 23:21:07,122 - INFO - utility.prepare_products_for_registry - 🔥 Загружаем catalog/product_jsons/Lion's Mane mushroom — whole dried.json в IPFS
2025-09-26 23:21:07,122 - INFO - services.core.storage.pinata - Начинаем загрузку в IPFS: catalog/product_jsons/Lion's Mane mushroom — whole dried.json
2025-09-26 23:21:07,122 - DEBUG - services.core.storage.pinata - SHA-256 хеш файла: 176262c91071d84485f2f2d105233d06991e97ecfd24aa7f74e8bc597aaaf9c4
2025-09-26 23:21:07,122 - INFO - services.core.storage.pinata - Загружаем файл: Lion's Mane mushroom — whole dried.json
2025-09-26 23:21:07,123 - INFO - services.core.storage.pinata - [Pinata] Rate limiting: ожидание 11.75s (базовая: 10.0s + jitter: 1.75s)
2025-09-26 23:21:19,442 - INFO - services.core.storage.pinata - Успешно получен CID: QmdTAvmydVok9HYDz4ivXYCWzbyi5aAZgjxzjhjQGPad5c
2025-09-26 23:21:19,447 - DEBUG - services.core.storage.pinata - Кэш сохранен
2025-09-26 23:21:19,447 - INFO - utility.prepare_products_for_registry - ✅ Загружен Lion's Mane mushroom — whole dried: QmdTAvmydVok9HYDz4ivXYCWzbyi5aAZgjxzjhjQGPad5c
2025-09-26 23:21:19,449 - INFO - utility.prepare_products_for_registry - 
🎉 Все продукты обработаны и готовы для загрузки в контракт!
2025-09-26 23:21:19,449 - INFO - utility.prepare_products_for_registry - 📝 Итоговый файл: catalog/product_registry_upload_data.json
2025-09-26 23:21:19,450 - INFO - __main__ - 📦 Подготовлены данные для реестра: [{'id': 'amanita1', 'ipfsCID': 'QmZVqoSXyKtSuqkFUaXnYRenGXHwhSYLEpMCrwUpSKHr2Q', 'active': True}, {'id': 'amanita_closed_cups', 'ipfsCID': 'QmdNLN1ZNq3MVkH2iWJUjtsHSme8Lp3VhEd8x44tGU2zP8', 'active': True}, {'id': 'amanita_broken_closed_cups', 'ipfsCID': 'QmQf2K1gTcc5xFhFvtkw4rbxGNzzrszAZxtxHnTvFRVZKw', 'active': True}, {'id': 'amanita_lux', 'ipfsCID': 'QmQHMTL5ep9pKfs5bnQBwUvz2FGEkN6HAjuBVRwRvQMMD7', 'active': True}, {'id': 'amanita_pantherina_whole', 'ipfsCID': 'QmechqN79C7ftRDfQNqTJ58tJEfDQRWSK3UwUEbSe6nHFn', 'active': True}, {'id': 'amanita_pantherina_powder', 'ipfsCID': 'QmZRJW6SDA7pRfBV1vvQ9eFDHgZ2xS71tX4ML1wRryQNKb', 'active': True}, {'id': 'amanita_tincture', 'ipfsCID': 'Qmavs8CbZjeGDXL11a2dmdjZTCAXnu4NED6pY4ULEpaYk6', 'active': True}, {'id': 'blue_lotus_tincture', 'ipfsCID': 'QmWGkSCke5cpwvUjy9JRnaqxjHAbf2QwmqpaATZHMK9yNT', 'active': True}, {'id': 'blue_lotus_flowers', 'ipfsCID': 'QmV5Vt7cGMo7nVeUpUJjeMA2kzNWtPZLYqrQMTmREHQkwb', 'active': True}, {'id': 'chaga_chunks', 'ipfsCID': 'QmZff46WWYo4Z7PKW7iKGo7AVXMJZ5mK4EjSMjVsuSE6nf', 'active': True}, {'id': 'cordyceps_militaris_powder', 'ipfsCID': 'QmNc36zuqDbywY7cnn9dKcL9Bj1ApPkEQjajf45x4MpTtT', 'active': True}, {'id': 'cordyceps_militaris_dried_bodies', 'ipfsCID': 'QmWBFYt5fZc9sxHu18YfwSZwHxm25AnFxvmCXDumMNivQi', 'active': True}, {'id': 'chanterelle_dried', 'ipfsCID': 'Qmbw9yEByqo9nDCLnYXADSBJG86xTiM5GH8UJsDRHD9m3c', 'active': True}, {'id': 'chanterelle_powder', 'ipfsCID': 'Qma97b51NoAUQV5age2ThLoAqKcjtHNMjxKCKzsfk8k3U9', 'active': True}, {'id': 'aspen_bark_dried_strips', 'ipfsCID': 'QmbjJfVZqNA1ox5gJsNGkQsyvaEC2mfwReZ4GnevubxdTi', 'active': True}, {'id': 'lions_mane_powder', 'ipfsCID': 'QmNqWF8AbWaq8zizvo3EhfrVTJxY1yseuq3p9UmWWYUKYp', 'active': True}, {'id': "Lion's Mane mushroom — whole dried", 'ipfsCID': 'QmdTAvmydVok9HYDz4ivXYCWzbyi5aAZgjxzjhjQGPad5c', 'active': True}]
2025-09-26 23:21:19,450 - INFO - __main__ - 🚀 Загрузка продуктов в реестр...
2025-09-26 23:21:19,450 - INFO - __main__ - 📝 Загрузка продуктов в реестр...
2025-09-26 23:21:19,450 - INFO - services.product.registry - [ProductRegistry] Создание продукта в смарт-контракте с CID: QmZVqoSXyKtSuqkFUaXnYRenGXHwhSYLEpMCrwUpSKHr2Q
2025-09-26 23:21:19,450 - INFO - services.product.registry - [ProductRegistry] Продукт успешно создан. Хэш транзакции: <coroutine object BlockchainService.create_product at 0x104016b40>
2025-09-26 23:21:19,457 - INFO - services.core.blockchain - [Web3] [TX] account.address: 0x21d994213d88b4ccDA265036557788B9B910610D
2025-09-26 23:21:19,457 - INFO - services.core.blockchain - [Web3] [TX] func: <Function createProduct>, args: ('QmZVqoSXyKtSuqkFUaXnYRenGXHwhSYLEpMCrwUpSKHr2Q',), kwargs: {}
2025-09-26 23:21:19,850 - INFO - services.core.blockchain - [Web3] [GAS] estimated: 212882, with multiplier (1.2): 255458
2025-09-26 23:21:19,941 - INFO - services.core.blockchain - [Web3] [TX] txn (build_transaction): {'value': 0, 'chainId': 137, 'from': '0x21d994213d88b4ccDA265036557788B9B910610D', 'nonce': 144, 'gas': 255458, 'gasPrice': 27994656122, 'to': '0x1F3870c0513bb839472365e003865A655D5b0C61', 'data': '0x02ec06be0000000000000000000000000000000000000000000000000000000000000020000000000000000000000000000000000000000000000000000000000000002e516d5a56716f5358794b745375716b465561586e5952656e475848776853594c45704d4372775570534b48723251000000000000000000000000000000000000'}
2025-09-26 23:21:19,943 - INFO - services.core.blockchain - [Web3] [TX] signed_txn: SignedTransaction(raw_transaction=HexBytes('0xf8ed81908506849c8d7a8303e5e2941f3870c0513bb839472365e003865a655d5b0c6180b88402ec06be0000000000000000000000000000000000000000000000000000000000000020000000000000000000000000000000000000000000000000000000000000002e516d5a56716f5358794b745375716b465561586e5952656e475848776853594c45704d4372775570534b48723251000000000000000000000000000000000000820136a02be88afda15d616c54c6cad6be5bcbf4dd30fb30b5158bdd1571b4ffabbeba6ea03253f47b7d4a3317d3cd8512c5801c9ae756b33c65c701ec0c2dfc933c5e311e'), hash=HexBytes('0x47e257482c250b357beb93c3ebc132d0ee742e619e651166545d0a1a9eba9672'), r=19860320286965097244022218128340116344640815263801368979606820468083442760302, s=22763978090916542671401528131684491606103435281392147111111982624321214230814, v=310), type: <class 'eth_account.datastructures.SignedTransaction'>
2025-09-26 23:21:19,991 - INFO - services.core.blockchain - [Web3] Транзакция ProductRegistry.createProduct отправлена: 47e257482c250b357beb93c3ebc132d0ee742e619e651166545d0a1a9eba9672
2025-09-26 23:21:21,329 - INFO - services.core.blockchain - [Web3] Транзакция 47e257482c250b357beb93c3ebc132d0ee742e619e651166545d0a1a9eba9672 подтверждена
2025-09-26 23:21:21,330 - INFO - services.core.blockchain - Created product with CID QmZVqoSXyKtSuqkFUaXnYRenGXHwhSYLEpMCrwUpSKHr2Q, tx_hash: 47e257482c250b357beb93c3ebc132d0ee742e619e651166545d0a1a9eba9672
2025-09-26 23:21:21,330 - INFO - __main__ - ✅ Продукт amanita1 успешно загружен в смарт контракт. TX: 47e257482c250b357beb93c3ebc132d0ee742e619e651166545d0a1a9eba9672
2025-09-26 23:21:21,330 - INFO - services.product.registry - [ProductRegistry] Создание продукта в смарт-контракте с CID: QmdNLN1ZNq3MVkH2iWJUjtsHSme8Lp3VhEd8x44tGU2zP8
2025-09-26 23:21:21,330 - INFO - services.product.registry - [ProductRegistry] Продукт успешно создан. Хэш транзакции: <coroutine object BlockchainService.create_product at 0x104016b40>
2025-09-26 23:21:21,331 - INFO - services.core.blockchain - [Web3] [TX] account.address: 0x21d994213d88b4ccDA265036557788B9B910610D
2025-09-26 23:21:21,331 - INFO - services.core.blockchain - [Web3] [TX] func: <Function createProduct>, args: ('QmdNLN1ZNq3MVkH2iWJUjtsHSme8Lp3VhEd8x44tGU2zP8',), kwargs: {}
2025-09-26 23:21:21,602 - INFO - services.core.blockchain - [Web3] [GAS] estimated: 212882, with multiplier (1.2): 255458
2025-09-26 23:21:21,699 - INFO - services.core.blockchain - [Web3] [TX] txn (build_transaction): {'value': 0, 'chainId': 137, 'from': '0x21d994213d88b4ccDA265036557788B9B910610D', 'nonce': 145, 'gas': 255458, 'gasPrice': 27994656094, 'to': '0x1F3870c0513bb839472365e003865A655D5b0C61', 'data': '0x02ec06be0000000000000000000000000000000000000000000000000000000000000020000000000000000000000000000000000000000000000000000000000000002e516d644e4c4e315a4e71334d566b483269574a556a747348536d65384c70335668456438783434744755327a5038000000000000000000000000000000000000'}
2025-09-26 23:21:21,700 - INFO - services.core.blockchain - [Web3] [TX] signed_txn: SignedTransaction(raw_transaction=HexBytes('0xf8ed81918506849c8d5e8303e5e2941f3870c0513bb839472365e003865a655d5b0c6180b88402ec06be0000000000000000000000000000000000000000000000000000000000000020000000000000000000000000000000000000000000000000000000000000002e516d644e4c4e315a4e71334d566b483269574a556a747348536d65384c70335668456438783434744755327a5038000000000000000000000000000000000000820136a077da16440234dfda7514dca35617b79a3b26d97063a0d66ec87df2079696593ca030280c0bf2c7c512399c13d4787e3f8f06e3d8f2eaeacfce1c13199ecc1b14e5'), hash=HexBytes('0x47bb0039d6286f634e37144a0deb063563d321aa49e40093851a781b44152999'), r=54210555313458766619966731463267434725773128473320050676252261245625979787580, s=21781773757671251957238083171167459146491907305366629885241757991561179370725, v=310), type: <class 'eth_account.datastructures.SignedTransaction'>
2025-09-26 23:21:21,749 - INFO - services.core.blockchain - [Web3] Транзакция ProductRegistry.createProduct отправлена: 47bb0039d6286f634e37144a0deb063563d321aa49e40093851a781b44152999
2025-09-26 23:21:23,376 - INFO - services.core.blockchain - [Web3] Транзакция 47bb0039d6286f634e37144a0deb063563d321aa49e40093851a781b44152999 подтверждена
2025-09-26 23:21:23,376 - INFO - services.core.blockchain - Created product with CID QmdNLN1ZNq3MVkH2iWJUjtsHSme8Lp3VhEd8x44tGU2zP8, tx_hash: 47bb0039d6286f634e37144a0deb063563d321aa49e40093851a781b44152999
2025-09-26 23:21:23,376 - INFO - __main__ - ✅ Продукт amanita_closed_cups успешно загружен в смарт контракт. TX: 47bb0039d6286f634e37144a0deb063563d321aa49e40093851a781b44152999
2025-09-26 23:21:23,376 - INFO - services.product.registry - [ProductRegistry] Создание продукта в смарт-контракте с CID: QmQf2K1gTcc5xFhFvtkw4rbxGNzzrszAZxtxHnTvFRVZKw
2025-09-26 23:21:23,376 - INFO - services.product.registry - [ProductRegistry] Продукт успешно создан. Хэш транзакции: <coroutine object BlockchainService.create_product at 0x104016b40>
2025-09-26 23:21:23,377 - INFO - services.core.blockchain - [Web3] [TX] account.address: 0x21d994213d88b4ccDA265036557788B9B910610D
2025-09-26 23:21:23,377 - INFO - services.core.blockchain - [Web3] [TX] func: <Function createProduct>, args: ('QmQf2K1gTcc5xFhFvtkw4rbxGNzzrszAZxtxHnTvFRVZKw',), kwargs: {}
2025-09-26 23:21:23,685 - INFO - services.core.blockchain - [Web3] [GAS] estimated: 212882, with multiplier (1.2): 255458
2025-09-26 23:21:23,774 - INFO - services.core.blockchain - [Web3] [TX] txn (build_transaction): {'value': 0, 'chainId': 137, 'from': '0x21d994213d88b4ccDA265036557788B9B910610D', 'nonce': 146, 'gas': 255458, 'gasPrice': 27994656069, 'to': '0x1F3870c0513bb839472365e003865A655D5b0C61', 'data': '0x02ec06be0000000000000000000000000000000000000000000000000000000000000020000000000000000000000000000000000000000000000000000000000000002e516d5166324b3167546363357846684676746b7734726278474e7a7a72737a415a787478486e54764652565a4b77000000000000000000000000000000000000'}
2025-09-26 23:21:23,775 - INFO - services.core.blockchain - [Web3] [TX] signed_txn: SignedTransaction(raw_transaction=HexBytes('0xf8ed81928506849c8d458303e5e2941f3870c0513bb839472365e003865a655d5b0c6180b88402ec06be0000000000000000000000000000000000000000000000000000000000000020000000000000000000000000000000000000000000000000000000000000002e516d5166324b3167546363357846684676746b7734726278474e7a7a72737a415a787478486e54764652565a4b77000000000000000000000000000000000000820136a0a6ee08e9c74726ba00312495fe89d41f6b8afff27ba683d00a8d585a809a3dd0a03a48ab204b95e4b9eb58c6097f3c66f2a0cb096ea05c6295c9f17ce5036a9633'), hash=HexBytes('0x8d5f90c3686b398c0affa8d211b12214d614f0d7a8e0b1e47769106f73fcaca5'), r=75504503982864239690148650171906216952118739480405037780954499344103829552592, s=26362539275797173201421525561019567068985619147343602304904870221523133830707, v=310), type: <class 'eth_account.datastructures.SignedTransaction'>
2025-09-26 23:21:23,823 - INFO - services.core.blockchain - [Web3] Транзакция ProductRegistry.createProduct отправлена: 8d5f90c3686b398c0affa8d211b12214d614f0d7a8e0b1e47769106f73fcaca5
2025-09-26 23:21:25,429 - INFO - services.core.blockchain - [Web3] Транзакция 8d5f90c3686b398c0affa8d211b12214d614f0d7a8e0b1e47769106f73fcaca5 подтверждена
2025-09-26 23:21:25,430 - INFO - services.core.blockchain - Created product with CID QmQf2K1gTcc5xFhFvtkw4rbxGNzzrszAZxtxHnTvFRVZKw, tx_hash: 8d5f90c3686b398c0affa8d211b12214d614f0d7a8e0b1e47769106f73fcaca5
2025-09-26 23:21:25,431 - INFO - __main__ - ✅ Продукт amanita_broken_closed_cups успешно загружен в смарт контракт. TX: 8d5f90c3686b398c0affa8d211b12214d614f0d7a8e0b1e47769106f73fcaca5
2025-09-26 23:21:25,431 - INFO - services.product.registry - [ProductRegistry] Создание продукта в смарт-контракте с CID: QmQHMTL5ep9pKfs5bnQBwUvz2FGEkN6HAjuBVRwRvQMMD7
2025-09-26 23:21:25,431 - INFO - services.product.registry - [ProductRegistry] Продукт успешно создан. Хэш транзакции: <coroutine object BlockchainService.create_product at 0x104016b40>
2025-09-26 23:21:25,432 - INFO - services.core.blockchain - [Web3] [TX] account.address: 0x21d994213d88b4ccDA265036557788B9B910610D
2025-09-26 23:21:25,432 - INFO - services.core.blockchain - [Web3] [TX] func: <Function createProduct>, args: ('QmQHMTL5ep9pKfs5bnQBwUvz2FGEkN6HAjuBVRwRvQMMD7',), kwargs: {}
2025-09-26 23:21:25,738 - INFO - services.core.blockchain - [Web3] [GAS] estimated: 212882, with multiplier (1.2): 255458
2025-09-26 23:21:25,842 - INFO - services.core.blockchain - [Web3] [TX] txn (build_transaction): {'value': 0, 'chainId': 137, 'from': '0x21d994213d88b4ccDA265036557788B9B910610D', 'nonce': 147, 'gas': 255458, 'gasPrice': 27994656031, 'to': '0x1F3870c0513bb839472365e003865A655D5b0C61', 'data': '0x02ec06be0000000000000000000000000000000000000000000000000000000000000020000000000000000000000000000000000000000000000000000000000000002e516d51484d544c35657039704b667335626e51427755767a324647456b4e3648416a75425652775276514d4d4437000000000000000000000000000000000000'}
2025-09-26 23:21:25,843 - INFO - services.core.blockchain - [Web3] [TX] signed_txn: SignedTransaction(raw_transaction=HexBytes('0xf8ed81938506849c8d1f8303e5e2941f3870c0513bb839472365e003865a655d5b0c6180b88402ec06be0000000000000000000000000000000000000000000000000000000000000020000000000000000000000000000000000000000000000000000000000000002e516d51484d544c35657039704b667335626e51427755767a324647456b4e3648416a75425652775276514d4d4437000000000000000000000000000000000000820136a0c6815478cd7994b90195e22fe7d2b31ef80c093614685114634853ce4ec00edba05ef3692079cf39f597550929aeef68ca48b69d0a74fd56513d3d9ec42efb2ece'), hash=HexBytes('0x98e8f5aa6a37915b7aa4649bcba79a7d15822a5dd7e216a67e7b0485e20d6778'), r=89786450294368922234915786027763186755422674778872782126982125141826790756059, s=42947477162480929547005260402093116731106840175504142133771084807653643988686, v=310), type: <class 'eth_account.datastructures.SignedTransaction'>
2025-09-26 23:21:25,892 - INFO - services.core.blockchain - [Web3] Транзакция ProductRegistry.createProduct отправлена: 98e8f5aa6a37915b7aa4649bcba79a7d15822a5dd7e216a67e7b0485e20d6778
2025-09-26 23:21:27,784 - INFO - services.core.blockchain - [Web3] Транзакция 98e8f5aa6a37915b7aa4649bcba79a7d15822a5dd7e216a67e7b0485e20d6778 подтверждена
2025-09-26 23:21:27,784 - INFO - services.core.blockchain - Created product with CID QmQHMTL5ep9pKfs5bnQBwUvz2FGEkN6HAjuBVRwRvQMMD7, tx_hash: 98e8f5aa6a37915b7aa4649bcba79a7d15822a5dd7e216a67e7b0485e20d6778
2025-09-26 23:21:27,784 - INFO - __main__ - ✅ Продукт amanita_lux успешно загружен в смарт контракт. TX: 98e8f5aa6a37915b7aa4649bcba79a7d15822a5dd7e216a67e7b0485e20d6778
2025-09-26 23:21:27,784 - INFO - services.product.registry - [ProductRegistry] Создание продукта в смарт-контракте с CID: QmechqN79C7ftRDfQNqTJ58tJEfDQRWSK3UwUEbSe6nHFn
2025-09-26 23:21:27,784 - INFO - services.product.registry - [ProductRegistry] Продукт успешно создан. Хэш транзакции: <coroutine object BlockchainService.create_product at 0x104016b40>
2025-09-26 23:21:27,785 - INFO - services.core.blockchain - [Web3] [TX] account.address: 0x21d994213d88b4ccDA265036557788B9B910610D
2025-09-26 23:21:27,785 - INFO - services.core.blockchain - [Web3] [TX] func: <Function createProduct>, args: ('QmechqN79C7ftRDfQNqTJ58tJEfDQRWSK3UwUEbSe6nHFn',), kwargs: {}
2025-09-26 23:21:28,059 - INFO - services.core.blockchain - [Web3] [GAS] estimated: 212882, with multiplier (1.2): 255458
2025-09-26 23:21:28,157 - INFO - services.core.blockchain - [Web3] [TX] txn (build_transaction): {'value': 0, 'chainId': 137, 'from': '0x21d994213d88b4ccDA265036557788B9B910610D', 'nonce': 148, 'gas': 255458, 'gasPrice': 27994656000, 'to': '0x1F3870c0513bb839472365e003865A655D5b0C61', 'data': '0x02ec06be0000000000000000000000000000000000000000000000000000000000000020000000000000000000000000000000000000000000000000000000000000002e516d656368714e373943376674524466514e71544a3538744a456644515257534b3355775545625365366e48466e000000000000000000000000000000000000'}
2025-09-26 23:21:28,157 - INFO - services.core.blockchain - [Web3] [TX] signed_txn: SignedTransaction(raw_transaction=HexBytes('0xf8ed81948506849c8d008303e5e2941f3870c0513bb839472365e003865a655d5b0c6180b88402ec06be0000000000000000000000000000000000000000000000000000000000000020000000000000000000000000000000000000000000000000000000000000002e516d656368714e373943376674524466514e71544a3538744a456644515257534b3355775545625365366e48466e000000000000000000000000000000000000820136a09552894908b43a06ff2a5b9998065fbaa029998179396434593302c1c02ef69ca036ed95756dd5de27bc75758068075c851f5bec73d8731bc90f9a0045fa469f5b'), hash=HexBytes('0x64058d0f3a77a31a5121e38bf3b74b4a84243b45fa43aa589ed69330661e9249'), r=67540443406460775676640441914027822355948727500189321114012545009907695285916, s=24844668103935313808123807583480284557601044132261506977035327960359979360091, v=310), type: <class 'eth_account.datastructures.SignedTransaction'>
2025-09-26 23:21:28,206 - INFO - services.core.blockchain - [Web3] Транзакция ProductRegistry.createProduct отправлена: 64058d0f3a77a31a5121e38bf3b74b4a84243b45fa43aa589ed69330661e9249
2025-09-26 23:21:31,783 - INFO - services.core.blockchain - [Web3] Транзакция 64058d0f3a77a31a5121e38bf3b74b4a84243b45fa43aa589ed69330661e9249 подтверждена
2025-09-26 23:21:31,783 - INFO - services.core.blockchain - Created product with CID QmechqN79C7ftRDfQNqTJ58tJEfDQRWSK3UwUEbSe6nHFn, tx_hash: 64058d0f3a77a31a5121e38bf3b74b4a84243b45fa43aa589ed69330661e9249
2025-09-26 23:21:31,784 - INFO - __main__ - ✅ Продукт amanita_pantherina_whole успешно загружен в смарт контракт. TX: 64058d0f3a77a31a5121e38bf3b74b4a84243b45fa43aa589ed69330661e9249
2025-09-26 23:21:31,784 - INFO - services.product.registry - [ProductRegistry] Создание продукта в смарт-контракте с CID: QmZRJW6SDA7pRfBV1vvQ9eFDHgZ2xS71tX4ML1wRryQNKb
2025-09-26 23:21:31,784 - INFO - services.product.registry - [ProductRegistry] Продукт успешно создан. Хэш транзакции: <coroutine object BlockchainService.create_product at 0x104016b40>
2025-09-26 23:21:31,784 - INFO - services.core.blockchain - [Web3] [TX] account.address: 0x21d994213d88b4ccDA265036557788B9B910610D
2025-09-26 23:21:31,784 - INFO - services.core.blockchain - [Web3] [TX] func: <Function createProduct>, args: ('QmZRJW6SDA7pRfBV1vvQ9eFDHgZ2xS71tX4ML1wRryQNKb',), kwargs: {}
2025-09-26 23:21:31,996 - INFO - services.core.blockchain - [Web3] [GAS] estimated: 212882, with multiplier (1.2): 255458
2025-09-26 23:21:32,084 - INFO - services.core.blockchain - [Web3] [TX] txn (build_transaction): {'value': 0, 'chainId': 137, 'from': '0x21d994213d88b4ccDA265036557788B9B910610D', 'nonce': 149, 'gas': 255458, 'gasPrice': 27994655994, 'to': '0x1F3870c0513bb839472365e003865A655D5b0C61', 'data': '0x02ec06be0000000000000000000000000000000000000000000000000000000000000020000000000000000000000000000000000000000000000000000000000000002e516d5a524a5736534441377052664256317676513965464448675a32785337317458344d4c3177527279514e4b62000000000000000000000000000000000000'}
2025-09-26 23:21:32,086 - INFO - services.core.blockchain - [Web3] [TX] signed_txn: SignedTransaction(raw_transaction=HexBytes('0xf8ed81958506849c8cfa8303e5e2941f3870c0513bb839472365e003865a655d5b0c6180b88402ec06be0000000000000000000000000000000000000000000000000000000000000020000000000000000000000000000000000000000000000000000000000000002e516d5a524a5736534441377052664256317676513965464448675a32785337317458344d4c3177527279514e4b62000000000000000000000000000000000000820135a0d4717dedf8699605f35f91ecdf4b1597673b58d8a14b6d7d7e76566812d26d3ca013dc441c8ba1d856a4213e155cf3473a948b5344994cd0bc4212c39e3bce9d3e'), hash=HexBytes('0x1281531d6d416dd0576ca8413b2086e6ed8cdd55c4b963082f1d8d22369d530f'), r=96090846751934024606054203195924368263461568686122735593733141615078114749756, s=8983120565668382112991333286674763917113222682807428653171089222420264820030, v=309), type: <class 'eth_account.datastructures.SignedTransaction'>
2025-09-26 23:21:32,136 - INFO - services.core.blockchain - [Web3] Транзакция ProductRegistry.createProduct отправлена: 1281531d6d416dd0576ca8413b2086e6ed8cdd55c4b963082f1d8d22369d530f
2025-09-26 23:21:33,721 - INFO - services.core.blockchain - [Web3] Транзакция 1281531d6d416dd0576ca8413b2086e6ed8cdd55c4b963082f1d8d22369d530f подтверждена
2025-09-26 23:21:33,721 - INFO - services.core.blockchain - Created product with CID QmZRJW6SDA7pRfBV1vvQ9eFDHgZ2xS71tX4ML1wRryQNKb, tx_hash: 1281531d6d416dd0576ca8413b2086e6ed8cdd55c4b963082f1d8d22369d530f
2025-09-26 23:21:33,722 - INFO - __main__ - ✅ Продукт amanita_pantherina_powder успешно загружен в смарт контракт. TX: 1281531d6d416dd0576ca8413b2086e6ed8cdd55c4b963082f1d8d22369d530f
2025-09-26 23:21:33,722 - INFO - services.product.registry - [ProductRegistry] Создание продукта в смарт-контракте с CID: Qmavs8CbZjeGDXL11a2dmdjZTCAXnu4NED6pY4ULEpaYk6
2025-09-26 23:21:33,722 - INFO - services.product.registry - [ProductRegistry] Продукт успешно создан. Хэш транзакции: <coroutine object BlockchainService.create_product at 0x104016b40>
2025-09-26 23:21:33,722 - INFO - services.core.blockchain - [Web3] [TX] account.address: 0x21d994213d88b4ccDA265036557788B9B910610D
2025-09-26 23:21:33,722 - INFO - services.core.blockchain - [Web3] [TX] func: <Function createProduct>, args: ('Qmavs8CbZjeGDXL11a2dmdjZTCAXnu4NED6pY4ULEpaYk6',), kwargs: {}
2025-09-26 23:21:34,049 - INFO - services.core.blockchain - [Web3] [GAS] estimated: 212882, with multiplier (1.2): 255458
2025-09-26 23:21:34,179 - INFO - services.core.blockchain - [Web3] [TX] txn (build_transaction): {'value': 0, 'chainId': 137, 'from': '0x21d994213d88b4ccDA265036557788B9B910610D', 'nonce': 150, 'gas': 255458, 'gasPrice': 27994656045, 'to': '0x1F3870c0513bb839472365e003865A655D5b0C61', 'data': '0x02ec06be0000000000000000000000000000000000000000000000000000000000000020000000000000000000000000000000000000000000000000000000000000002e516d6176733843625a6a654744584c31316132646d646a5a544341586e75344e454436705934554c457061596b36000000000000000000000000000000000000'}
2025-09-26 23:21:34,180 - INFO - services.core.blockchain - [Web3] [TX] signed_txn: SignedTransaction(raw_transaction=HexBytes('0xf8ed81968506849c8d2d8303e5e2941f3870c0513bb839472365e003865a655d5b0c6180b88402ec06be0000000000000000000000000000000000000000000000000000000000000020000000000000000000000000000000000000000000000000000000000000002e516d6176733843625a6a654744584c31316132646d646a5a544341586e75344e454436705934554c457061596b36000000000000000000000000000000000000820135a0fafef0e9a74ee5f96392eb05292a7e0c5ae323eb0eabfe5b6e3cfce4c123c39ca040ccf50bce975633bf6cf7456f400de32189c4a8d4bce132af74e825a1794d0c'), hash=HexBytes('0x21f42769451f1d49094049925ceb95df67baca5d8db34a16712e1b63b9b33eb0'), r=113528654018680719496222080118010885338825785313851215354479372708556128371612, s=29310150356714804688172092197531107740266140753034184103271766225851027901708, v=309), type: <class 'eth_account.datastructures.SignedTransaction'>
2025-09-26 23:21:34,232 - INFO - services.core.blockchain - [Web3] Транзакция ProductRegistry.createProduct отправлена: 21f42769451f1d49094049925ceb95df67baca5d8db34a16712e1b63b9b33eb0
2025-09-26 23:21:35,591 - INFO - services.core.blockchain - [Web3] Транзакция 21f42769451f1d49094049925ceb95df67baca5d8db34a16712e1b63b9b33eb0 подтверждена
2025-09-26 23:21:35,592 - INFO - services.core.blockchain - Created product with CID Qmavs8CbZjeGDXL11a2dmdjZTCAXnu4NED6pY4ULEpaYk6, tx_hash: 21f42769451f1d49094049925ceb95df67baca5d8db34a16712e1b63b9b33eb0
2025-09-26 23:21:35,592 - INFO - __main__ - ✅ Продукт amanita_tincture успешно загружен в смарт контракт. TX: 21f42769451f1d49094049925ceb95df67baca5d8db34a16712e1b63b9b33eb0
2025-09-26 23:21:35,592 - INFO - services.product.registry - [ProductRegistry] Создание продукта в смарт-контракте с CID: QmWGkSCke5cpwvUjy9JRnaqxjHAbf2QwmqpaATZHMK9yNT
2025-09-26 23:21:35,592 - INFO - services.product.registry - [ProductRegistry] Продукт успешно создан. Хэш транзакции: <coroutine object BlockchainService.create_product at 0x104016b40>
2025-09-26 23:21:35,592 - INFO - services.core.blockchain - [Web3] [TX] account.address: 0x21d994213d88b4ccDA265036557788B9B910610D
2025-09-26 23:21:35,593 - INFO - services.core.blockchain - [Web3] [TX] func: <Function createProduct>, args: ('QmWGkSCke5cpwvUjy9JRnaqxjHAbf2QwmqpaATZHMK9yNT',), kwargs: {}
2025-09-26 23:21:35,870 - INFO - services.core.blockchain - [Web3] [GAS] estimated: 212882, with multiplier (1.2): 255458
2025-09-26 23:21:35,971 - INFO - services.core.blockchain - [Web3] [TX] txn (build_transaction): {'value': 0, 'chainId': 137, 'from': '0x21d994213d88b4ccDA265036557788B9B910610D', 'nonce': 151, 'gas': 255458, 'gasPrice': 27994656021, 'to': '0x1F3870c0513bb839472365e003865A655D5b0C61', 'data': '0x02ec06be0000000000000000000000000000000000000000000000000000000000000020000000000000000000000000000000000000000000000000000000000000002e516d57476b53436b653563707776556a79394a526e6171786a484162663251776d71706141545a484d4b39794e54000000000000000000000000000000000000'}
2025-09-26 23:21:35,975 - INFO - services.core.blockchain - [Web3] [TX] signed_txn: SignedTransaction(raw_transaction=HexBytes('0xf8ed81978506849c8d158303e5e2941f3870c0513bb839472365e003865a655d5b0c6180b88402ec06be0000000000000000000000000000000000000000000000000000000000000020000000000000000000000000000000000000000000000000000000000000002e516d57476b53436b653563707776556a79394a526e6171786a484162663251776d71706141545a484d4b39794e54000000000000000000000000000000000000820136a04ce0fd02af457c672296427bf360fd547c25ab2f5f7f53a1fe589e44f284b6cda069f352d5f3d279430e741b61444aad6ce20b7d96f5c01bbcd52d55b87be97a0a'), hash=HexBytes('0x0c321dd76416da8c90e9da7cce63b1f11af52116532c49f1c492f74138c2290e'), r=34773296449042470856457130327785411273027961969005737034064965008783728490189, s=47922764649330665825746955158123357105515581606170718484761542027079817198090, v=310), type: <class 'eth_account.datastructures.SignedTransaction'>
2025-09-26 23:21:36,027 - INFO - services.core.blockchain - [Web3] Транзакция ProductRegistry.createProduct отправлена: 0c321dd76416da8c90e9da7cce63b1f11af52116532c49f1c492f74138c2290e
2025-09-26 23:21:37,544 - INFO - services.core.blockchain - [Web3] Транзакция 0c321dd76416da8c90e9da7cce63b1f11af52116532c49f1c492f74138c2290e подтверждена
2025-09-26 23:21:37,544 - INFO - services.core.blockchain - Created product with CID QmWGkSCke5cpwvUjy9JRnaqxjHAbf2QwmqpaATZHMK9yNT, tx_hash: 0c321dd76416da8c90e9da7cce63b1f11af52116532c49f1c492f74138c2290e
2025-09-26 23:21:37,544 - INFO - __main__ - ✅ Продукт blue_lotus_tincture успешно загружен в смарт контракт. TX: 0c321dd76416da8c90e9da7cce63b1f11af52116532c49f1c492f74138c2290e
2025-09-26 23:21:37,544 - INFO - services.product.registry - [ProductRegistry] Создание продукта в смарт-контракте с CID: QmV5Vt7cGMo7nVeUpUJjeMA2kzNWtPZLYqrQMTmREHQkwb
2025-09-26 23:21:37,545 - INFO - services.product.registry - [ProductRegistry] Продукт успешно создан. Хэш транзакции: <coroutine object BlockchainService.create_product at 0x104016b40>
2025-09-26 23:21:37,545 - INFO - services.core.blockchain - [Web3] [TX] account.address: 0x21d994213d88b4ccDA265036557788B9B910610D
2025-09-26 23:21:37,546 - INFO - services.core.blockchain - [Web3] [TX] func: <Function createProduct>, args: ('QmV5Vt7cGMo7nVeUpUJjeMA2kzNWtPZLYqrQMTmREHQkwb',), kwargs: {}
2025-09-26 23:21:37,831 - INFO - services.core.blockchain - [Web3] [GAS] estimated: 212882, with multiplier (1.2): 255458
2025-09-26 23:21:37,931 - INFO - services.core.blockchain - [Web3] [TX] txn (build_transaction): {'value': 0, 'chainId': 137, 'from': '0x21d994213d88b4ccDA265036557788B9B910610D', 'nonce': 152, 'gas': 255458, 'gasPrice': 27994655990, 'to': '0x1F3870c0513bb839472365e003865A655D5b0C61', 'data': '0x02ec06be0000000000000000000000000000000000000000000000000000000000000020000000000000000000000000000000000000000000000000000000000000002e516d563556743763474d6f376e56655570554a6a654d41326b7a4e5774505a4c597172514d546d524548516b7762000000000000000000000000000000000000'}
2025-09-26 23:21:37,932 - INFO - services.core.blockchain - [Web3] [TX] signed_txn: SignedTransaction(raw_transaction=HexBytes('0xf8ed81988506849c8cf68303e5e2941f3870c0513bb839472365e003865a655d5b0c6180b88402ec06be0000000000000000000000000000000000000000000000000000000000000020000000000000000000000000000000000000000000000000000000000000002e516d563556743763474d6f376e56655570554a6a654d41326b7a4e5774505a4c597172514d546d524548516b7762000000000000000000000000000000000000820135a0f9e46a6a6676314d5729ac44875e908ec23b700a0c22012efb89356d7f67f1aea077180ba3f7320d057ace1da0e15947f26a0257877f3aa4f2b6f27537557edda2'), hash=HexBytes('0x637db1f528f184bc268234755b75f85b657fc98c0a34055294f3319e53dac725'), r=113029474881660384209904030238783929710123131762667405849061657863880016654766, s=53867713650677228655782920010581514604716983195654783474495639332457520487842, v=309), type: <class 'eth_account.datastructures.SignedTransaction'>
2025-09-26 23:21:37,983 - INFO - services.core.blockchain - [Web3] Транзакция ProductRegistry.createProduct отправлена: 637db1f528f184bc268234755b75f85b657fc98c0a34055294f3319e53dac725
2025-09-26 23:21:40,312 - INFO - services.core.blockchain - [Web3] Транзакция 637db1f528f184bc268234755b75f85b657fc98c0a34055294f3319e53dac725 подтверждена
2025-09-26 23:21:40,313 - INFO - services.core.blockchain - Created product with CID QmV5Vt7cGMo7nVeUpUJjeMA2kzNWtPZLYqrQMTmREHQkwb, tx_hash: 637db1f528f184bc268234755b75f85b657fc98c0a34055294f3319e53dac725
2025-09-26 23:21:40,313 - INFO - __main__ - ✅ Продукт blue_lotus_flowers успешно загружен в смарт контракт. TX: 637db1f528f184bc268234755b75f85b657fc98c0a34055294f3319e53dac725
2025-09-26 23:21:40,313 - INFO - services.product.registry - [ProductRegistry] Создание продукта в смарт-контракте с CID: QmZff46WWYo4Z7PKW7iKGo7AVXMJZ5mK4EjSMjVsuSE6nf
2025-09-26 23:21:40,313 - INFO - services.product.registry - [ProductRegistry] Продукт успешно создан. Хэш транзакции: <coroutine object BlockchainService.create_product at 0x104016b40>
2025-09-26 23:21:40,314 - INFO - services.core.blockchain - [Web3] [TX] account.address: 0x21d994213d88b4ccDA265036557788B9B910610D
2025-09-26 23:21:40,314 - INFO - services.core.blockchain - [Web3] [TX] func: <Function createProduct>, args: ('QmZff46WWYo4Z7PKW7iKGo7AVXMJZ5mK4EjSMjVsuSE6nf',), kwargs: {}
2025-09-26 23:21:40,536 - INFO - services.core.blockchain - [Web3] [GAS] estimated: 212882, with multiplier (1.2): 255458
2025-09-26 23:21:40,644 - INFO - services.core.blockchain - [Web3] [TX] txn (build_transaction): {'value': 0, 'chainId': 137, 'from': '0x21d994213d88b4ccDA265036557788B9B910610D', 'nonce': 153, 'gas': 255458, 'gasPrice': 27994655958, 'to': '0x1F3870c0513bb839472365e003865A655D5b0C61', 'data': '0x02ec06be0000000000000000000000000000000000000000000000000000000000000020000000000000000000000000000000000000000000000000000000000000002e516d5a666634365757596f345a37504b5737694b476f374156584d4a5a356d4b34456a534d6a5673755345366e66000000000000000000000000000000000000'}
2025-09-26 23:21:40,646 - INFO - services.core.blockchain - [Web3] [TX] signed_txn: SignedTransaction(raw_transaction=HexBytes('0xf8ed81998506849c8cd68303e5e2941f3870c0513bb839472365e003865a655d5b0c6180b88402ec06be0000000000000000000000000000000000000000000000000000000000000020000000000000000000000000000000000000000000000000000000000000002e516d5a666634365757596f345a37504b5737694b476f374156584d4a5a356d4b34456a534d6a5673755345366e66000000000000000000000000000000000000820135a031c0f2c662c209e8ad7fc11d8983453407286740113f7b9add2b199b4cecf270a0539d69c141cb2f96d198dcdd09fe8e92671ced78e03f86244caffa4da0b583da'), hash=HexBytes('0xaeb4f989c91e359cf738387bb695ae2c2db0f8e36715051da10232d0dc4a618f'), r=22504239788103293711368983348026275535813404046572559595760648319564503642736, s=37820091315146321131534559277165615585855982154568429872067531479432901788634, v=309), type: <class 'eth_account.datastructures.SignedTransaction'>
2025-09-26 23:21:40,700 - INFO - services.core.blockchain - [Web3] Транзакция ProductRegistry.createProduct отправлена: aeb4f989c91e359cf738387bb695ae2c2db0f8e36715051da10232d0dc4a618f
2025-09-26 23:21:44,078 - INFO - services.core.blockchain - [Web3] Транзакция aeb4f989c91e359cf738387bb695ae2c2db0f8e36715051da10232d0dc4a618f подтверждена
2025-09-26 23:21:44,078 - INFO - services.core.blockchain - Created product with CID QmZff46WWYo4Z7PKW7iKGo7AVXMJZ5mK4EjSMjVsuSE6nf, tx_hash: aeb4f989c91e359cf738387bb695ae2c2db0f8e36715051da10232d0dc4a618f
2025-09-26 23:21:44,079 - INFO - __main__ - ✅ Продукт chaga_chunks успешно загружен в смарт контракт. TX: aeb4f989c91e359cf738387bb695ae2c2db0f8e36715051da10232d0dc4a618f
2025-09-26 23:21:44,079 - INFO - services.product.registry - [ProductRegistry] Создание продукта в смарт-контракте с CID: QmNc36zuqDbywY7cnn9dKcL9Bj1ApPkEQjajf45x4MpTtT
2025-09-26 23:21:44,079 - INFO - services.product.registry - [ProductRegistry] Продукт успешно создан. Хэш транзакции: <coroutine object BlockchainService.create_product at 0x104016b40>
2025-09-26 23:21:44,079 - INFO - services.core.blockchain - [Web3] [TX] account.address: 0x21d994213d88b4ccDA265036557788B9B910610D
2025-09-26 23:21:44,079 - INFO - services.core.blockchain - [Web3] [TX] func: <Function createProduct>, args: ('QmNc36zuqDbywY7cnn9dKcL9Bj1ApPkEQjajf45x4MpTtT',), kwargs: {}
2025-09-26 23:21:44,368 - INFO - services.core.blockchain - [Web3] [GAS] estimated: 212882, with multiplier (1.2): 255458
2025-09-26 23:21:44,477 - INFO - services.core.blockchain - [Web3] [TX] txn (build_transaction): {'value': 0, 'chainId': 137, 'from': '0x21d994213d88b4ccDA265036557788B9B910610D', 'nonce': 154, 'gas': 255458, 'gasPrice': 27994655980, 'to': '0x1F3870c0513bb839472365e003865A655D5b0C61', 'data': '0x02ec06be0000000000000000000000000000000000000000000000000000000000000020000000000000000000000000000000000000000000000000000000000000002e516d4e6333367a7571446279775937636e6e39644b634c39426a314170506b45516a616a66343578344d70547454000000000000000000000000000000000000'}
2025-09-26 23:21:44,478 - INFO - services.core.blockchain - [Web3] [TX] signed_txn: SignedTransaction(raw_transaction=HexBytes('0xf8ed819a8506849c8cec8303e5e2941f3870c0513bb839472365e003865a655d5b0c6180b88402ec06be0000000000000000000000000000000000000000000000000000000000000020000000000000000000000000000000000000000000000000000000000000002e516d4e6333367a7571446279775937636e6e39644b634c39426a314170506b45516a616a66343578344d70547454000000000000000000000000000000000000820135a0af03593f1466b22197ad9bd097e723603e03bebe9a5b716306752d87eaa4a8d5a055c5f76dad7006f48d9549345b2abea22dc1031034de039c15a93c561bd545a1'), hash=HexBytes('0x2e52d71849d073d3e8b6edee1664811931b410ace56475db24092da624a135b3'), r=79160664999315949954406074171153617266128044509526809214180524984084906420437, s=38796368689585940476313781977405720150077102419763936251203068377873167762849, v=309), type: <class 'eth_account.datastructures.SignedTransaction'>
2025-09-26 23:21:44,529 - INFO - services.core.blockchain - [Web3] Транзакция ProductRegistry.createProduct отправлена: 2e52d71849d073d3e8b6edee1664811931b410ace56475db24092da624a135b3
2025-09-26 23:21:47,615 - INFO - services.core.blockchain - [Web3] Транзакция 2e52d71849d073d3e8b6edee1664811931b410ace56475db24092da624a135b3 подтверждена
2025-09-26 23:21:47,615 - INFO - services.core.blockchain - Created product with CID QmNc36zuqDbywY7cnn9dKcL9Bj1ApPkEQjajf45x4MpTtT, tx_hash: 2e52d71849d073d3e8b6edee1664811931b410ace56475db24092da624a135b3
2025-09-26 23:21:47,615 - INFO - __main__ - ✅ Продукт cordyceps_militaris_powder успешно загружен в смарт контракт. TX: 2e52d71849d073d3e8b6edee1664811931b410ace56475db24092da624a135b3
2025-09-26 23:21:47,615 - INFO - services.product.registry - [ProductRegistry] Создание продукта в смарт-контракте с CID: QmWBFYt5fZc9sxHu18YfwSZwHxm25AnFxvmCXDumMNivQi
2025-09-26 23:21:47,616 - INFO - services.product.registry - [ProductRegistry] Продукт успешно создан. Хэш транзакции: <coroutine object BlockchainService.create_product at 0x104016b40>
2025-09-26 23:21:47,616 - INFO - services.core.blockchain - [Web3] [TX] account.address: 0x21d994213d88b4ccDA265036557788B9B910610D
2025-09-26 23:21:47,616 - INFO - services.core.blockchain - [Web3] [TX] func: <Function createProduct>, args: ('QmWBFYt5fZc9sxHu18YfwSZwHxm25AnFxvmCXDumMNivQi',), kwargs: {}
2025-09-26 23:21:47,894 - INFO - services.core.blockchain - [Web3] [GAS] estimated: 212882, with multiplier (1.2): 255458
2025-09-26 23:21:47,991 - INFO - services.core.blockchain - [Web3] [TX] txn (build_transaction): {'value': 0, 'chainId': 137, 'from': '0x21d994213d88b4ccDA265036557788B9B910610D', 'nonce': 155, 'gas': 255458, 'gasPrice': 27994655986, 'to': '0x1F3870c0513bb839472365e003865A655D5b0C61', 'data': '0x02ec06be0000000000000000000000000000000000000000000000000000000000000020000000000000000000000000000000000000000000000000000000000000002e516d574246597435665a6339737848753138596677535a7748786d3235416e4678766d435844756d4d4e69765169000000000000000000000000000000000000'}
2025-09-26 23:21:47,993 - INFO - services.core.blockchain - [Web3] [TX] signed_txn: SignedTransaction(raw_transaction=HexBytes('0xf8ed819b8506849c8cf28303e5e2941f3870c0513bb839472365e003865a655d5b0c6180b88402ec06be0000000000000000000000000000000000000000000000000000000000000020000000000000000000000000000000000000000000000000000000000000002e516d574246597435665a6339737848753138596677535a7748786d3235416e4678766d435844756d4d4e69765169000000000000000000000000000000000000820136a0f0f518febc96aa5eb76c37f5b76705ca26b1effefc2a1461ec7fb848d22e8627a054c5ee2eb22fce605fcfeca027fae84a5ca9da914e39af8b4ae58e04fcce1ffa'), hash=HexBytes('0xd8133d31025113fb5fc698b16692e099b583370169fa770835b5d548b42a212f'), r=108988133700454104828740008318987854767828815646020095276074568072449443661351, s=38343992027309055409137874857870367955249151452931486581315920754905938010106, v=310), type: <class 'eth_account.datastructures.SignedTransaction'>
2025-09-26 23:21:48,045 - INFO - services.core.blockchain - [Web3] Транзакция ProductRegistry.createProduct отправлена: d8133d31025113fb5fc698b16692e099b583370169fa770835b5d548b42a212f
2025-09-26 23:21:50,000 - INFO - services.core.blockchain - [Web3] Транзакция d8133d31025113fb5fc698b16692e099b583370169fa770835b5d548b42a212f подтверждена
2025-09-26 23:21:50,000 - INFO - services.core.blockchain - Created product with CID QmWBFYt5fZc9sxHu18YfwSZwHxm25AnFxvmCXDumMNivQi, tx_hash: d8133d31025113fb5fc698b16692e099b583370169fa770835b5d548b42a212f
2025-09-26 23:21:50,000 - INFO - __main__ - ✅ Продукт cordyceps_militaris_dried_bodies успешно загружен в смарт контракт. TX: d8133d31025113fb5fc698b16692e099b583370169fa770835b5d548b42a212f
2025-09-26 23:21:50,000 - INFO - services.product.registry - [ProductRegistry] Создание продукта в смарт-контракте с CID: Qmbw9yEByqo9nDCLnYXADSBJG86xTiM5GH8UJsDRHD9m3c
2025-09-26 23:21:50,000 - INFO - services.product.registry - [ProductRegistry] Продукт успешно создан. Хэш транзакции: <coroutine object BlockchainService.create_product at 0x104016b40>
2025-09-26 23:21:50,001 - INFO - services.core.blockchain - [Web3] [TX] account.address: 0x21d994213d88b4ccDA265036557788B9B910610D
2025-09-26 23:21:50,001 - INFO - services.core.blockchain - [Web3] [TX] func: <Function createProduct>, args: ('Qmbw9yEByqo9nDCLnYXADSBJG86xTiM5GH8UJsDRHD9m3c',), kwargs: {}
2025-09-26 23:21:50,283 - INFO - services.core.blockchain - [Web3] [GAS] estimated: 212882, with multiplier (1.2): 255458
2025-09-26 23:21:50,387 - INFO - services.core.blockchain - [Web3] [TX] txn (build_transaction): {'value': 0, 'chainId': 137, 'from': '0x21d994213d88b4ccDA265036557788B9B910610D', 'nonce': 156, 'gas': 255458, 'gasPrice': 27994655959, 'to': '0x1F3870c0513bb839472365e003865A655D5b0C61', 'data': '0x02ec06be0000000000000000000000000000000000000000000000000000000000000020000000000000000000000000000000000000000000000000000000000000002e516d62773979454279716f396e44434c6e5958414453424a4738367854694d35474838554a7344524844396d3363000000000000000000000000000000000000'}
2025-09-26 23:21:50,389 - INFO - services.core.blockchain - [Web3] [TX] signed_txn: SignedTransaction(raw_transaction=HexBytes('0xf8ed819c8506849c8cd78303e5e2941f3870c0513bb839472365e003865a655d5b0c6180b88402ec06be0000000000000000000000000000000000000000000000000000000000000020000000000000000000000000000000000000000000000000000000000000002e516d62773979454279716f396e44434c6e5958414453424a4738367854694d35474838554a7344524844396d3363000000000000000000000000000000000000820136a0d8a1b862b6550ed213adb4d4a3cba013df5ab46d942cee47db789721edc9720fa05db97a4ff39f2b49dbda2f2b3480a736e57f0791a6696ae85c5bc99a9b9ba4d8'), hash=HexBytes('0x3c8e84f5733663dbd4bfe847403bfe7753520b0ed4ca5c3ddc0dfa947d77ec34'), r=97985310254019270481527501444857606209421682549519228638531337139333056000527, s=42392805793774235616942674156683898086361832240422169453044238485880989000920, v=310), type: <class 'eth_account.datastructures.SignedTransaction'>
2025-09-26 23:21:50,442 - INFO - services.core.blockchain - [Web3] Транзакция ProductRegistry.createProduct отправлена: 3c8e84f5733663dbd4bfe847403bfe7753520b0ed4ca5c3ddc0dfa947d77ec34
2025-09-26 23:21:51,436 - INFO - services.core.blockchain - [Web3] Транзакция 3c8e84f5733663dbd4bfe847403bfe7753520b0ed4ca5c3ddc0dfa947d77ec34 подтверждена
2025-09-26 23:21:51,436 - INFO - services.core.blockchain - Created product with CID Qmbw9yEByqo9nDCLnYXADSBJG86xTiM5GH8UJsDRHD9m3c, tx_hash: 3c8e84f5733663dbd4bfe847403bfe7753520b0ed4ca5c3ddc0dfa947d77ec34
2025-09-26 23:21:51,436 - INFO - __main__ - ✅ Продукт chanterelle_dried успешно загружен в смарт контракт. TX: 3c8e84f5733663dbd4bfe847403bfe7753520b0ed4ca5c3ddc0dfa947d77ec34
2025-09-26 23:21:51,436 - INFO - services.product.registry - [ProductRegistry] Создание продукта в смарт-контракте с CID: Qma97b51NoAUQV5age2ThLoAqKcjtHNMjxKCKzsfk8k3U9
2025-09-26 23:21:51,436 - INFO - services.product.registry - [ProductRegistry] Продукт успешно создан. Хэш транзакции: <coroutine object BlockchainService.create_product at 0x104016b40>
2025-09-26 23:21:51,436 - INFO - services.core.blockchain - [Web3] [TX] account.address: 0x21d994213d88b4ccDA265036557788B9B910610D
2025-09-26 23:21:51,436 - INFO - services.core.blockchain - [Web3] [TX] func: <Function createProduct>, args: ('Qma97b51NoAUQV5age2ThLoAqKcjtHNMjxKCKzsfk8k3U9',), kwargs: {}
2025-09-26 23:21:51,711 - INFO - services.core.blockchain - [Web3] [GAS] estimated: 212882, with multiplier (1.2): 255458
2025-09-26 23:21:51,817 - INFO - services.core.blockchain - [Web3] [TX] txn (build_transaction): {'value': 0, 'chainId': 137, 'from': '0x21d994213d88b4ccDA265036557788B9B910610D', 'nonce': 157, 'gas': 255458, 'gasPrice': 27994655963, 'to': '0x1F3870c0513bb839472365e003865A655D5b0C61', 'data': '0x02ec06be0000000000000000000000000000000000000000000000000000000000000020000000000000000000000000000000000000000000000000000000000000002e516d6139376235314e6f41555156356167653254684c6f41714b636a74484e4d6a784b434b7a73666b386b335539000000000000000000000000000000000000'}
2025-09-26 23:21:51,819 - INFO - services.core.blockchain - [Web3] [TX] signed_txn: SignedTransaction(raw_transaction=HexBytes('0xf8ed819d8506849c8cdb8303e5e2941f3870c0513bb839472365e003865a655d5b0c6180b88402ec06be0000000000000000000000000000000000000000000000000000000000000020000000000000000000000000000000000000000000000000000000000000002e516d6139376235314e6f41555156356167653254684c6f41714b636a74484e4d6a784b434b7a73666b386b335539000000000000000000000000000000000000820136a007249ce4bd0157b838636ea2a4a3b0e49215711f7bf372fd21d5772328b5d198a003271857663476c4720ceb0571331c9f22fc31351f9ea4df1b5c913edd645fe2'), hash=HexBytes('0x60ce9f31c23a918a20d0ad6faa7c274ee8477d9a0aeefd249321a5d17b912001'), r=3230879273617401454250828982436530282031628137679710402426768242015292739992, s=1426013579467275330845962241735436044507851825744471189177081993773480959970, v=310), type: <class 'eth_account.datastructures.SignedTransaction'>
2025-09-26 23:21:51,871 - INFO - services.core.blockchain - [Web3] Транзакция ProductRegistry.createProduct отправлена: 60ce9f31c23a918a20d0ad6faa7c274ee8477d9a0aeefd249321a5d17b912001
2025-09-26 23:21:53,679 - INFO - services.core.blockchain - [Web3] Транзакция 60ce9f31c23a918a20d0ad6faa7c274ee8477d9a0aeefd249321a5d17b912001 подтверждена
2025-09-26 23:21:53,679 - INFO - services.core.blockchain - Created product with CID Qma97b51NoAUQV5age2ThLoAqKcjtHNMjxKCKzsfk8k3U9, tx_hash: 60ce9f31c23a918a20d0ad6faa7c274ee8477d9a0aeefd249321a5d17b912001
2025-09-26 23:21:53,679 - INFO - __main__ - ✅ Продукт chanterelle_powder успешно загружен в смарт контракт. TX: 60ce9f31c23a918a20d0ad6faa7c274ee8477d9a0aeefd249321a5d17b912001
2025-09-26 23:21:53,679 - INFO - services.product.registry - [ProductRegistry] Создание продукта в смарт-контракте с CID: QmbjJfVZqNA1ox5gJsNGkQsyvaEC2mfwReZ4GnevubxdTi
2025-09-26 23:21:53,679 - INFO - services.product.registry - [ProductRegistry] Продукт успешно создан. Хэш транзакции: <coroutine object BlockchainService.create_product at 0x104016b40>
2025-09-26 23:21:53,680 - INFO - services.core.blockchain - [Web3] [TX] account.address: 0x21d994213d88b4ccDA265036557788B9B910610D
2025-09-26 23:21:53,680 - INFO - services.core.blockchain - [Web3] [TX] func: <Function createProduct>, args: ('QmbjJfVZqNA1ox5gJsNGkQsyvaEC2mfwReZ4GnevubxdTi',), kwargs: {}
2025-09-26 23:21:53,966 - INFO - services.core.blockchain - [Web3] [GAS] estimated: 212882, with multiplier (1.2): 255458
2025-09-26 23:21:54,069 - INFO - services.core.blockchain - [Web3] [TX] txn (build_transaction): {'value': 0, 'chainId': 137, 'from': '0x21d994213d88b4ccDA265036557788B9B910610D', 'nonce': 158, 'gas': 255458, 'gasPrice': 27994655928, 'to': '0x1F3870c0513bb839472365e003865A655D5b0C61', 'data': '0x02ec06be0000000000000000000000000000000000000000000000000000000000000020000000000000000000000000000000000000000000000000000000000000002e516d626a4a66565a714e41316f7835674a734e476b51737976614543326d667752655a34476e6576756278645469000000000000000000000000000000000000'}
2025-09-26 23:21:54,070 - INFO - services.core.blockchain - [Web3] [TX] signed_txn: SignedTransaction(raw_transaction=HexBytes('0xf8ed819e8506849c8cb88303e5e2941f3870c0513bb839472365e003865a655d5b0c6180b88402ec06be0000000000000000000000000000000000000000000000000000000000000020000000000000000000000000000000000000000000000000000000000000002e516d626a4a66565a714e41316f7835674a734e476b51737976614543326d667752655a34476e6576756278645469000000000000000000000000000000000000820136a0b87d28bfe7202b88361b9ba3456ebc28a179ed50159a6cfb796ca1e4a806c9ffa0336a1b9a211785b9f3639d28d8ec74cdad9bc5ece9e41c5b1c41ec857ae19a98'), hash=HexBytes('0xb9abb9e3f597518e95959ef9517583f853ab122cce5dc3d1e80e56f10fc6e7bf'), r=83446701265962371915456995223487872792538888034011055530306852212116482869759, s=23255431569081226798654726189341144585845008486115627114146202447852630809240, v=310), type: <class 'eth_account.datastructures.SignedTransaction'>
2025-09-26 23:21:54,126 - INFO - services.core.blockchain - [Web3] Транзакция ProductRegistry.createProduct отправлена: b9abb9e3f597518e95959ef9517583f853ab122cce5dc3d1e80e56f10fc6e7bf
2025-09-26 23:21:55,360 - INFO - services.core.blockchain - [Web3] Транзакция b9abb9e3f597518e95959ef9517583f853ab122cce5dc3d1e80e56f10fc6e7bf подтверждена
2025-09-26 23:21:55,360 - INFO - services.core.blockchain - Created product with CID QmbjJfVZqNA1ox5gJsNGkQsyvaEC2mfwReZ4GnevubxdTi, tx_hash: b9abb9e3f597518e95959ef9517583f853ab122cce5dc3d1e80e56f10fc6e7bf
2025-09-26 23:21:55,360 - INFO - __main__ - ✅ Продукт aspen_bark_dried_strips успешно загружен в смарт контракт. TX: b9abb9e3f597518e95959ef9517583f853ab122cce5dc3d1e80e56f10fc6e7bf
2025-09-26 23:21:55,361 - INFO - services.product.registry - [ProductRegistry] Создание продукта в смарт-контракте с CID: QmNqWF8AbWaq8zizvo3EhfrVTJxY1yseuq3p9UmWWYUKYp
2025-09-26 23:21:55,361 - INFO - services.product.registry - [ProductRegistry] Продукт успешно создан. Хэш транзакции: <coroutine object BlockchainService.create_product at 0x104016b40>
2025-09-26 23:21:55,361 - INFO - services.core.blockchain - [Web3] [TX] account.address: 0x21d994213d88b4ccDA265036557788B9B910610D
2025-09-26 23:21:55,362 - INFO - services.core.blockchain - [Web3] [TX] func: <Function createProduct>, args: ('QmNqWF8AbWaq8zizvo3EhfrVTJxY1yseuq3p9UmWWYUKYp',), kwargs: {}
2025-09-26 23:21:55,647 - INFO - services.core.blockchain - [Web3] [GAS] estimated: 212882, with multiplier (1.2): 255458
2025-09-26 23:21:55,755 - INFO - services.core.blockchain - [Web3] [TX] txn (build_transaction): {'value': 0, 'chainId': 137, 'from': '0x21d994213d88b4ccDA265036557788B9B910610D', 'nonce': 159, 'gas': 255458, 'gasPrice': 27994655916, 'to': '0x1F3870c0513bb839472365e003865A655D5b0C61', 'data': '0x02ec06be0000000000000000000000000000000000000000000000000000000000000020000000000000000000000000000000000000000000000000000000000000002e516d4e715746384162576171387a697a766f334568667256544a7859317973657571337039556d575759554b5970000000000000000000000000000000000000'}
2025-09-26 23:21:55,758 - INFO - services.core.blockchain - [Web3] [TX] signed_txn: SignedTransaction(raw_transaction=HexBytes('0xf8ed819f8506849c8cac8303e5e2941f3870c0513bb839472365e003865a655d5b0c6180b88402ec06be0000000000000000000000000000000000000000000000000000000000000020000000000000000000000000000000000000000000000000000000000000002e516d4e715746384162576171387a697a766f334568667256544a7859317973657571337039556d575759554b5970000000000000000000000000000000000000820136a0a89cf287d26c9fd712bb4b229d082d5056593886b0137ac528163a5ef8b9a338a0061143286fb12a3c7e33caf29013c098f6c726f4e00fffa74ff033995d0ef72b'), hash=HexBytes('0xb25e1587713e3ef9489c7df9b9588b7c1e559a134f3dbbe594fee89c480fdc68'), r=76265860588463171310536274739146420377351556575322573035032116742922058703672, s=2744376998766478340631956797204548560025353109742527782458636362093043840811, v=310), type: <class 'eth_account.datastructures.SignedTransaction'>
2025-09-26 23:21:55,808 - INFO - services.core.blockchain - [Web3] Транзакция ProductRegistry.createProduct отправлена: b25e1587713e3ef9489c7df9b9588b7c1e559a134f3dbbe594fee89c480fdc68
2025-09-26 23:21:57,649 - INFO - services.core.blockchain - [Web3] Транзакция b25e1587713e3ef9489c7df9b9588b7c1e559a134f3dbbe594fee89c480fdc68 подтверждена
2025-09-26 23:21:57,649 - INFO - services.core.blockchain - Created product with CID QmNqWF8AbWaq8zizvo3EhfrVTJxY1yseuq3p9UmWWYUKYp, tx_hash: b25e1587713e3ef9489c7df9b9588b7c1e559a134f3dbbe594fee89c480fdc68
2025-09-26 23:21:57,650 - INFO - __main__ - ✅ Продукт lions_mane_powder успешно загружен в смарт контракт. TX: b25e1587713e3ef9489c7df9b9588b7c1e559a134f3dbbe594fee89c480fdc68
2025-09-26 23:21:57,650 - INFO - services.product.registry - [ProductRegistry] Создание продукта в смарт-контракте с CID: QmdTAvmydVok9HYDz4ivXYCWzbyi5aAZgjxzjhjQGPad5c
2025-09-26 23:21:57,650 - INFO - services.product.registry - [ProductRegistry] Продукт успешно создан. Хэш транзакции: <coroutine object BlockchainService.create_product at 0x104016b40>
2025-09-26 23:21:57,651 - INFO - services.core.blockchain - [Web3] [TX] account.address: 0x21d994213d88b4ccDA265036557788B9B910610D
2025-09-26 23:21:57,651 - INFO - services.core.blockchain - [Web3] [TX] func: <Function createProduct>, args: ('QmdTAvmydVok9HYDz4ivXYCWzbyi5aAZgjxzjhjQGPad5c',), kwargs: {}
2025-09-26 23:21:57,874 - INFO - services.core.blockchain - [Web3] [GAS] estimated: 212882, with multiplier (1.2): 255458
2025-09-26 23:21:57,984 - INFO - services.core.blockchain - [Web3] [TX] txn (build_transaction): {'value': 0, 'chainId': 137, 'from': '0x21d994213d88b4ccDA265036557788B9B910610D', 'nonce': 160, 'gas': 255458, 'gasPrice': 27994655875, 'to': '0x1F3870c0513bb839472365e003865A655D5b0C61', 'data': '0x02ec06be0000000000000000000000000000000000000000000000000000000000000020000000000000000000000000000000000000000000000000000000000000002e516d645441766d7964566f6b394859447a346976585943577a6279693561415a676a787a6a686a51475061643563000000000000000000000000000000000000'}
2025-09-26 23:21:57,986 - INFO - services.core.blockchain - [Web3] [TX] signed_txn: SignedTransaction(raw_transaction=HexBytes('0xf8ed81a08506849c8c838303e5e2941f3870c0513bb839472365e003865a655d5b0c6180b88402ec06be0000000000000000000000000000000000000000000000000000000000000020000000000000000000000000000000000000000000000000000000000000002e516d645441766d7964566f6b394859447a346976585943577a6279693561415a676a787a6a686a51475061643563000000000000000000000000000000000000820135a0b3e8d9d75415c2ca3ac67cbc3b44fd0ae5673e78f4b136030b4e4c40054d439ea05917c99fa8a5a11fcbe384da7ee3bb68790dc0216cb04446a4a9986e89139a75'), hash=HexBytes('0xdcc31951bc2192e6e6a0425da4d85a81eadf25510cf3f49d1487502526212fad'), r=81375411899634240087498822859466022772645410124847766062945763025682843911070, s=40297872561808437365000991949951585039123839316396424153266086999519065774709, v=309), type: <class 'eth_account.datastructures.SignedTransaction'>
2025-09-26 23:21:58,039 - INFO - services.core.blockchain - [Web3] Транзакция ProductRegistry.createProduct отправлена: dcc31951bc2192e6e6a0425da4d85a81eadf25510cf3f49d1487502526212fad
2025-09-26 23:21:59,562 - INFO - services.core.blockchain - [Web3] Транзакция dcc31951bc2192e6e6a0425da4d85a81eadf25510cf3f49d1487502526212fad подтверждена
2025-09-26 23:21:59,562 - INFO - services.core.blockchain - Created product with CID QmdTAvmydVok9HYDz4ivXYCWzbyi5aAZgjxzjhjQGPad5c, tx_hash: dcc31951bc2192e6e6a0425da4d85a81eadf25510cf3f49d1487502526212fad
2025-09-26 23:21:59,562 - INFO - __main__ - ✅ Продукт Lion's Mane mushroom — whole dried успешно загружен в смарт контракт. TX: dcc31951bc2192e6e6a0425da4d85a81eadf25510cf3f49d1487502526212fad
2025-09-26 23:21:59,563 - INFO - __main__ - 🚀 Загружены продукты в реестр: [{'id': 'amanita1', 'ipfsCID': 'QmZVqoSXyKtSuqkFUaXnYRenGXHwhSYLEpMCrwUpSKHr2Q', 'active': True, 'tx_hash': '47e257482c250b357beb93c3ebc132d0ee742e619e651166545d0a1a9eba9672'}, {'id': 'amanita_closed_cups', 'ipfsCID': 'QmdNLN1ZNq3MVkH2iWJUjtsHSme8Lp3VhEd8x44tGU2zP8', 'active': True, 'tx_hash': '47bb0039d6286f634e37144a0deb063563d321aa49e40093851a781b44152999'}, {'id': 'amanita_broken_closed_cups', 'ipfsCID': 'QmQf2K1gTcc5xFhFvtkw4rbxGNzzrszAZxtxHnTvFRVZKw', 'active': True, 'tx_hash': '8d5f90c3686b398c0affa8d211b12214d614f0d7a8e0b1e47769106f73fcaca5'}, {'id': 'amanita_lux', 'ipfsCID': 'QmQHMTL5ep9pKfs5bnQBwUvz2FGEkN6HAjuBVRwRvQMMD7', 'active': True, 'tx_hash': '98e8f5aa6a37915b7aa4649bcba79a7d15822a5dd7e216a67e7b0485e20d6778'}, {'id': 'amanita_pantherina_whole', 'ipfsCID': 'QmechqN79C7ftRDfQNqTJ58tJEfDQRWSK3UwUEbSe6nHFn', 'active': True, 'tx_hash': '64058d0f3a77a31a5121e38bf3b74b4a84243b45fa43aa589ed69330661e9249'}, {'id': 'amanita_pantherina_powder', 'ipfsCID': 'QmZRJW6SDA7pRfBV1vvQ9eFDHgZ2xS71tX4ML1wRryQNKb', 'active': True, 'tx_hash': '1281531d6d416dd0576ca8413b2086e6ed8cdd55c4b963082f1d8d22369d530f'}, {'id': 'amanita_tincture', 'ipfsCID': 'Qmavs8CbZjeGDXL11a2dmdjZTCAXnu4NED6pY4ULEpaYk6', 'active': True, 'tx_hash': '21f42769451f1d49094049925ceb95df67baca5d8db34a16712e1b63b9b33eb0'}, {'id': 'blue_lotus_tincture', 'ipfsCID': 'QmWGkSCke5cpwvUjy9JRnaqxjHAbf2QwmqpaATZHMK9yNT', 'active': True, 'tx_hash': '0c321dd76416da8c90e9da7cce63b1f11af52116532c49f1c492f74138c2290e'}, {'id': 'blue_lotus_flowers', 'ipfsCID': 'QmV5Vt7cGMo7nVeUpUJjeMA2kzNWtPZLYqrQMTmREHQkwb', 'active': True, 'tx_hash': '637db1f528f184bc268234755b75f85b657fc98c0a34055294f3319e53dac725'}, {'id': 'chaga_chunks', 'ipfsCID': 'QmZff46WWYo4Z7PKW7iKGo7AVXMJZ5mK4EjSMjVsuSE6nf', 'active': True, 'tx_hash': 'aeb4f989c91e359cf738387bb695ae2c2db0f8e36715051da10232d0dc4a618f'}, {'id': 'cordyceps_militaris_powder', 'ipfsCID': 'QmNc36zuqDbywY7cnn9dKcL9Bj1ApPkEQjajf45x4MpTtT', 'active': True, 'tx_hash': '2e52d71849d073d3e8b6edee1664811931b410ace56475db24092da624a135b3'}, {'id': 'cordyceps_militaris_dried_bodies', 'ipfsCID': 'QmWBFYt5fZc9sxHu18YfwSZwHxm25AnFxvmCXDumMNivQi', 'active': True, 'tx_hash': 'd8133d31025113fb5fc698b16692e099b583370169fa770835b5d548b42a212f'}, {'id': 'chanterelle_dried', 'ipfsCID': 'Qmbw9yEByqo9nDCLnYXADSBJG86xTiM5GH8UJsDRHD9m3c', 'active': True, 'tx_hash': '3c8e84f5733663dbd4bfe847403bfe7753520b0ed4ca5c3ddc0dfa947d77ec34'}, {'id': 'chanterelle_powder', 'ipfsCID': 'Qma97b51NoAUQV5age2ThLoAqKcjtHNMjxKCKzsfk8k3U9', 'active': True, 'tx_hash': '60ce9f31c23a918a20d0ad6faa7c274ee8477d9a0aeefd249321a5d17b912001'}, {'id': 'aspen_bark_dried_strips', 'ipfsCID': 'QmbjJfVZqNA1ox5gJsNGkQsyvaEC2mfwReZ4GnevubxdTi', 'active': True, 'tx_hash': 'b9abb9e3f597518e95959ef9517583f853ab122cce5dc3d1e80e56f10fc6e7bf'}, {'id': 'lions_mane_powder', 'ipfsCID': 'QmNqWF8AbWaq8zizvo3EhfrVTJxY1yseuq3p9UmWWYUKYp', 'active': True, 'tx_hash': 'b25e1587713e3ef9489c7df9b9588b7c1e559a134f3dbbe594fee89c480fdc68'}, {'id': "Lion's Mane mushroom — whole dried", 'ipfsCID': 'QmdTAvmydVok9HYDz4ivXYCWzbyi5aAZgjxzjhjQGPad5c', 'active': True, 'tx_hash': 'dcc31951bc2192e6e6a0425da4d85a81eadf25510cf3f49d1487502526212fad'}]
2025-09-26 23:21:59,567 - INFO - __main__ - ✅ Процесс успешно завершен!
2025-09-26 23:21:59,567 - INFO - __main__ - ✨ Процесс успешно завершен
